id,bill_date,amount,detail,note,direction,category_l1,category,is_travel,travel_tag,travel_companions,source_batch_id,inserted_at,created_at,updated_at
8580,2026-07-27,25.0,吃,周一，1.早上去社区医院问了下有没有优思明。这个月悦姐的月经后还断断续续有点低出血，问了Gemini后感觉不像是子宫息肉，因为最近半年做过一次阴道b超和1次腹部彩超，感觉像是优思悦的雌激素含量低导致的子宫内膜不稳定，这个周期吃完切换优思明试试.2.想注销信用卡，发现都给我几十块钱的立减金，那我再用用好了；,支出,食品饮料,食品饮料,0,,,3,2026-07-28 03:08:02,2026-07-28 03:08:02,2026-07-28 03:08:02
8582,2026-07-26,42.4,雪糕,1.周天，早上被豆子和朵吵醒，八点开始就没睡了，11点去奥攀，和杜钇静，三点多回家，一直刷YouTube二爷讲故事的视频，晚上11点睡觉。2.第八次奥攀。3.和杜钇静郭博雅讨论去菲律宾的请假时间,支出,食品饮料,食品饮料,0,,,3,2026-07-28 03:08:02,2026-07-28 03:08:02,2026-07-28 03:08:02
8581,2026-07-26,80.5,吃,1.周天，早上被豆子和朵吵醒，八点开始就没睡了，11点去奥攀，和杜钇静，三点多回家，一直刷YouTube二爷讲故事的视频，晚上11点睡觉。2.第八次奥攀。3.和杜钇静郭博雅讨论去菲律宾的请假时间,支出,食品饮料,食品饮料,0,,,3,2026-07-28 03:08:02,2026-07-28 03:08:02,2026-07-28 03:08:02
8583,2026-07-25,0.0,日记,周六，上午11.00起床。休息打游戏到晚上9点，然后做印尼攻略和菲律宾薄荷岛攻略，主要看机票,支出,零金额,零金额,0,,,3,2026-07-28 03:08:02,2026-07-28 03:08:02,2026-07-28 03:08:02
8585,2026-07-24,104.5,理肤泉,周五，第七次奥攀,支出,生活支出,生活支出,0,,,3,2026-07-28 03:08:02,2026-07-28 03:08:02,2026-07-28 03:08:02
8584,2026-07-24,13.2,密封胶泥,周五，第七次奥攀,支出,生活支出,生活支出,0,,,3,2026-07-28 03:08:02,2026-07-28 03:08:02,2026-07-28 03:08:02
8586,2026-07-23,30.0,吃,周四,支出,食品饮料,食品饮料,0,,,3,2026-07-28 03:08:02,2026-07-28 03:08:02,2026-07-28 03:08:02
8587,2026-07-22,319.0,吃,周三，和杜钇静和赵洋和悦姐一起吃天婆什么府的蘑菇汤，好喝，听赵洋和杜钇静说分手和好朋友绝交的故事,支出,食品饮料,食品饮料,0,,,3,2026-07-28 03:08:02,2026-07-28 03:08:02,2026-07-28 03:08:02
8590,2026-07-21,10.0,攀岩租鞋,周二，下班带上赵洋去攀岩，次卡折算80元，赵洋体验完当天晚上就办了年卡，第六次奥攀，攀岩鞋实在不能穿了，要修鞋，寄给黄山工作室报价，说内衬没破，修鞋360就行,支出,娱乐/运动,娱乐/运动,0,,,3,2026-07-28 03:08:02,2026-07-28 03:08:02,2026-07-28 03:08:02
8589,2026-07-21,99.0,京东PLUS白条,周二，下班带上赵洋去攀岩，次卡折算80元，赵洋体验完当天晚上就办了年卡，第六次奥攀，攀岩鞋实在不能穿了，要修鞋，寄给黄山工作室报价，说内衬没破，修鞋360就行,支出,虚拟充值/通讯,虚拟充值/通讯,0,,,3,2026-07-28 03:08:02,2026-07-28 03:08:02,2026-07-28 03:08:02
8588,2026-07-21,55.0,吃,周二，下班带上赵洋去攀岩，次卡折算80元，赵洋体验完当天晚上就办了年卡，第六次奥攀，攀岩鞋实在不能穿了，要修鞋，寄给黄山工作室报价，说内衬没破，修鞋360就行,支出,食品饮料,食品饮料,0,,,3,2026-07-28 03:08:02,2026-07-28 03:08:02,2026-07-28 03:08:02
8591,2026-07-20,25.0,吃,周一，今天上班比较轻松，主要在玩cursor进行线上化部署账单和诗句系统，采用的fly方案,支出,食品饮料,食品饮料,0,,,3,2026-07-28 03:08:02,2026-07-28 03:08:02,2026-07-28 03:08:02
8592,2026-07-19,128.0,吃,周天，睡到下午2.30，休息的一天，买了一张电话卡，5r每月，准备用这个卡开中行的visa信用卡用于国外支付,支出,食品饮料,食品饮料,0,,,3,2026-07-28 03:08:02,2026-07-28 03:08:02,2026-07-28 03:08:02
8593,2026-07-18,0.0,日记,周六，今天奥攀开业仪式，来领了一袋镁粉和一个旗云的杯子，第五次来奥攀，下午江中宇和智涵和洋洋老师一起打德扑到夜里2.30,支出,零金额,零金额,0,,,3,2026-07-28 03:08:02,2026-07-28 03:08:02,2026-07-28 03:08:02
8594,2026-07-17,0.0,日记,周五，这几天悦姐猛猛赌球，已亏400，还有决赛一战,支出,零金额,零金额,0,,,3,2026-07-28 03:08:02,2026-07-28 03:08:02,2026-07-28 03:08:02
8595,2026-07-16,56.0,吃,周四，注销招商银行信用，晚上休息,支出,食品饮料,食品饮料,0,,,3,2026-07-28 03:08:02,2026-07-28 03:08:02,2026-07-28 03:08:02
8597,2026-07-15,30.0,吃,周三；1.发年终奖，按照年包打0.81折算，折算下来到我手里是年终奖75折，我觉得按年包倒扣真的好离谱；2.攀岩，第四次奥攀，和杜钇静,支出,食品饮料,食品饮料,0,,,3,2026-07-28 03:08:02,2026-07-28 03:08:02,2026-07-28 03:08:02
8596,2026-07-15,20.5,西瓜,周三；1.发年终奖，按照年包打0.81折算，折算下来到我手里是年终奖75折，我觉得按年包倒扣真的好离谱；2.攀岩，第四次奥攀，和杜钇静,支出,食品饮料,食品饮料,0,,,3,2026-07-28 03:08:02,2026-07-28 03:08:02,2026-07-28 03:08:02
8599,2026-07-14,900.0,回收mac,周二，出售mac电脑，转转上门回收了900元，检测了半个多小时，然后去上瑜伽课,收入,二手物品售卖,二手物品售卖,0,,,3,2026-07-28 03:08:02,2026-07-28 03:08:02,2026-07-28 03:08:02
8598,2026-07-14,30.0,吃,周二，出售mac电脑，转转上门回收了900元，检测了半个多小时，然后去上瑜伽课,支出,食品饮料,食品饮料,0,,,3,2026-07-28 03:08:02,2026-07-28 03:08:02,2026-07-28 03:08:02
8600,2026-07-13,48.0,吃,周一，下班奥攀，第三次奥攀，一条5.10c d和两条5.11a,支出,食品饮料,食品饮料,0,,,3,2026-07-28 03:08:02,2026-07-28 03:08:02,2026-07-28 03:08:02
8601,2026-07-12,0.0,日记,周天，听机器人具身智能讲座，这个讲座讲了什么：过去机器人能做什么，我们做了什么工作，提升了什么，现在的机器人能做什么，即三个范式（1.机器人本身能做什么比如跑酷后空翻2.机器人能模仿什么3.机器人能理解什么）从数据准备数据清洗模型训练和OMG输入输出框架的机器人训练细节，和机器人本体的大脑（跑在服务器发送动作指令）小脑执行动作（机器人本体部署芯片执行）的模式，到模型部署方式WiFi和网线等等,支出,零金额,零金额,0,,,3,2026-07-28 03:08:02,2026-07-28 03:08:02,2026-07-28 03:08:02
8471,2026-07-11,0.0,吃,周六，中午和江中宇谈斌睿王东刘迪张琳聚餐，然后去江中宇家打德扑，认识了一个中建办公的朋友，很巧妙，晚上跟着江中宇买了360r赌球体彩，第二天发现都没中哈哈哈哈,支出,零金额,零金额,0,,,2,2026-07-28 02:25:14,2026-07-28 02:25:14,2026-07-28 02:25:14
8602,2026-07-10,26.0,吃,周五，上午年中述职绩效答辩，下午15.00开始部门说可以提前撤了。晚上有大暴雨预警，下班我和杜钇静和何佳颖立刻就去超级奥攀攀岩了，悦姐19.20下班过来，爽爽爬一天，第二次奥攀,支出,食品饮料,食品饮料,0,,,3,2026-07-28 03:08:02,2026-07-28 03:08:02,2026-07-28 03:08:02
8603,2026-07-09,0.0,日记,周四，悦姐早上上班把我的手机塞包里拿走了，今天没有手机的上班,支出,零金额,零金额,0,,,3,2026-07-28 03:08:02,2026-07-28 03:08:02,2026-07-28 03:08:02
8604,2026-07-08,30.0,吃,今天早上出门攀岩包放在电动车脚架上，还没骑两三个红绿灯路口呢，就丢了。报警之后，中午去派出所看监控，警察看了几分钟看到了是一个山姆配送员给我捡走了，我的包是9.22分在羊城故事那个大路口掉的，看监控的民警就说看不清车牌，说进了一个小区送外卖，让我去小区查监控，我查到了电动车牌，然后让警察给我查人，一下午都说打电话打不通，气的我下班就去派出所看着他们打电话，打了两三个就打通了，那个配送员就给我放到亚运村派出所门口了，我过去取到了，真是不太平的入职一周年的一天，拿到包后和杜钇静和悦姐去攀岩，因为今天超级奥攀试营业第一天，攀的不错,支出,食品饮料,食品饮料,0,,,3,2026-07-28 03:08:02,2026-07-28 03:08:02,2026-07-28 03:08:02
8605,2026-07-07,30.0,吃,周二,支出,食品饮料,食品饮料,0,,,3,2026-07-28 03:08:02,2026-07-28 03:08:02,2026-07-28 03:08:02
8607,2026-07-06,27.0,吃,周一,支出,食品饮料,食品饮料,0,,,3,2026-07-28 03:08:02,2026-07-28 03:08:02,2026-07-28 03:08:02
8606,2026-07-06,102.0,再买一条一样的项链,周一,支出,服饰,服饰,0,,,3,2026-07-28 03:08:02,2026-07-28 03:08:02,2026-07-28 03:08:02
8608,2026-07-05,50.0,雪糕,周天，脱毛，第四次脱毛,支出,食品饮料,食品饮料,0,,,3,2026-07-28 03:08:02,2026-07-28 03:08:02,2026-07-28 03:08:02
8612,2026-07-04,109.0,项链,周六，悦姐体检，买衣服，悦姐项链丢了，可能是在慈铭体检被别人捡走了，是因为我放在包里没拉拉链，可能掉出来了，又买了一条平替项链,支出,服饰,服饰,0,,,3,2026-07-28 03:08:02,2026-07-28 03:08:02,2026-07-28 03:08:02
8611,2026-07-04,970.0,买衣服,周六，悦姐体检，买衣服，悦姐项链丢了，可能是在慈铭体检被别人捡走了，是因为我放在包里没拉拉链，可能掉出来了，又买了一条平替项链,支出,服饰,服饰,0,,,3,2026-07-28 03:08:02,2026-07-28 03:08:02,2026-07-28 03:08:02
8610,2026-07-04,14.4,吃,周六，悦姐体检，买衣服，悦姐项链丢了，可能是在慈铭体检被别人捡走了，是因为我放在包里没拉拉链，可能掉出来了，又买了一条平替项链,支出,食品饮料,食品饮料,0,,,3,2026-07-28 03:08:02,2026-07-28 03:08:02,2026-07-28 03:08:02
8609,2026-07-04,70.5,七鲜,周六，悦姐体检，买衣服，悦姐项链丢了，可能是在慈铭体检被别人捡走了，是因为我放在包里没拉拉链，可能掉出来了，又买了一条平替项链,支出,食品饮料,食品饮料,0,,,3,2026-07-28 03:08:02,2026-07-28 03:08:02,2026-07-28 03:08:02
8615,2026-07-03,30.0,吃,周五，给康佳转了450，买一个公牛插排，作为他的生日礼物和新家礼物，晚上下班美团找了个修刹车和换电瓶的,支出,食品饮料,食品饮料,0,,,3,2026-07-28 03:08:02,2026-07-28 03:08:02,2026-07-28 03:08:02
8614,2026-07-03,340.0,修电动车刹车+换电瓶,周五，给康佳转了450，买一个公牛插排，作为他的生日礼物和新家礼物，晚上下班美团找了个修刹车和换电瓶的,支出,交通,交通,0,,,3,2026-07-28 03:08:02,2026-07-28 03:08:02,2026-07-28 03:08:02
8613,2026-07-03,450.0,康佳生日红包,周五，给康佳转了450，买一个公牛插排，作为他的生日礼物和新家礼物，晚上下班美团找了个修刹车和换电瓶的,支出,社交,社交,0,,,3,2026-07-28 03:08:02,2026-07-28 03:08:02,2026-07-28 03:08:02
8617,2026-07-02,141.0,吃,周四，得知没晋升，说是绩效只有一次，分不够入围，晚上普拉提,支出,食品饮料,食品饮料,0,,,3,2026-07-28 03:08:02,2026-07-28 03:08:02,2026-07-28 03:08:02
8616,2026-07-02,38.8,郭博雅冰箱贴,周四，得知没晋升，说是绩效只有一次，分不够入围，晚上普拉提,支出,社交,社交,0,,,3,2026-07-28 03:08:02,2026-07-28 03:08:02,2026-07-28 03:08:02
8618,2026-07-01,30.0,吃,悦姐签合同，开始拿正式工资咯,支出,食品饮料,食品饮料,0,,,3,2026-07-28 03:08:02,2026-07-28 03:08:02,2026-07-28 03:08:02
8621,2026-06-30,25.5,吃,周二,支出,食品饮料,食品饮料,0,,,3,2026-07-28 03:08:02,2026-07-28 03:08:02,2026-07-28 03:08:02
8620,2026-06-30,6.0,鱼,周二,支出,食品饮料,食品饮料,0,,,3,2026-07-28 03:08:02,2026-07-28 03:08:02,2026-07-28 03:08:02
8619,2026-06-30,42.0,VPN,周二,支出,虚拟充值/通讯,虚拟充值/通讯,0,,,3,2026-07-28 03:08:02,2026-07-28 03:08:02,2026-07-28 03:08:02
8624,2026-06-29,16.0,水,周一，请假，租车去动物园,支出,食品饮料,食品饮料,0,,,3,2026-07-28 03:08:02,2026-07-28 03:08:02,2026-07-28 03:08:02
8623,2026-06-29,30.0,吃,周一，请假，租车去动物园,支出,食品饮料,食品饮料,0,,,3,2026-07-28 03:08:02,2026-07-28 03:08:02,2026-07-28 03:08:02
8622,2026-06-29,384.72,租车,周一，请假，租车去动物园,支出,交通,交通,0,,,3,2026-07-28 03:08:02,2026-07-28 03:08:02,2026-07-28 03:08:02
8625,2026-06-28,206.0,午餐,周天，中午和王煜，许博吃午饭，博哥送了一个东南的马克杯，下午去悦姐讲座,支出,食品饮料,食品饮料,0,,,3,2026-07-28 03:08:02,2026-07-28 03:08:02,2026-07-28 03:08:02
8627,2026-06-27,70.0,甜点,周六，和李昌朔 江中宇 壮壮 黄丞城和他对象吃胡大，下午陪悦姐和他妈妈逛王府井，给李昌朔买了个生日礼物,支出,食品饮料,食品饮料,0,,,3,2026-07-28 03:08:02,2026-07-28 03:08:02,2026-07-28 03:08:02
8626,2026-06-27,78.0,打车,周六，和李昌朔 江中宇 壮壮 黄丞城和他对象吃胡大，下午陪悦姐和他妈妈逛王府井，给李昌朔买了个生日礼物,支出,交通,交通,0,,,3,2026-07-28 03:08:02,2026-07-28 03:08:02,2026-07-28 03:08:02
8628,2026-06-26,30.0,午餐,周五,支出,食品饮料,食品饮料,0,,,3,2026-07-28 03:08:02,2026-07-28 03:08:02,2026-07-28 03:08:02
8629,2026-06-25,26.0,吃,周四,支出,食品饮料,食品饮料,0,,,3,2026-07-28 03:08:02,2026-07-28 03:08:02,2026-07-28 03:08:02
8631,2026-06-24,100.0,零食,周三，普拉提,支出,食品饮料,食品饮料,0,,,3,2026-07-28 03:08:02,2026-07-28 03:08:02,2026-07-28 03:08:02
8630,2026-06-24,15.0,吃,周三，普拉提,支出,食品饮料,食品饮料,0,,,3,2026-07-28 03:08:02,2026-07-28 03:08:02,2026-07-28 03:08:02
8632,2026-06-23,26.0,吃,,支出,食品饮料,食品饮料,0,,,3,2026-07-28 03:08:02,2026-07-28 03:08:02,2026-07-28 03:08:02
8636,2026-06-22,9.0,虾,周一,支出,食品饮料,食品饮料,0,,,3,2026-07-28 03:08:02,2026-07-28 03:08:02,2026-07-28 03:08:02
8635,2026-06-22,13.0,鞋架,周一,支出,服饰,服饰,0,,,3,2026-07-28 03:08:02,2026-07-28 03:08:02,2026-07-28 03:08:02
8634,2026-06-22,18.5,巧克力,周一,支出,食品饮料,食品饮料,0,,,3,2026-07-28 03:08:02,2026-07-28 03:08:02,2026-07-28 03:08:02
8633,2026-06-22,30.0,午餐,周一,支出,食品饮料,食品饮料,0,,,3,2026-07-28 03:08:02,2026-07-28 03:08:02,2026-07-28 03:08:02
8637,2026-06-21,0.0,日记,周天,支出,零金额,零金额,0,,,3,2026-07-28 03:08:02,2026-07-28 03:08:02,2026-07-28 03:08:02
8638,2026-06-20,2100.0,A钱,周六，返程，早上9.30起来找不到朵，以为爬到管道上面的吊顶，酒店师傅还帮我们找，最后博雅发现藏在空调里面。还好找到了。然后在烟子窑附近玩到14.00，从国家观光一号大道返程，经过x507县道，晚上22.30到北京还车，完美,支出,生活支出,生活支出,1,乌兰布统-热阿线-达达线-御道1号风景大道,郭博雅 杜钇静 苏志斌 悦姐,3,2026-07-28 03:08:02,2026-07-28 03:08:02,2026-07-28 03:08:02
8639,2026-06-19,0.0,日记,早上7点半围场县吃完早餐出发乌兰布统，走达达线和热阿线，在石林驿站下车玩+拍照，我还野攀上了，在经棚镇吃蒙餐，晚上住乌兰布统的繁华轻居酒店，斌哥偷偷买了烟花，晚上疯狂拍照，没有拍上星轨,支出,零金额,零金额,1,乌兰布统-热阿线-达达线-御道1号风景大道,郭博雅 杜钇静 苏志斌 悦姐,3,2026-07-28 03:08:02,2026-07-28 03:08:02,2026-07-28 03:08:02
8640,2026-06-18,0.0,日记,周四。晚上出发乌兰布统，路上和孙允辉互怼，住围场县城的七天酒店，晚上12.30到,支出,零金额,零金额,1,乌兰布统-热阿线-达达线-御道1号风景大道,郭博雅 杜钇静 苏志斌 悦姐,3,2026-07-28 03:08:02,2026-07-28 03:08:02,2026-07-28 03:08:02
8643,2026-06-15,23.0,山楂干,周一,支出,食品饮料,食品饮料,0,,,3,2026-07-28 03:08:02,2026-07-28 03:08:02,2026-07-28 03:08:02
8642,2026-06-15,13.0,鞋子隔板,周一,支出,服饰,服饰,0,,,3,2026-07-28 03:08:02,2026-07-28 03:08:02,2026-07-28 03:08:02
8641,2026-06-15,138.0,江中宇礼物,周一,支出,社交,社交,0,,,3,2026-07-28 03:08:02,2026-07-28 03:08:02,2026-07-28 03:08:02
8644,2026-06-13,460.0,晚餐,周六，和gaygay川东子豪，保龄球,支出,食品饮料,食品饮料,0,,,3,2026-07-28 03:08:02,2026-07-28 03:08:02,2026-07-28 03:08:02
8645,2026-06-12,30.0,吃,周五,支出,食品饮料,食品饮料,0,,,3,2026-07-28 03:08:02,2026-07-28 03:08:02,2026-07-28 03:08:02
8646,2026-06-11,33.0,吃,周四,支出,食品饮料,食品饮料,0,,,3,2026-07-28 03:08:02,2026-07-28 03:08:02,2026-07-28 03:08:02
8647,2026-06-10,0.0,日记,晋升答辩，感觉答辩的很好！,支出,零金额,零金额,0,,,3,2026-07-28 03:08:02,2026-07-28 03:08:02,2026-07-28 03:08:02
8648,2026-06-09,48.0,吃,,支出,食品饮料,食品饮料,0,,,3,2026-07-28 03:08:02,2026-07-28 03:08:02,2026-07-28 03:08:02
8649,2026-06-08,26.0,吃,周一,支出,食品饮料,食品饮料,0,,,3,2026-07-28 03:08:02,2026-07-28 03:08:02,2026-07-28 03:08:02
8651,2026-06-07,45.0,气举吸便器,周天，和全宝杜钇静佳颖博雅在奥森野餐，下小雨，打德扑uno,支出,生活支出,生活支出,0,,,3,2026-07-28 03:08:02,2026-07-28 03:08:02,2026-07-28 03:08:02
8650,2026-06-07,82.0,吃,周天，和全宝杜钇静佳颖博雅在奥森野餐，下小雨，打德扑uno,支出,食品饮料,食品饮料,0,,,3,2026-07-28 03:08:02,2026-07-28 03:08:02,2026-07-28 03:08:02
8652,2026-06-06,0.0,日记,周六，和施晶晶赵洋打德扑,支出,零金额,零金额,0,,,3,2026-07-28 03:08:02,2026-07-28 03:08:02,2026-07-28 03:08:02
8653,2026-06-05,48.0,吃,,支出,食品饮料,食品饮料,0,,,3,2026-07-28 03:08:02,2026-07-28 03:08:02,2026-07-28 03:08:02
8654,2026-06-04,30.0,吃,,支出,食品饮料,食品饮料,0,,,3,2026-07-28 03:08:02,2026-07-28 03:08:02,2026-07-28 03:08:02
8655,2026-06-02,64.9,吃,周二,支出,食品饮料,食品饮料,0,,,3,2026-07-28 03:08:02,2026-07-28 03:08:02,2026-07-28 03:08:02
8656,2026-06-01,30.0,吃,周一，晚上吃川骄,支出,食品饮料,食品饮料,0,,,3,2026-07-28 03:08:02,2026-07-28 03:08:02,2026-07-28 03:08:02
8660,2026-05-31,8.0,园艺夹子支撑杆铁丝,保龄球。和斌哥，佳颖，郭博雅，杜钇静,支出,生活支出,生活支出,0,,,3,2026-07-28 03:08:02,2026-07-28 03:08:02,2026-07-28 03:08:02
8659,2026-05-31,14.0,鱼缸摆件和夹子和吸管,保龄球。和斌哥，佳颖，郭博雅，杜钇静,支出,生活支出,生活支出,0,,,3,2026-07-28 03:08:02,2026-07-28 03:08:02,2026-07-28 03:08:02
8658,2026-05-31,154.0,吃,保龄球。和斌哥，佳颖，郭博雅，杜钇静,支出,食品饮料,食品饮料,0,,,3,2026-07-28 03:08:02,2026-07-28 03:08:02,2026-07-28 03:08:02
8657,2026-05-31,240.0,保龄球,保龄球。和斌哥，佳颖，郭博雅，杜钇静,支出,娱乐/运动,娱乐/运动,0,,,3,2026-07-28 03:08:02,2026-07-28 03:08:02,2026-07-28 03:08:02
8661,2026-05-30,112.0,吃,德扑。和佳颖全宝斌哥郭博雅,支出,食品饮料,食品饮料,0,,,3,2026-07-28 03:08:02,2026-07-28 03:08:02,2026-07-28 03:08:02
8662,2026-05-29,30.0,吃,周五,支出,食品饮料,食品饮料,0,,,3,2026-07-28 03:08:02,2026-07-28 03:08:02,2026-07-28 03:08:02
8663,2026-05-28,40.0,吃,,支出,食品饮料,食品饮料,0,,,3,2026-07-28 03:08:02,2026-07-28 03:08:02,2026-07-28 03:08:02
8664,2026-05-27,25.0,吃,,支出,食品饮料,食品饮料,0,,,3,2026-07-28 03:08:02,2026-07-28 03:08:02,2026-07-28 03:08:02
8667,2026-05-26,30.0,吃,周二,支出,食品饮料,食品饮料,0,,,3,2026-07-28 03:08:02,2026-07-28 03:08:02,2026-07-28 03:08:02
8666,2026-05-26,17.9,鱼食,周二,支出,食品饮料,食品饮料,0,,,3,2026-07-28 03:08:02,2026-07-28 03:08:02,2026-07-28 03:08:02
8665,2026-05-26,169.83,买书,周二,支出,娱乐/运动,娱乐/运动,0,,,3,2026-07-28 03:08:02,2026-07-28 03:08:02,2026-07-28 03:08:02
8669,2026-05-25,20.9,蜜豆蝉蛹,周一，郭博雅要去字节Tik Tok因果推断岗了,支出,花鸟鱼虫,花鸟鱼虫,0,,,3,2026-07-28 03:08:02,2026-07-28 03:08:02,2026-07-28 03:08:02
8668,2026-05-25,20.0,吃,周一，郭博雅要去字节Tik Tok因果推断岗了,支出,食品饮料,食品饮料,0,,,3,2026-07-28 03:08:02,2026-07-28 03:08:02,2026-07-28 03:08:02
8670,2026-05-24,57.9,打车,周天，上午拍毕业照。下午晚上德扑，gaygay聪哥全宝江中宇张振斌，晚上发现死了个小鱼🐟，水草死了一小部分，多开灯吧还是,支出,交通,交通,0,,,3,2026-07-28 03:08:02,2026-07-28 03:08:02,2026-07-28 03:08:02
8671,2026-05-23,80.0,买花,周六，悦姐去csgo公司团建。我在家躺着,支出,花鸟鱼虫,花鸟鱼虫,0,,,3,2026-07-28 03:08:02,2026-07-28 03:08:02,2026-07-28 03:08:02
8673,2026-05-22,100.0,榴莲,周五，买了个干尧榴莲怪好吃的，6块钱买了四瓶水,支出,食品饮料,食品饮料,0,,,3,2026-07-28 03:08:02,2026-07-28 03:08:02,2026-07-28 03:08:02
8672,2026-05-22,26.0,吃,周五，买了个干尧榴莲怪好吃的，6块钱买了四瓶水,支出,食品饮料,食品饮料,0,,,3,2026-07-28 03:08:02,2026-07-28 03:08:02,2026-07-28 03:08:02
8674,2026-05-21,26.0,吃,周四，瑜伽课,支出,食品饮料,食品饮料,0,,,3,2026-07-28 03:08:02,2026-07-28 03:08:02,2026-07-28 03:08:02
8676,2026-05-20,26.0,吃,周三逛盒马,支出,食品饮料,食品饮料,0,,,3,2026-07-28 03:08:02,2026-07-28 03:08:02,2026-07-28 03:08:02
8675,2026-05-20,120.0,盒马,周三逛盒马,支出,食品饮料,食品饮料,0,,,3,2026-07-28 03:08:02,2026-07-28 03:08:02,2026-07-28 03:08:02
8677,2026-05-19,68.0,吃,周二,支出,食品饮料,食品饮料,0,,,3,2026-07-28 03:08:02,2026-07-28 03:08:02,2026-07-28 03:08:02
8678,2026-05-18,78.8,吃,周一,支出,食品饮料,食品饮料,0,,,3,2026-07-28 03:08:02,2026-07-28 03:08:02,2026-07-28 03:08:02
8679,2026-05-17,0.0,日记,周天,支出,零金额,零金额,0,,,3,2026-07-28 03:08:02,2026-07-28 03:08:02,2026-07-28 03:08:02
8683,2026-05-16,40.0,打车,周六，买蜜袋鼯（起名朵朵，状态似乎不是很好，很活泼但是排泄少，不爱吃东西），买花（洋蓟四头150，芍药*5＝70，菊花*10＝30，小丽花40，永生绣球60，捕蝇草20，彩羽叶80），买鱼缸（40*25*25，当日开缸，2条红箭鱼，5个红绿灯，5个斑马鱼闯缸，还有七八个小虾，配的景是绿丁香当中后景，金钱榕也叫苹果榕放木头上，罗贝力和红丝青叶当前景，细叶铁皇冠当中景，红宫廷当后景）,支出,交通,交通,0,,,3,2026-07-28 03:08:02,2026-07-28 03:08:02,2026-07-28 03:08:02
8682,2026-05-16,650.0,鱼缸,周六，买蜜袋鼯（起名朵朵，状态似乎不是很好，很活泼但是排泄少，不爱吃东西），买花（洋蓟四头150，芍药*5＝70，菊花*10＝30，小丽花40，永生绣球60，捕蝇草20，彩羽叶80），买鱼缸（40*25*25，当日开缸，2条红箭鱼，5个红绿灯，5个斑马鱼闯缸，还有七八个小虾，配的景是绿丁香当中后景，金钱榕也叫苹果榕放木头上，罗贝力和红丝青叶当前景，细叶铁皇冠当中景，红宫廷当后景）,支出,食品饮料,食品饮料,0,,,3,2026-07-28 03:08:02,2026-07-28 03:08:02,2026-07-28 03:08:02
8681,2026-05-16,420.0,花,周六，买蜜袋鼯（起名朵朵，状态似乎不是很好，很活泼但是排泄少，不爱吃东西），买花（洋蓟四头150，芍药*5＝70，菊花*10＝30，小丽花40，永生绣球60，捕蝇草20，彩羽叶80），买鱼缸（40*25*25，当日开缸，2条红箭鱼，5个红绿灯，5个斑马鱼闯缸，还有七八个小虾，配的景是绿丁香当中后景，金钱榕也叫苹果榕放木头上，罗贝力和红丝青叶当前景，细叶铁皇冠当中景，红宫廷当后景）,支出,花鸟鱼虫,花鸟鱼虫,0,,,3,2026-07-28 03:08:02,2026-07-28 03:08:02,2026-07-28 03:08:02
8680,2026-05-16,300.0,买蜜袋鼯,周六，买蜜袋鼯（起名朵朵，状态似乎不是很好，很活泼但是排泄少，不爱吃东西），买花（洋蓟四头150，芍药*5＝70，菊花*10＝30，小丽花40，永生绣球60，捕蝇草20，彩羽叶80），买鱼缸（40*25*25，当日开缸，2条红箭鱼，5个红绿灯，5个斑马鱼闯缸，还有七八个小虾，配的景是绿丁香当中后景，金钱榕也叫苹果榕放木头上，罗贝力和红丝青叶当前景，细叶铁皇冠当中景，红宫廷当后景）,支出,花鸟鱼虫,花鸟鱼虫,0,,,3,2026-07-28 03:08:02,2026-07-28 03:08:02,2026-07-28 03:08:02
8685,2026-05-15,166.4,t恤,,支出,服饰,服饰,0,,,3,2026-07-28 03:08:02,2026-07-28 03:08:02,2026-07-28 03:08:02
8684,2026-05-15,16.77,打车,,支出,交通,交通,0,,,3,2026-07-28 03:08:02,2026-07-28 03:08:02,2026-07-28 03:08:02
8688,2026-05-14,1415.0,项链,周四,支出,服饰,服饰,0,,,3,2026-07-28 03:08:02,2026-07-28 03:08:02,2026-07-28 03:08:02
8687,2026-05-14,21.9,打车,周四,支出,交通,交通,0,,,3,2026-07-28 03:08:02,2026-07-28 03:08:02,2026-07-28 03:08:02
8686,2026-05-14,14.0,吃,周四,支出,食品饮料,食品饮料,0,,,3,2026-07-28 03:08:02,2026-07-28 03:08:02,2026-07-28 03:08:02
8689,2026-05-13,26.57,吃,周三,支出,食品饮料,食品饮料,0,,,3,2026-07-28 03:08:02,2026-07-28 03:08:02,2026-07-28 03:08:02
8690,2026-05-12,30.0,吃,周二，炒牛肉到24点,支出,食品饮料,食品饮料,0,,,3,2026-07-28 03:08:02,2026-07-28 03:08:02,2026-07-28 03:08:02
8691,2026-05-10,12.6,吃,周日，师傅来修插座，接了3个插座，换了1个插座，两个灯，房东花了1450,支出,食品饮料,食品饮料,0,,,3,2026-07-28 03:08:02,2026-07-28 03:08:02,2026-07-28 03:08:02
8692,2026-05-09,59.0,吃,上班,支出,食品饮料,食品饮料,0,,,3,2026-07-28 03:08:02,2026-07-28 03:08:02,2026-07-28 03:08:02
8694,2026-05-08,342.0,母亲节信选商城购物-折算后,,支出,食品饮料,食品饮料,0,,,3,2026-07-28 03:08:02,2026-07-28 03:08:02,2026-07-28 03:08:02
8693,2026-05-08,59.9,吃,,支出,食品饮料,食品饮料,0,,,3,2026-07-28 03:08:02,2026-07-28 03:08:02,2026-07-28 03:08:02
8695,2026-05-07,28.0,吃,,支出,食品饮料,食品饮料,0,,,3,2026-07-28 03:08:02,2026-07-28 03:08:02,2026-07-28 03:08:02
8696,2026-05-06,0.0,日记,上午请假，下午上班,支出,零金额,零金额,0,,,3,2026-07-28 03:08:02,2026-07-28 03:08:02,2026-07-28 03:08:02
8698,2026-05-05,66.0,旅游A钱,返程，预计两人开销12500，拆分到每一项两个人大概是：其中酒店5晚1300r（200*3+600+100=1300），租车+油费1600r（租车是（4000+1700=5700），油费是1000左右），景区门票2000（天门山+森林公园+矮寨大桥+芙蓉古镇+免费的凤凰古城）r，往返机票3300*2=6600，吃饭平均每天200*5=1000，实际开销13200,支出,生活支出,生活支出,1,张家界,江中宇 黄丞城 夏子瑶 于智涵 李昌朔 张梦浩 悦姐,3,2026-07-28 03:08:02,2026-07-28 03:08:02,2026-07-28 03:08:02
8697,2026-05-05,14.0,地铁,返程，预计两人开销12500，拆分到每一项两个人大概是：其中酒店5晚1300r（200*3+600+100=1300），租车+油费1600r（租车是（4000+1700=5700），油费是1000左右），景区门票2000（天门山+森林公园+矮寨大桥+芙蓉古镇+免费的凤凰古城）r，往返机票3300*2=6600，吃饭平均每天200*5=1000，实际开销13200,支出,交通,交通,1,张家界,江中宇 黄丞城 夏子瑶 于智涵 李昌朔 张梦浩 悦姐,3,2026-07-28 03:08:02,2026-07-28 03:08:02,2026-07-28 03:08:02
8699,2026-05-04,0.0,日记,下午矮寨大桥（适合航拍），进入景区刚好雨停，出来刚好下雨，看人蹦极，晚上凤凰古城，适合航拍一下，看夜景合适，住凤凰古城旁边的民宿（听心阁民宿还不错），晚上先狼人杀，后德扑到4点，听智涵讲解星盘，用星盘APP即可,支出,零金额,零金额,0,,,3,2026-07-28 03:08:02,2026-07-28 03:08:02,2026-07-28 03:08:02
8702,2026-05-03,87.82,瑞士军刀,早起8点半出发去森林公园，先飞无人机的天子界，这时意外遇见刘迪一对！？巧的吓人，然后金鞭溪喂猴子，真的很多猴子，带了西瓜喂他们，金鞭溪7.5km，走一段路返程就行，晚上住在芙蓉古镇的温德姆酒店，酒店真不错，晚上德扑到3点,支出,生活支出,生活支出,1,张家界,江中宇 黄丞城 夏子瑶 于智涵 李昌朔 张梦浩 悦姐,3,2026-07-28 03:08:02,2026-07-28 03:08:02,2026-07-28 03:08:02
8701,2026-05-03,57.5,买药,早起8点半出发去森林公园，先飞无人机的天子界，这时意外遇见刘迪一对！？巧的吓人，然后金鞭溪喂猴子，真的很多猴子，带了西瓜喂他们，金鞭溪7.5km，走一段路返程就行，晚上住在芙蓉古镇的温德姆酒店，酒店真不错，晚上德扑到3点,支出,生活支出,生活支出,1,张家界,江中宇 黄丞城 夏子瑶 于智涵 李昌朔 张梦浩 悦姐,3,2026-07-28 03:08:02,2026-07-28 03:08:02,2026-07-28 03:08:02
8700,2026-05-03,65.0,午餐,早起8点半出发去森林公园，先飞无人机的天子界，这时意外遇见刘迪一对！？巧的吓人，然后金鞭溪喂猴子，真的很多猴子，带了西瓜喂他们，金鞭溪7.5km，走一段路返程就行，晚上住在芙蓉古镇的温德姆酒店，酒店真不错，晚上德扑到3点,支出,食品饮料,食品饮料,1,张家界,江中宇 黄丞城 夏子瑶 于智涵 李昌朔 张梦浩 悦姐,3,2026-07-28 03:08:02,2026-07-28 03:08:02,2026-07-28 03:08:02
8704,2026-05-02,48.0,抓娃娃,早起7点出发去张家界森林公园，上面人很多，雾很大，看了袁家界就直接下撤了，第二天再战天子界和金鞭溪，下午在武陵源区KTV，KTV惹悦姐生气，抓娃娃一下，住别墅民宿，晚上女巫镇，熬夜到1点,支出,娱乐/运动,娱乐/运动,1,张家界,江中宇 黄丞城 夏子瑶 于智涵 李昌朔 张梦浩 悦姐,3,2026-07-28 03:08:02,2026-07-28 03:08:02,2026-07-28 03:08:02
8703,2026-05-02,30.0,停车费,早起7点出发去张家界森林公园，上面人很多，雾很大，看了袁家界就直接下撤了，第二天再战天子界和金鞭溪，下午在武陵源区KTV，KTV惹悦姐生气，抓娃娃一下，住别墅民宿，晚上女巫镇，熬夜到1点,支出,交通,交通,1,张家界,江中宇 黄丞城 夏子瑶 于智涵 李昌朔 张梦浩 悦姐,3,2026-07-28 03:08:02,2026-07-28 03:08:02,2026-07-28 03:08:02
8705,2026-05-01,6.0,姜茶,早起7点出发天门山，下午吃饭，晚上德扑，住别墅民宿,支出,食品饮料,食品饮料,1,张家界,江中宇 黄丞城 夏子瑶 于智涵 李昌朔 张梦浩 悦姐,3,2026-07-28 03:08:02,2026-07-28 03:08:02,2026-07-28 03:08:02
8708,2026-04-30,36.0,吃,请假，出发张家界，11.55的飞机延误，实际14.30才起飞，导致高铁赶不上，但是候补居然候补到了，还是没耽误大行程，黄丞城来接，晚上德扑一会，住别墅民宿，早睡的一天,支出,食品饮料,食品饮料,1,张家界,江中宇 黄丞城 夏子瑶 于智涵 李昌朔 张梦浩 悦姐,3,2026-07-28 03:08:02,2026-07-28 03:08:02,2026-07-28 03:08:02
8707,2026-04-30,20.0,地铁,请假，出发张家界，11.55的飞机延误，实际14.30才起飞，导致高铁赶不上，但是候补居然候补到了，还是没耽误大行程，黄丞城来接，晚上德扑一会，住别墅民宿，早睡的一天,支出,交通,交通,1,张家界,江中宇 黄丞城 夏子瑶 于智涵 李昌朔 张梦浩 悦姐,3,2026-07-28 03:08:02,2026-07-28 03:08:02,2026-07-28 03:08:02
8706,2026-04-30,184.0,T恤,请假，出发张家界，11.55的飞机延误，实际14.30才起飞，导致高铁赶不上，但是候补居然候补到了，还是没耽误大行程，黄丞城来接，晚上德扑一会，住别墅民宿，早睡的一天,支出,服饰,服饰,1,张家界,江中宇 黄丞城 夏子瑶 于智涵 李昌朔 张梦浩 悦姐,3,2026-07-28 03:08:02,2026-07-28 03:08:02,2026-07-28 03:08:02
8110,2026-04-29,15.9,德扑筹码,周三,支出,生活支出,生活支出,0,,,15,2026-04-29 18:16:26,2026-04-29 18:16:26,2026-04-29 18:16:26
8109,2026-04-29,29.9,花瓶+睡莲,周三,支出,生活支出,生活支出,0,,,15,2026-04-29 18:16:26,2026-04-29 18:16:26,2026-04-29 18:16:26
8108,2026-04-29,36.0,吃,周三,支出,食品饮料,食品饮料,0,,,15,2026-04-29 18:16:26,2026-04-29 18:16:26,2026-04-29 18:16:26
8111,2026-04-28,94.0,吃,,支出,食品饮料,食品饮料,0,,,15,2026-04-29 18:16:26,2026-04-29 18:16:26,2026-04-29 18:16:26
8113,2026-04-27,7.78,花-睡莲,周一,支出,生活支出,生活支出,0,,,15,2026-04-29 18:16:26,2026-04-29 18:16:26,2026-04-29 18:16:26
8112,2026-04-27,98.4,吃,周一,支出,食品饮料,食品饮料,0,,,15,2026-04-29 18:16:26,2026-04-29 18:16:26,2026-04-29 18:16:26
8116,2026-04-26,83.0,晚餐-榴莲,周日,支出,食品饮料,食品饮料,0,,,15,2026-04-29 18:16:26,2026-04-29 18:16:26,2026-04-29 18:16:26
8115,2026-04-26,148.0,午餐-铁锅炖,周日,支出,食品饮料,食品饮料,0,,,15,2026-04-29 18:16:26,2026-04-29 18:16:26,2026-04-29 18:16:26
8114,2026-04-26,150.0,看电影挽救计划-真难看,周日,支出,娱乐/运动,娱乐/运动,0,,,15,2026-04-29 18:16:26,2026-04-29 18:16:26,2026-04-29 18:16:26
8120,2026-04-25,13.8,绿植,周六,支出,生活支出,生活支出,0,,,15,2026-04-29 18:16:26,2026-04-29 18:16:26,2026-04-29 18:16:26
8119,2026-04-25,15.7,筹码,周六,支出,生活支出,生活支出,0,,,15,2026-04-29 18:16:26,2026-04-29 18:16:26,2026-04-29 18:16:26
8118,2026-04-25,131.0,吃,周六,支出,食品饮料,食品饮料,0,,,15,2026-04-29 18:16:26,2026-04-29 18:16:26,2026-04-29 18:16:26
8117,2026-04-25,91.5,盒马,周六,支出,食品饮料,食品饮料,0,,,15,2026-04-29 18:16:26,2026-04-29 18:16:26,2026-04-29 18:16:26
8123,2026-04-24,33.5,花-六出花+康乃馨,周五,支出,生活支出,生活支出,0,,,15,2026-04-29 18:16:26,2026-04-29 18:16:26,2026-04-29 18:16:26
8122,2026-04-24,25.0,吃,周五,支出,食品饮料,食品饮料,0,,,15,2026-04-29 18:16:26,2026-04-29 18:16:26,2026-04-29 18:16:26
8121,2026-04-24,101.0,蜜豆吃的,周五,支出,食品饮料,食品饮料,0,,,15,2026-04-29 18:16:26,2026-04-29 18:16:26,2026-04-29 18:16:26
8124,2026-04-23,87.0,吃,周四,支出,食品饮料,食品饮料,0,,,15,2026-04-29 18:16:26,2026-04-29 18:16:26,2026-04-29 18:16:26
8126,2026-04-22,75.84,吃,,支出,食品饮料,食品饮料,0,,,15,2026-04-29 18:16:26,2026-04-29 18:16:26,2026-04-29 18:16:26
8125,2026-04-22,32.5,可利鲜,,支出,生活支出,生活支出,0,,,15,2026-04-29 18:16:26,2026-04-29 18:16:26,2026-04-29 18:16:26
8129,2026-04-21,74.0,吃,周二，去惠通见孙雅雯,支出,食品饮料,食品饮料,0,,,15,2026-04-29 18:16:26,2026-04-29 18:16:26,2026-04-29 18:16:26
8128,2026-04-21,17.8,玫瑰,周二，去惠通见孙雅雯,支出,生活支出,生活支出,0,,,15,2026-04-29 18:16:26,2026-04-29 18:16:26,2026-04-29 18:16:26
8127,2026-04-21,71.0,吃,周二，去惠通见孙雅雯,支出,食品饮料,食品饮料,0,,,15,2026-04-29 18:16:26,2026-04-29 18:16:26,2026-04-29 18:16:26
8131,2026-04-20,7.85,非洲菊花,,支出,生活支出,生活支出,0,,,15,2026-04-29 18:16:26,2026-04-29 18:16:26,2026-04-29 18:16:26
8130,2026-04-20,39.0,吃,,支出,食品饮料,食品饮料,0,,,15,2026-04-29 18:16:26,2026-04-29 18:16:26,2026-04-29 18:16:26
8132,2026-04-19,99.3,盒马七鲜-水仙百合花,周天,支出,食品饮料,食品饮料,0,,,15,2026-04-29 18:16:26,2026-04-29 18:16:26,2026-04-29 18:16:26
8134,2026-04-18,71.9,牛奶,去刘迪家打德扑，张怡格也在，大宝大赢特赢,支出,食品饮料,食品饮料,0,,,15,2026-04-29 18:16:26,2026-04-29 18:16:26,2026-04-29 18:16:26
8133,2026-04-18,30.0,午餐,去刘迪家打德扑，张怡格也在，大宝大赢特赢,支出,食品饮料,食品饮料,0,,,15,2026-04-29 18:16:26,2026-04-29 18:16:26,2026-04-29 18:16:26
8135,2026-04-17,30.0,吃,周五,支出,食品饮料,食品饮料,0,,,15,2026-04-29 18:16:26,2026-04-29 18:16:26,2026-04-29 18:16:26
8137,2026-04-16,1070.0,攀岩安全带,周四。针灸第二针,支出,娱乐/运动,娱乐/运动,0,,,15,2026-04-29 18:16:26,2026-04-29 18:16:26,2026-04-29 18:16:26
8136,2026-04-16,13.0,吃,周四。针灸第二针,支出,食品饮料,食品饮料,0,,,15,2026-04-29 18:16:26,2026-04-29 18:16:26,2026-04-29 18:16:26
8138,2026-04-15,80.0,吃,周三,支出,食品饮料,食品饮料,0,,,15,2026-04-29 18:16:26,2026-04-29 18:16:26,2026-04-29 18:16:26
8140,2026-04-14,130.0,晚餐,周二，针灸，开了三个疗程，说我是关节摔到有点错位，间隙挤压变小,支出,食品饮料,食品饮料,0,,,15,2026-04-29 18:16:26,2026-04-29 18:16:26,2026-04-29 18:16:26
8139,2026-04-14,72.0,吃,周二，针灸，开了三个疗程，说我是关节摔到有点错位，间隙挤压变小,支出,食品饮料,食品饮料,0,,,15,2026-04-29 18:16:26,2026-04-29 18:16:26,2026-04-29 18:16:26
8141,2026-04-13,110.18,吃,周一,支出,食品饮料,食品饮料,0,,,15,2026-04-29 18:16:26,2026-04-29 18:16:26,2026-04-29 18:16:26
8144,2026-04-12,24.0,手机支架,周日，和杜钇静，江中宇，张一博，张全宝德扑，赢98,支出,生活支出,生活支出,0,,,15,2026-04-29 18:16:26,2026-04-29 18:16:26,2026-04-29 18:16:26
8143,2026-04-12,20.4,园艺剪刀,周日，和杜钇静，江中宇，张一博，张全宝德扑，赢98,支出,生活支出,生活支出,0,,,15,2026-04-29 18:16:26,2026-04-29 18:16:26,2026-04-29 18:16:26
8142,2026-04-12,110.79,吃,周日，和杜钇静，江中宇，张一博，张全宝德扑，赢98,支出,食品饮料,食品饮料,0,,,15,2026-04-29 18:16:26,2026-04-29 18:16:26,2026-04-29 18:16:26
8146,2026-04-11,36.8,蜜豆食物,,支出,生活支出,生活支出,0,,,15,2026-04-29 18:16:26,2026-04-29 18:16:26,2026-04-29 18:16:26
8145,2026-04-11,31.5,吃,,支出,食品饮料,食品饮料,0,,,15,2026-04-29 18:16:26,2026-04-29 18:16:26,2026-04-29 18:16:26
8148,2026-04-10,53.0,酸奶,,支出,食品饮料,食品饮料,0,,,15,2026-04-29 18:16:26,2026-04-29 18:16:26,2026-04-29 18:16:26
8147,2026-04-10,33.0,吃,,支出,食品饮料,食品饮料,0,,,15,2026-04-29 18:16:26,2026-04-29 18:16:26,2026-04-29 18:16:26
8150,2026-04-09,140.0,补胎,胎爆了补胎,支出,生活支出,生活支出,0,,,15,2026-04-29 18:16:26,2026-04-29 18:16:26,2026-04-29 18:16:26
8149,2026-04-09,33.0,吃,胎爆了补胎,支出,食品饮料,食品饮料,0,,,15,2026-04-29 18:16:26,2026-04-29 18:16:26,2026-04-29 18:16:26
8151,2026-04-08,43.5,吃,,支出,食品饮料,食品饮料,0,,,15,2026-04-29 18:16:26,2026-04-29 18:16:26,2026-04-29 18:16:26
8157,2026-04-06,42.0,奶制品,周一，和学友，博闻打羽毛球,支出,食品饮料,食品饮料,0,,,15,2026-04-29 18:16:26,2026-04-29 18:16:26,2026-04-29 18:16:26
8156,2026-04-06,8.8,向日葵花,周一，和学友，博闻打羽毛球,支出,生活支出,生活支出,0,,,15,2026-04-29 18:16:26,2026-04-29 18:16:26,2026-04-29 18:16:26
8155,2026-04-06,30.0,羽毛球,周一，和学友，博闻打羽毛球,支出,娱乐/运动,娱乐/运动,0,,,15,2026-04-29 18:16:26,2026-04-29 18:16:26,2026-04-29 18:16:26
8154,2026-04-06,63.8,盒马,周一，和学友，博闻打羽毛球,支出,食品饮料,食品饮料,0,,,15,2026-04-29 18:16:26,2026-04-29 18:16:26,2026-04-29 18:16:26
8153,2026-04-06,29.66,七鲜,周一，和学友，博闻打羽毛球,支出,食品饮料,食品饮料,0,,,15,2026-04-29 18:16:26,2026-04-29 18:16:26,2026-04-29 18:16:26
8152,2026-04-06,99.1,吃,周一，和学友，博闻打羽毛球,支出,食品饮料,食品饮料,0,,,15,2026-04-29 18:16:26,2026-04-29 18:16:26,2026-04-29 18:16:26
8161,2026-04-05,28.9,外卖,周天；青山攀岩,支出,食品饮料,食品饮料,0,,,15,2026-04-29 18:16:26,2026-04-29 18:16:26,2026-04-29 18:16:26
8160,2026-04-05,107.25,乐享生鲜,周天；青山攀岩,支出,食品饮料,食品饮料,0,,,15,2026-04-29 18:16:26,2026-04-29 18:16:26,2026-04-29 18:16:26
8159,2026-04-05,125.5,攀岩,周天；青山攀岩,支出,娱乐/运动,娱乐/运动,0,,,15,2026-04-29 18:16:26,2026-04-29 18:16:26,2026-04-29 18:16:26
8158,2026-04-05,62.8,吃饭,周天；青山攀岩,支出,食品饮料,食品饮料,0,,,15,2026-04-29 18:16:26,2026-04-29 18:16:26,2026-04-29 18:16:26
8166,2026-04-04,618.0,淘宝外套+老钱裤,周六，bigoffs买衣服。舒服。买了16件，花了2.1k，划算,支出,服饰,服饰,0,,,15,2026-04-29 18:16:26,2026-04-29 18:16:26,2026-04-29 18:16:26
8165,2026-04-04,792.0,环洞鞋+耐克鞋,周六，bigoffs买衣服。舒服。买了16件，花了2.1k，划算,支出,服饰,服饰,0,,,15,2026-04-29 18:16:26,2026-04-29 18:16:26,2026-04-29 18:16:26
8164,2026-04-04,899.42,淘宝毛衣+体恤,周六，bigoffs买衣服。舒服。买了16件，花了2.1k，划算,支出,服饰,服饰,0,,,15,2026-04-29 18:16:26,2026-04-29 18:16:26,2026-04-29 18:16:26
8163,2026-04-04,22.0,外卖,周六，bigoffs买衣服。舒服。买了16件，花了2.1k，划算,支出,食品饮料,食品饮料,0,,,15,2026-04-29 18:16:26,2026-04-29 18:16:26,2026-04-29 18:16:26
8162,2026-04-04,115.0,盒马,周六，bigoffs买衣服。舒服。买了16件，花了2.1k，划算,支出,食品饮料,食品饮料,0,,,15,2026-04-29 18:16:26,2026-04-29 18:16:26,2026-04-29 18:16:26
8167,2026-04-03,23.0,吃,周五,支出,食品饮料,食品饮料,0,,,15,2026-04-29 18:16:26,2026-04-29 18:16:26,2026-04-29 18:16:26
8168,2026-04-02,46.0,吃,周四,支出,食品饮料,食品饮料,0,,,15,2026-04-29 18:16:26,2026-04-29 18:16:26,2026-04-29 18:16:26
8170,2026-04-01,65.0,吃,周三,支出,食品饮料,食品饮料,0,,,15,2026-04-29 18:16:26,2026-04-29 18:16:26,2026-04-29 18:16:26
8169,2026-04-01,471.42,衣服,周三,支出,服饰,服饰,0,,,15,2026-04-29 18:16:26,2026-04-29 18:16:26,2026-04-29 18:16:26
8171,2026-03-31,30.0,吃,周二,支出,食品饮料,食品饮料,0,,,15,2026-04-29 18:16:26,2026-04-29 18:16:26,2026-04-29 18:16:26
8172,2026-03-30,32.0,吃,周一,支出,食品饮料,食品饮料,0,,,15,2026-04-29 18:16:26,2026-04-29 18:16:26,2026-04-29 18:16:26
8173,2026-03-29,112.0,晚餐,周天,支出,食品饮料,食品饮料,0,,,15,2026-04-29 18:16:26,2026-04-29 18:16:26,2026-04-29 18:16:26
8177,2026-03-28,1250.0,洗衣机,周六，约了一博，全宝，刘迪德扑，打爽了，输了2860分,支出,生活支出,生活支出,0,,,15,2026-04-29 18:16:26,2026-04-29 18:16:26,2026-04-29 18:16:26
8176,2026-03-28,30.0,德扑筹码,周六，约了一博，全宝，刘迪德扑，打爽了，输了2860分,支出,娱乐/运动,娱乐/运动,0,,,15,2026-04-29 18:16:26,2026-04-29 18:16:26,2026-04-29 18:16:26
8175,2026-03-28,236.0,晚餐,周六，约了一博，全宝，刘迪德扑，打爽了，输了2860分,支出,食品饮料,食品饮料,0,,,15,2026-04-29 18:16:26,2026-04-29 18:16:26,2026-04-29 18:16:26
8174,2026-03-28,72.5,德扑输钱,周六，约了一博，全宝，刘迪德扑，打爽了，输了2860分,支出,娱乐/运动,娱乐/运动,0,,,15,2026-04-29 18:16:26,2026-04-29 18:16:26,2026-04-29 18:16:26
8183,2026-03-27,18.9,吃的,周五，老姐生日，中午请恒宇赵洋斌哥吃饭，恒宇3-31后就不来了,支出,食品饮料,食品饮料,0,,,15,2026-04-29 18:16:26,2026-04-29 18:16:26,2026-04-29 18:16:26
8182,2026-03-27,62.0,给姐买的吃的,周五，老姐生日，中午请恒宇赵洋斌哥吃饭，恒宇3-31后就不来了,支出,食品饮料,食品饮料,0,,,15,2026-04-29 18:16:26,2026-04-29 18:16:26,2026-04-29 18:16:26
8181,2026-03-27,25.8,盒马布朗尼,周五，老姐生日，中午请恒宇赵洋斌哥吃饭，恒宇3-31后就不来了,支出,食品饮料,食品饮料,0,,,15,2026-04-29 18:16:26,2026-04-29 18:16:26,2026-04-29 18:16:26
8180,2026-03-27,200.0,请吃饭,周五，老姐生日，中午请恒宇赵洋斌哥吃饭，恒宇3-31后就不来了,支出,食品饮料,食品饮料,0,,,15,2026-04-29 18:16:26,2026-04-29 18:16:26,2026-04-29 18:16:26
8179,2026-03-27,66.6,姐盒马,周五，老姐生日，中午请恒宇赵洋斌哥吃饭，恒宇3-31后就不来了,支出,食品饮料,食品饮料,0,,,15,2026-04-29 18:16:26,2026-04-29 18:16:26,2026-04-29 18:16:26
8178,2026-03-27,64.8,姐花,周五，老姐生日，中午请恒宇赵洋斌哥吃饭，恒宇3-31后就不来了,支出,亲友转账,亲友转账,0,,,15,2026-04-29 18:16:26,2026-04-29 18:16:26,2026-04-29 18:16:26
8186,2026-03-26,106.0,超市,佳颖过生日。一起吃饭,支出,食品饮料,食品饮料,0,,,15,2026-04-29 18:16:26,2026-04-29 18:16:26,2026-04-29 18:16:26
8185,2026-03-26,78.0,吃,佳颖过生日。一起吃饭,支出,食品饮料,食品饮料,0,,,15,2026-04-29 18:16:26,2026-04-29 18:16:26,2026-04-29 18:16:26
8184,2026-03-26,80.0,社保卡立减金,佳颖过生日。一起吃饭,收入,其他,其他,0,,,15,2026-04-29 18:16:26,2026-04-29 18:16:26,2026-04-29 18:16:26
8191,2026-03-24,50.0,盒马,周二,支出,食品饮料,食品饮料,0,,,15,2026-04-29 18:16:26,2026-04-29 18:16:26,2026-04-29 18:16:26
8190,2026-03-24,4.5,电动车配件,周二,支出,交通,交通,0,,,15,2026-04-29 18:16:26,2026-04-29 18:16:26,2026-04-29 18:16:26
8189,2026-03-24,35.0,蜜豆虫子,周二,支出,生活支出,生活支出,0,,,15,2026-04-29 18:16:26,2026-04-29 18:16:26,2026-04-29 18:16:26
8188,2026-03-24,52.8,吃,周二,支出,食品饮料,食品饮料,0,,,15,2026-04-29 18:16:26,2026-04-29 18:16:26,2026-04-29 18:16:26
8192,2026-03-23,87.0,吃,周一,支出,食品饮料,食品饮料,0,,,15,2026-04-29 18:16:26,2026-04-29 18:16:26,2026-04-29 18:16:26
8194,2026-03-22,10.0,充电,买电动车了，台铃猎豹，3299r，真不错,支出,交通,交通,0,,,15,2026-04-29 18:16:26,2026-04-29 18:16:26,2026-04-29 18:16:26
8193,2026-03-22,113.2,吃,买电动车了，台铃猎豹，3299r，真不错,支出,食品饮料,食品饮料,0,,,15,2026-04-29 18:16:26,2026-04-29 18:16:26,2026-04-29 18:16:26
8198,2026-03-21,86.0,水果,周六，和杜钇静何佳颖王学友徒步香八拉，晚上德扑,支出,食品饮料,食品饮料,0,,,15,2026-04-29 18:16:26,2026-04-29 18:16:26,2026-04-29 18:16:26
8197,2026-03-21,13.5,打车,周六，和杜钇静何佳颖王学友徒步香八拉，晚上德扑,支出,交通,交通,0,,,15,2026-04-29 18:16:26,2026-04-29 18:16:26,2026-04-29 18:16:26
8196,2026-03-21,121.4,晚餐,周六，和杜钇静何佳颖王学友徒步香八拉，晚上德扑,支出,食品饮料,食品饮料,0,,,15,2026-04-29 18:16:26,2026-04-29 18:16:26,2026-04-29 18:16:26
8195,2026-03-21,61.5,吃,周六，和杜钇静何佳颖王学友徒步香八拉，晚上德扑,支出,食品饮料,食品饮料,0,,,15,2026-04-29 18:16:26,2026-04-29 18:16:26,2026-04-29 18:16:26
8199,2026-03-20,85.0,吃,周五,支出,食品饮料,食品饮料,0,,,15,2026-04-29 18:16:26,2026-04-29 18:16:26,2026-04-29 18:16:26
8202,2026-03-19,26.9,挂耳咖啡,周四,支出,食品饮料,食品饮料,0,,,15,2026-04-29 18:16:26,2026-04-29 18:16:26,2026-04-29 18:16:26
8201,2026-03-19,300.0,办光大银行信用卡,周四,收入,其他,其他,0,,,15,2026-04-29 18:16:26,2026-04-29 18:16:26,2026-04-29 18:16:26
8200,2026-03-19,29.0,吃,周四,支出,食品饮料,食品饮料,0,,,15,2026-04-29 18:16:26,2026-04-29 18:16:26,2026-04-29 18:16:26
8203,2026-03-17,28.0,吃,周二,支出,食品饮料,食品饮料,0,,,15,2026-04-29 18:16:26,2026-04-29 18:16:26,2026-04-29 18:16:26
8207,2026-03-16,95.0,攀岩次卡回收,周一,收入,其他,其他,0,,,15,2026-04-29 18:16:26,2026-04-29 18:16:26,2026-04-29 18:16:26
8206,2026-03-16,11.0,话费,周一,支出,虚拟充值/通讯,虚拟充值/通讯,0,,,15,2026-04-29 18:16:26,2026-04-29 18:16:26,2026-04-29 18:16:26
8205,2026-03-16,200.0,办邮储信用卡,周一,收入,其他,其他,0,,,15,2026-04-29 18:16:26,2026-04-29 18:16:26,2026-04-29 18:16:26
8204,2026-03-16,32.5,吃饭,周一,支出,食品饮料,食品饮料,0,,,15,2026-04-29 18:16:26,2026-04-29 18:16:26,2026-04-29 18:16:26
8215,2026-03-15,40.0,眼药水,周天，脱胡子,支出,食品饮料,食品饮料,0,,,15,2026-04-29 18:16:26,2026-04-29 18:16:26,2026-04-29 18:16:26
8214,2026-03-15,200.0,话费,周天，脱胡子,支出,虚拟充值/通讯,虚拟充值/通讯,0,,,15,2026-04-29 18:16:26,2026-04-29 18:16:26,2026-04-29 18:16:26
8213,2026-03-15,17.8,内六角,周天，脱胡子,支出,生活支出,生活支出,0,,,15,2026-04-29 18:16:26,2026-04-29 18:16:26,2026-04-29 18:16:26
8212,2026-03-15,30.3,斗笠茶杯,周天，脱胡子,支出,生活支出,生活支出,0,,,15,2026-04-29 18:16:26,2026-04-29 18:16:26,2026-04-29 18:16:26
8211,2026-03-15,92.5,七鲜,周天，脱胡子,支出,食品饮料,食品饮料,0,,,15,2026-04-29 18:16:26,2026-04-29 18:16:26,2026-04-29 18:16:26
8210,2026-03-15,10.9,卷尺,周天，脱胡子,支出,生活支出,生活支出,0,,,15,2026-04-29 18:16:26,2026-04-29 18:16:26,2026-04-29 18:16:26
8209,2026-03-15,15.0,剪头,周天，脱胡子,支出,生活支出,生活支出,0,,,15,2026-04-29 18:16:26,2026-04-29 18:16:26,2026-04-29 18:16:26
8208,2026-03-15,17.5,电动车充电器,周天，脱胡子,支出,交通,交通,0,,,15,2026-04-29 18:16:26,2026-04-29 18:16:26,2026-04-29 18:16:26
8217,2026-03-14,127.5,麻将,周六,支出,娱乐/运动,娱乐/运动,0,,,15,2026-04-29 18:16:26,2026-04-29 18:16:26,2026-04-29 18:16:26
8216,2026-03-14,174.5,七鲜,周六,支出,食品饮料,食品饮料,0,,,15,2026-04-29 18:16:26,2026-04-29 18:16:26,2026-04-29 18:16:26
8218,2026-03-13,29.0,吃,周五,支出,食品饮料,食品饮料,0,,,15,2026-04-29 18:16:26,2026-04-29 18:16:26,2026-04-29 18:16:26
8220,2026-03-12,200.0,宽带,周四,支出,虚拟充值/通讯,虚拟充值/通讯,0,,,15,2026-04-29 18:16:26,2026-04-29 18:16:26,2026-04-29 18:16:26
8219,2026-03-12,75.0,吃,周四,支出,食品饮料,食品饮料,0,,,15,2026-04-29 18:16:26,2026-04-29 18:16:26,2026-04-29 18:16:26
8221,2026-03-11,29.0,吃,周三,支出,食品饮料,食品饮料,0,,,15,2026-04-29 18:16:26,2026-04-29 18:16:26,2026-04-29 18:16:26
8223,2026-03-10,11.9,眼罩,,支出,生活支出,生活支出,0,,,15,2026-04-29 18:16:26,2026-04-29 18:16:26,2026-04-29 18:16:26
8222,2026-03-10,39.0,吃,,支出,食品饮料,食品饮料,0,,,15,2026-04-29 18:16:26,2026-04-29 18:16:26,2026-04-29 18:16:26
8225,2026-03-09,6.91,电池,退税了一千一,支出,生活支出,生活支出,0,,,15,2026-04-29 18:16:26,2026-04-29 18:16:26,2026-04-29 18:16:26
8224,2026-03-09,34.0,吃,退税了一千一,支出,食品饮料,食品饮料,0,,,15,2026-04-29 18:16:26,2026-04-29 18:16:26,2026-04-29 18:16:26
8228,2026-03-08,23.3,打车,周天滑雪，南山女生免票，和行长业务群她们,支出,交通,交通,0,,,15,2026-04-29 18:16:26,2026-04-29 18:16:26,2026-04-29 18:16:26
8227,2026-03-08,119.2,晚餐,周天滑雪，南山女生免票，和行长业务群她们,支出,食品饮料,食品饮料,0,,,15,2026-04-29 18:16:26,2026-04-29 18:16:26,2026-04-29 18:16:26
8226,2026-03-08,396.0,滑雪,周天滑雪，南山女生免票，和行长业务群她们,支出,娱乐/运动,娱乐/运动,0,,,15,2026-04-29 18:16:26,2026-04-29 18:16:26,2026-04-29 18:16:26
8230,2026-03-07,167.0,午餐寿司,周六,支出,食品饮料,食品饮料,0,,,15,2026-04-29 18:16:26,2026-04-29 18:16:26,2026-04-29 18:16:26
8229,2026-03-07,46.6,打车,周六,支出,交通,交通,0,,,15,2026-04-29 18:16:26,2026-04-29 18:16:26,2026-04-29 18:16:26
8233,2026-03-05,1433.0,攀岩卡回款,,收入,其他,其他,0,,,15,2026-04-29 18:16:26,2026-04-29 18:16:26,2026-04-29 18:16:26
8232,2026-03-05,22.0,茶盘,,支出,生活支出,生活支出,0,,,15,2026-04-29 18:16:26,2026-04-29 18:16:26,2026-04-29 18:16:26
8231,2026-03-05,12.6,吃,,支出,食品饮料,食品饮料,0,,,15,2026-04-29 18:16:26,2026-04-29 18:16:26,2026-04-29 18:16:26
8235,2026-03-04,77.0,蜜豆吃的,,支出,食品饮料,食品饮料,0,,,15,2026-04-29 18:16:26,2026-04-29 18:16:26,2026-04-29 18:16:26
8234,2026-03-04,44.0,吃,,支出,食品饮料,食品饮料,0,,,15,2026-04-29 18:16:26,2026-04-29 18:16:26,2026-04-29 18:16:26
8237,2026-03-03,999.0,奥攀攀岩年卡,元宵节。公司套圈领奖品,支出,娱乐/运动,娱乐/运动,0,,,15,2026-04-29 18:16:26,2026-04-29 18:16:26,2026-04-29 18:16:26
8236,2026-03-03,38.0,吃,元宵节。公司套圈领奖品,支出,食品饮料,食品饮料,0,,,15,2026-04-29 18:16:26,2026-04-29 18:16:26,2026-04-29 18:16:26
8238,2026-03-02,116.0,吃,,支出,食品饮料,食品饮料,0,,,15,2026-04-29 18:16:26,2026-04-29 18:16:26,2026-04-29 18:16:26
8239,2026-03-01,184.0,七鲜,,支出,食品饮料,食品饮料,0,,,15,2026-04-29 18:16:26,2026-04-29 18:16:26,2026-04-29 18:16:26
8246,2026-02-28,101.11,打车,和黄文韬+他对象滑雪，万龙滑雪场，这趟成本很高，1800左右了,支出,交通,交通,0,,,15,2026-04-29 18:16:26,2026-04-29 18:16:26,2026-04-29 18:16:26
8245,2026-02-28,51.0,奶茶,和黄文韬+他对象滑雪，万龙滑雪场，这趟成本很高，1800左右了,支出,食品饮料,食品饮料,0,,,15,2026-04-29 18:16:26,2026-04-29 18:16:26,2026-04-29 18:16:26
8244,2026-02-28,156.0,午餐,和黄文韬+他对象滑雪，万龙滑雪场，这趟成本很高，1800左右了,支出,食品饮料,食品饮料,0,,,15,2026-04-29 18:16:26,2026-04-29 18:16:26,2026-04-29 18:16:26
8243,2026-02-28,286.0,按摩,和黄文韬+他对象滑雪，万龙滑雪场，这趟成本很高，1800左右了,支出,生活支出,生活支出,0,,,15,2026-04-29 18:16:26,2026-04-29 18:16:26,2026-04-29 18:16:26
8242,2026-02-28,160.0,酒店,和黄文韬+他对象滑雪，万龙滑雪场，这趟成本很高，1800左右了,支出,住宿,住宿,0,,,15,2026-04-29 18:16:26,2026-04-29 18:16:26,2026-04-29 18:16:26
8241,2026-02-28,168.0,高铁,和黄文韬+他对象滑雪，万龙滑雪场，这趟成本很高，1800左右了,支出,交通,交通,0,,,15,2026-04-29 18:16:26,2026-04-29 18:16:26,2026-04-29 18:16:26
8240,2026-02-28,841.0,滑雪门票+租赁+柜子+保险,和黄文韬+他对象滑雪，万龙滑雪场，这趟成本很高，1800左右了,支出,娱乐/运动,娱乐/运动,0,,,15,2026-04-29 18:16:26,2026-04-29 18:16:26,2026-04-29 18:16:26
8248,2026-02-27,80.0,酒店,周五,支出,住宿,住宿,0,,,15,2026-04-29 18:16:26,2026-04-29 18:16:26,2026-04-29 18:16:26
8247,2026-02-27,71.0,吃,周五,支出,食品饮料,食品饮料,0,,,15,2026-04-29 18:16:26,2026-04-29 18:16:26,2026-04-29 18:16:26
8249,2026-02-26,29.0,吃,周四。大宝回来了,支出,食品饮料,食品饮料,0,,,15,2026-04-29 18:16:26,2026-04-29 18:16:26,2026-04-29 18:16:26
8250,2026-02-25,46.0,吃,,支出,食品饮料,食品饮料,0,,,15,2026-04-29 18:16:26,2026-04-29 18:16:26,2026-04-29 18:16:26
8187,2026-02-25,32.5,袜子,周三,支出,服饰,服饰,0,,,15,2026-04-29 18:16:26,2026-04-29 18:16:26,2026-04-29 18:16:26
8251,2026-02-24,0.0,吃,和赵洋付恒宇吃烤鱼，批复预警漏了马上消费安逸花,支出,食品饮料,食品饮料,0,,,15,2026-04-29 18:16:26,2026-04-29 18:16:26,2026-04-29 18:16:26
8255,2026-02-23,628.0,电钢琴,,支出,生活支出,生活支出,0,,,15,2026-04-29 18:16:26,2026-04-29 18:16:26,2026-04-29 18:16:26
8254,2026-02-23,6.7,挂钩,,支出,生活支出,生活支出,0,,,15,2026-04-29 18:16:26,2026-04-29 18:16:26,2026-04-29 18:16:26
8253,2026-02-23,26.67,奶皮,,支出,食品饮料,食品饮料,0,,,15,2026-04-29 18:16:26,2026-04-29 18:16:26,2026-04-29 18:16:26
8252,2026-02-23,157.0,吃,,支出,食品饮料,食品饮料,0,,,15,2026-04-29 18:16:26,2026-04-29 18:16:26,2026-04-29 18:16:26
8258,2026-02-22,70.45,打车,,支出,交通,交通,0,,,15,2026-04-29 18:16:26,2026-04-29 18:16:26,2026-04-29 18:16:26
8257,2026-02-22,117.0,羽毛球,,支出,娱乐/运动,娱乐/运动,0,,,15,2026-04-29 18:16:26,2026-04-29 18:16:26,2026-04-29 18:16:26
8256,2026-02-22,545.0,高铁,,支出,交通,交通,0,,,15,2026-04-29 18:16:26,2026-04-29 18:16:26,2026-04-29 18:16:26
8260,2026-02-18,113.0,优酷SVIP,,支出,虚拟充值/通讯,虚拟充值/通讯,0,,,15,2026-04-29 18:16:26,2026-04-29 18:16:26,2026-04-29 18:16:26
8259,2026-02-18,19.0,唇膏,,支出,生活支出,生活支出,0,,,15,2026-04-29 18:16:26,2026-04-29 18:16:26,2026-04-29 18:16:26
8262,2026-02-16,1200.0,姥爷红包+酒,周一，除夕,支出,亲友转账,亲友转账,0,,,15,2026-04-29 18:16:26,2026-04-29 18:16:26,2026-04-29 18:16:26
8261,2026-02-16,15000.0,爸妈姐红包,周一，除夕,支出,亲友转账,亲友转账,0,,,15,2026-04-29 18:16:26,2026-04-29 18:16:26,2026-04-29 18:16:26
8267,2026-02-14,6.8,格拉条,周六,支出,食品饮料,食品饮料,0,,,15,2026-04-29 18:16:26,2026-04-29 18:16:26,2026-04-29 18:16:26
8266,2026-02-14,107.0,花,周六,支出,生活支出,生活支出,0,,,15,2026-04-29 18:16:26,2026-04-29 18:16:26,2026-04-29 18:16:26
8265,2026-02-14,160.0,康佳羽毛球,周六,支出,亲友转账,亲友转账,0,,,15,2026-04-29 18:16:26,2026-04-29 18:16:26,2026-04-29 18:16:26
8264,2026-02-14,392.4,带吃的,周六,支出,食品饮料,食品饮料,0,,,15,2026-04-29 18:16:26,2026-04-29 18:16:26,2026-04-29 18:16:26
8263,2026-02-14,1117.0,高铁票往返,周六,支出,交通,交通,0,,,15,2026-04-29 18:16:26,2026-04-29 18:16:26,2026-04-29 18:16:26
8269,2026-02-13,98.0,晚餐,周五,支出,食品饮料,食品饮料,0,,,15,2026-04-29 18:16:26,2026-04-29 18:16:26,2026-04-29 18:16:26
8268,2026-02-13,24.8,蜜豆苹果,周五,支出,生活支出,生活支出,0,,,15,2026-04-29 18:16:26,2026-04-29 18:16:26,2026-04-29 18:16:26
8270,2026-02-12,56.6,吃,周四,支出,食品饮料,食品饮料,0,,,15,2026-04-29 18:16:26,2026-04-29 18:16:26,2026-04-29 18:16:26
8271,2026-02-11,63.32,吃,周三,支出,食品饮料,食品饮料,0,,,15,2026-04-29 18:16:26,2026-04-29 18:16:26,2026-04-29 18:16:26
8272,2026-02-10,25.0,吃,,支出,食品饮料,食品饮料,0,,,15,2026-04-29 18:16:26,2026-04-29 18:16:26,2026-04-29 18:16:26
8274,2026-02-09,209.0,吃,周一,支出,食品饮料,食品饮料,0,,,15,2026-04-29 18:16:26,2026-04-29 18:16:26,2026-04-29 18:16:26
8273,2026-02-09,1117.5,高铁票,周一,支出,交通,交通,0,,,15,2026-04-29 18:16:26,2026-04-29 18:16:26,2026-04-29 18:16:26
8277,2026-02-08,64.0,好利来,周天,支出,食品饮料,食品饮料,0,,,15,2026-04-29 18:16:26,2026-04-29 18:16:26,2026-04-29 18:16:26
8276,2026-02-08,193.0,姥爷酒,周天,支出,亲友转账,亲友转账,0,,,15,2026-04-29 18:16:26,2026-04-29 18:16:26,2026-04-29 18:16:26
8275,2026-02-08,100.0,宽带,周天,支出,虚拟充值/通讯,虚拟充值/通讯,0,,,15,2026-04-29 18:16:26,2026-04-29 18:16:26,2026-04-29 18:16:26
8278,2026-02-07,9.0,吃,周六,支出,食品饮料,食品饮料,0,,,15,2026-04-29 18:16:26,2026-04-29 18:16:26,2026-04-29 18:16:26
8279,2026-02-06,102.0,吃,周五,支出,食品饮料,食品饮料,0,,,15,2026-04-29 18:16:26,2026-04-29 18:16:26,2026-04-29 18:16:26
8280,2026-02-05,29.0,午餐,周四,支出,食品饮料,食品饮料,0,,,15,2026-04-29 18:16:26,2026-04-29 18:16:26,2026-04-29 18:16:26
8284,2026-02-04,58.0,优思悦,,支出,生活支出,生活支出,0,,,15,2026-04-29 18:16:26,2026-04-29 18:16:26,2026-04-29 18:16:26
8283,2026-02-04,40.0,甜点,,支出,食品饮料,食品饮料,0,,,15,2026-04-29 18:16:26,2026-04-29 18:16:26,2026-04-29 18:16:26
8282,2026-02-04,29.0,吃,,支出,食品饮料,食品饮料,0,,,15,2026-04-29 18:16:26,2026-04-29 18:16:26,2026-04-29 18:16:26
8281,2026-02-04,130.0,晖姐礼物,,支出,亲友转账,亲友转账,0,,,15,2026-04-29 18:16:26,2026-04-29 18:16:26,2026-04-29 18:16:26
8285,2026-02-03,44.0,吃,,支出,食品饮料,食品饮料,0,,,15,2026-04-29 18:16:26,2026-04-29 18:16:26,2026-04-29 18:16:26
8287,2026-02-01,126.08,茶盘+茶壶,,支出,生活支出,生活支出,0,,,15,2026-04-29 18:16:26,2026-04-29 18:16:26,2026-04-29 18:16:26
8286,2026-02-01,22.5,牛肉,,支出,食品饮料,食品饮料,0,,,15,2026-04-29 18:16:26,2026-04-29 18:16:26,2026-04-29 18:16:26
8290,2026-01-31,24.79,奶皮子,周六,支出,食品饮料,食品饮料,0,,,15,2026-04-29 18:16:26,2026-04-29 18:16:26,2026-04-29 18:16:26
8289,2026-01-31,31.0,吃,周六,支出,食品饮料,食品饮料,0,,,15,2026-04-29 18:16:26,2026-04-29 18:16:26,2026-04-29 18:16:26
8288,2026-01-31,78.2,牛奶,周六,支出,食品饮料,食品饮料,0,,,15,2026-04-29 18:16:26,2026-04-29 18:16:26,2026-04-29 18:16:26
8291,2026-01-30,101.0,吃,周五,支出,食品饮料,食品饮料,0,,,15,2026-04-29 18:16:26,2026-04-29 18:16:26,2026-04-29 18:16:26
8292,2026-01-29,58.0,吃,,支出,食品饮料,食品饮料,0,,,15,2026-04-29 18:16:26,2026-04-29 18:16:26,2026-04-29 18:16:26
8293,2026-01-28,144.4,水果+吃饭,,支出,食品饮料,食品饮料,0,,,15,2026-04-29 18:16:26,2026-04-29 18:16:26,2026-04-29 18:16:26
8297,2026-01-27,48.9,奶皮子,,支出,食品饮料,食品饮料,0,,,15,2026-04-29 18:16:26,2026-04-29 18:16:26,2026-04-29 18:16:26
8296,2026-01-27,637.0,羊毛衫+羊绒裤+雪地靴+羊毛鞋垫,,支出,服饰,服饰,0,,,15,2026-04-29 18:16:26,2026-04-29 18:16:26,2026-04-29 18:16:26
8295,2026-01-27,19.0,蒜蓉酱,,支出,食品饮料,食品饮料,0,,,15,2026-04-29 18:16:26,2026-04-29 18:16:26,2026-04-29 18:16:26
8294,2026-01-27,121.0,吃,,支出,食品饮料,食品饮料,0,,,15,2026-04-29 18:16:26,2026-04-29 18:16:26,2026-04-29 18:16:26
8300,2026-01-25,12.0,VPN,麻将，德扑，捉鸡麻将，和gaygay聪哥郭川东曾子豪,支出,虚拟充值/通讯,虚拟充值/通讯,0,,,15,2026-04-29 18:16:26,2026-04-29 18:16:26,2026-04-29 18:16:26
8299,2026-01-25,40.0,德扑筹码,麻将，德扑，捉鸡麻将，和gaygay聪哥郭川东曾子豪,支出,生活支出,生活支出,0,,,15,2026-04-29 18:16:26,2026-04-29 18:16:26,2026-04-29 18:16:26
8298,2026-01-25,25.0,牛奶,麻将，德扑，捉鸡麻将，和gaygay聪哥郭川东曾子豪,支出,食品饮料,食品饮料,0,,,15,2026-04-29 18:16:26,2026-04-29 18:16:26,2026-04-29 18:16:26
8301,2026-01-23,145.0,吃,周五，打麻将,支出,食品饮料,食品饮料,0,,,15,2026-04-29 18:16:26,2026-04-29 18:16:26,2026-04-29 18:16:26
8302,2026-01-22,164.7,吃,,支出,食品饮料,食品饮料,0,,,15,2026-04-29 18:16:26,2026-04-29 18:16:26,2026-04-29 18:16:26
8303,2026-01-21,183.0,吃,,支出,食品饮料,食品饮料,0,,,15,2026-04-29 18:16:26,2026-04-29 18:16:26,2026-04-29 18:16:26
8306,2026-01-20,83.8,吃,周二,支出,食品饮料,食品饮料,0,,,15,2026-04-29 18:16:26,2026-04-29 18:16:26,2026-04-29 18:16:26
8305,2026-01-20,96.5,鞋,周二,支出,服饰,服饰,0,,,15,2026-04-29 18:16:26,2026-04-29 18:16:26,2026-04-29 18:16:26
8304,2026-01-20,101.0,面膜,周二,支出,生活支出,生活支出,0,,,15,2026-04-29 18:16:26,2026-04-29 18:16:26,2026-04-29 18:16:26
8307,2026-01-18,110.0,晚外卖餐,,支出,食品饮料,食品饮料,0,,,15,2026-04-29 18:16:26,2026-04-29 18:16:26,2026-04-29 18:16:26
8311,2026-01-17,49.0,打车,剧本杀，和黄丞城，李昌硕，江中宇,支出,交通,交通,0,,,15,2026-04-29 18:16:26,2026-04-29 18:16:26,2026-04-29 18:16:26
8310,2026-01-17,138.0,剧本杀,剧本杀，和黄丞城，李昌硕，江中宇,支出,娱乐/运动,娱乐/运动,0,,,15,2026-04-29 18:16:26,2026-04-29 18:16:26,2026-04-29 18:16:26
8309,2026-01-17,116.0,吃,剧本杀，和黄丞城，李昌硕，江中宇,支出,食品饮料,食品饮料,0,,,15,2026-04-29 18:16:26,2026-04-29 18:16:26,2026-04-29 18:16:26
8308,2026-01-17,0.0,打车,剧本杀，和黄丞城，李昌硕，江中宇,支出,交通,交通,0,,,15,2026-04-29 18:16:26,2026-04-29 18:16:26,2026-04-29 18:16:26
8313,2026-01-16,194.0,吃,和黄老板，李昌硕，江中宇朋友们玩游戏,支出,食品饮料,食品饮料,0,,,15,2026-04-29 18:16:26,2026-04-29 18:16:26,2026-04-29 18:16:26
8312,2026-01-16,49.0,打车,和黄老板，李昌硕，江中宇朋友们玩游戏,支出,交通,交通,0,,,15,2026-04-29 18:16:26,2026-04-29 18:16:26,2026-04-29 18:16:26
8315,2026-01-12,29.0,吃,周一,支出,食品饮料,食品饮料,0,,,15,2026-04-29 18:16:26,2026-04-29 18:16:26,2026-04-29 18:16:26
8314,2026-01-12,29.0,吃,周二,支出,食品饮料,食品饮料,0,,,15,2026-04-29 18:16:26,2026-04-29 18:16:26,2026-04-29 18:16:26
8316,2026-01-11,143.0,七鲜,,支出,食品饮料,食品饮料,0,,,15,2026-04-29 18:16:26,2026-04-29 18:16:26,2026-04-29 18:16:26
8319,2026-01-10,198.0,水果,黄丞城，李昌硕，刘迪，张琳，江中宇一起德扑和女巫镇,支出,食品饮料,食品饮料,0,,,15,2026-04-29 18:16:26,2026-04-29 18:16:26,2026-04-29 18:16:26
8318,2026-01-10,60.0,德扑,黄丞城，李昌硕，刘迪，张琳，江中宇一起德扑和女巫镇,支出,生活支出,生活支出,0,,,15,2026-04-29 18:16:26,2026-04-29 18:16:26,2026-04-29 18:16:26
8317,2026-01-10,108.0,吃,黄丞城，李昌硕，刘迪，张琳，江中宇一起德扑和女巫镇,支出,食品饮料,食品饮料,0,,,15,2026-04-29 18:16:26,2026-04-29 18:16:26,2026-04-29 18:16:26
8320,2026-01-09,59.0,吃,,支出,食品饮料,食品饮料,0,,,15,2026-04-29 18:16:26,2026-04-29 18:16:26,2026-04-29 18:16:26
8321,2026-01-08,59.0,吃,,支出,食品饮料,食品饮料,0,,,15,2026-04-29 18:16:26,2026-04-29 18:16:26,2026-04-29 18:16:26
8322,2026-01-07,54.8,吃,,支出,食品饮料,食品饮料,0,,,15,2026-04-29 18:16:26,2026-04-29 18:16:26,2026-04-29 18:16:26
8323,2026-01-06,52.6,吃,,支出,食品饮料,食品饮料,0,,,15,2026-04-29 18:16:26,2026-04-29 18:16:26,2026-04-29 18:16:26
8324,2026-01-05,87.0,吃,,支出,食品饮料,食品饮料,0,,,15,2026-04-29 18:16:26,2026-04-29 18:16:26,2026-04-29 18:16:26
8325,2026-01-04,29.0,吃,,支出,食品饮料,食品饮料,0,,,15,2026-04-29 18:16:26,2026-04-29 18:16:26,2026-04-29 18:16:26
8327,2026-01-03,129.0,车厘子,,支出,食品饮料,食品饮料,0,,,15,2026-04-29 18:16:26,2026-04-29 18:16:26,2026-04-29 18:16:26
8326,2026-01-03,103.5,吃,,支出,食品饮料,食品饮料,0,,,15,2026-04-29 18:16:26,2026-04-29 18:16:26,2026-04-29 18:16:26
8328,2026-01-02,163.6,吃,,支出,食品饮料,食品饮料,0,,,15,2026-04-29 18:16:26,2026-04-29 18:16:26,2026-04-29 18:16:26
8331,2026-01-01,16.9,茶,,支出,食品饮料,食品饮料,0,,,15,2026-04-29 18:16:26,2026-04-29 18:16:26,2026-04-29 18:16:26
8330,2026-01-01,65.0,单杠,,支出,娱乐/运动,娱乐/运动,0,,,15,2026-04-29 18:16:26,2026-04-29 18:16:26,2026-04-29 18:16:26
8329,2026-01-01,76.0,吃,,支出,食品饮料,食品饮料,0,,,15,2026-04-29 18:16:26,2026-04-29 18:16:26,2026-04-29 18:16:26
29,2025-12-31,97.0,攀岩,周天跨年青藤攀岩,支出,娱乐/运动,娱乐/运动,0,,,5,2026-03-18 11:43:04,2026-03-18 11:43:04,2026-03-20 11:32:12
30,2025-12-30,48.0,吃,,支出,食品饮料,食品饮料,0,,,5,2026-03-18 11:43:04,2026-03-18 11:43:04,2026-03-20 11:32:12
31,2025-12-29,93.0,吃,,支出,食品饮料,食品饮料,0,,,5,2026-03-18 11:43:04,2026-03-18 11:43:04,2026-03-20 11:32:12
32,2025-12-28,130.0,吃饭,周天，飞猫攀岩纪家庙店,支出,食品饮料,食品饮料,0,,,5,2026-03-18 11:43:04,2026-03-18 11:43:04,2026-03-20 11:32:12
33,2025-12-27,118.0,吃,周六，翡翠头骨，德扑,支出,食品饮料,食品饮料,0,,,5,2026-03-18 11:43:04,2026-03-18 11:43:04,2026-03-20 11:32:12
34,2025-12-24,166.48,吃,,支出,食品饮料,食品饮料,0,,,5,2026-03-18 11:43:04,2026-03-18 11:43:04,2026-03-20 11:32:12
39,2025-12-21,158.0,Trae,,支出,虚拟充值/通讯,虚拟充值/通讯,0,,,5,2026-03-18 11:43:04,2026-03-18 11:43:04,2026-04-29 17:58:32
38,2025-12-21,74.8,三九感冒灵,,支出,生活支出,生活支出,0,,,5,2026-03-18 11:43:04,2026-03-18 11:43:04,2026-03-20 14:56:39
37,2025-12-21,16.8,打车,,支出,交通,交通,0,,,5,2026-03-18 11:43:04,2026-03-18 11:43:04,2026-03-20 11:32:12
36,2025-12-21,24.9,垃圾袋,,支出,生活支出,生活支出,0,,,5,2026-03-18 11:43:04,2026-03-18 11:43:04,2026-03-20 14:56:39
35,2025-12-21,46.88,吃,,支出,食品饮料,食品饮料,0,,,5,2026-03-18 11:43:04,2026-03-18 11:43:04,2026-03-20 11:32:12
42,2025-12-20,21.7,打车,,支出,交通,交通,0,,,5,2026-03-18 11:43:04,2026-03-18 11:43:04,2026-03-20 11:32:12
41,2025-12-20,103.0,坚果,,支出,食品饮料,食品饮料,0,,,5,2026-03-18 11:43:04,2026-03-18 11:43:04,2026-03-20 11:32:12
40,2025-12-20,60.0,吃,,支出,食品饮料,食品饮料,0,,,5,2026-03-18 11:43:04,2026-03-18 11:43:04,2026-03-20 11:32:12
48,2025-12-17,68.22,妈-康佳牛奶,,支出,食品饮料,食品饮料,0,,,5,2026-03-18 11:43:04,2026-03-18 11:43:04,2026-03-20 11:32:12
47,2025-12-17,24.9,垃圾袋,,支出,生活支出,生活支出,0,,,5,2026-03-18 11:43:04,2026-03-18 11:43:04,2026-03-20 14:56:39
46,2025-12-17,60.5,优思悦,,支出,生活支出,生活支出,0,,,5,2026-03-18 11:43:04,2026-03-18 11:43:04,2026-03-20 14:56:39
45,2025-12-17,293.0,升降桌,,支出,生活支出,生活支出,0,,,5,2026-03-18 11:43:04,2026-03-18 11:43:04,2026-03-20 14:56:39
44,2025-12-17,444.3,吃,,支出,食品饮料,食品饮料,0,,,5,2026-03-18 11:43:04,2026-03-18 11:43:04,2026-03-20 11:32:12
43,2025-12-17,92.0,小玩具,,支出,生活支出,生活支出,0,,,5,2026-03-18 11:43:04,2026-03-18 11:43:04,2026-03-20 14:56:39
50,2025-12-10,10.0,镁粉,,支出,娱乐/运动,娱乐/运动,0,,,5,2026-03-18 11:43:04,2026-03-18 11:43:04,2026-03-20 11:32:12
49,2025-12-10,104.0,吃,,支出,食品饮料,食品饮料,0,,,5,2026-03-18 11:43:04,2026-03-18 11:43:04,2026-03-20 11:32:12
51,2025-12-09,832.5,悦姐的黄龙攀岩鞋,,支出,亲友转账,亲友转账,0,,,5,2026-03-18 11:43:04,2026-03-18 11:43:04,2026-03-20 11:32:12
54,2025-12-08,144.0,吃,,支出,食品饮料,食品饮料,0,,,5,2026-03-18 11:43:04,2026-03-18 11:43:04,2026-03-20 11:32:12
53,2025-12-08,60.0,牛奶,,支出,食品饮料,食品饮料,0,,,5,2026-03-18 11:43:04,2026-03-18 11:43:04,2026-03-20 11:32:12
52,2025-12-08,29.0,吃,,支出,食品饮料,食品饮料,0,,,5,2026-03-18 11:43:04,2026-03-18 11:43:04,2026-03-20 11:32:12
56,2025-12-07,67.4,吃,,支出,食品饮料,食品饮料,0,,,5,2026-03-18 11:43:04,2026-03-18 11:43:04,2026-03-20 11:32:12
55,2025-12-07,70.6,椰汁,,支出,食品饮料,食品饮料,0,,,5,2026-03-18 11:43:04,2026-03-18 11:43:04,2026-03-20 11:32:12
58,2025-12-06,176.7,吃,和邓鹏元攀岩，攀岩状态很差，叫江中宇来打麻将,支出,食品饮料,食品饮料,0,,,5,2026-03-18 11:43:04,2026-03-18 11:43:04,2026-03-20 11:32:12
57,2025-12-06,38.0,打车,和邓鹏元攀岩，攀岩状态很差，叫江中宇来打麻将,支出,交通,交通,0,,,5,2026-03-18 11:43:04,2026-03-18 11:43:04,2026-03-20 11:32:12
59,2025-12-05,29.0,午餐,,支出,食品饮料,食品饮料,0,,,5,2026-03-18 11:43:04,2026-03-18 11:43:04,2026-03-20 11:32:12
61,2025-12-04,53.0,吃,,支出,食品饮料,食品饮料,0,,,5,2026-03-18 11:43:04,2026-03-18 11:43:04,2026-03-20 11:32:12
60,2025-12-04,26.0,烘鞋器,,支出,服饰,服饰,0,,,5,2026-03-18 11:43:04,2026-03-18 11:43:04,2026-03-20 11:32:12
62,2025-12-03,50.0,吃,,支出,食品饮料,食品饮料,0,,,5,2026-03-18 11:43:04,2026-03-18 11:43:04,2026-03-20 11:32:12
63,2025-12-02,60.7,吃,,支出,食品饮料,食品饮料,0,,,5,2026-03-18 11:43:04,2026-03-18 11:43:04,2026-03-20 11:32:12
65,2025-12-01,41.0,电动车披风被,,支出,交通,交通,0,,,5,2026-03-18 11:43:04,2026-03-18 11:43:04,2026-03-20 11:32:12
64,2025-12-01,29.0,吃,,支出,食品饮料,食品饮料,0,,,5,2026-03-18 11:43:04,2026-03-18 11:43:04,2026-03-20 11:32:12
4,2025-11-30,0.0,,周天，和刘迪张琳江中宇打麻将德扑,支出,其他消费,其他消费,0,,,1,2026-03-18 10:19:17,2026-03-17 18:21:25,2026-03-17 18:21:25
5,2025-11-29,0.0,,周六公司团建。卡丁车车,支出,其他消费,其他消费,0,,,1,2026-03-18 10:19:17,2026-03-17 18:21:25,2026-03-17 18:21:25
67,2025-11-28,35.0,攀岩T恤,,支出,服饰,服饰,0,,,5,2026-03-18 11:43:04,2026-03-18 11:43:04,2026-03-20 11:32:12
66,2025-11-28,29.0,吃,,支出,食品饮料,食品饮料,0,,,5,2026-03-18 11:43:04,2026-03-18 11:43:04,2026-03-20 11:32:12
69,2025-11-27,15.0,剪头,周四，京东保洁上门,支出,生活支出,生活支出,0,,,5,2026-03-18 11:43:04,2026-03-18 11:43:04,2026-03-20 14:56:39
68,2025-11-27,142.0,吃,周四，京东保洁上门,支出,食品饮料,食品饮料,0,,,5,2026-03-18 11:43:04,2026-03-18 11:43:04,2026-03-20 11:32:12
71,2025-11-25,60.0,吃饭,,支出,食品饮料,食品饮料,0,,,5,2026-03-18 11:43:04,2026-03-18 11:43:04,2026-03-20 11:32:12
70,2025-11-25,16.0,鞋子加热器,,支出,服饰,服饰,0,,,5,2026-03-18 11:43:04,2026-03-18 11:43:04,2026-03-20 11:32:12
73,2025-11-24,54.0,吃饭,,支出,食品饮料,食品饮料,0,,,5,2026-03-18 11:43:04,2026-03-18 11:43:04,2026-03-20 11:32:12
72,2025-11-24,30.0,牛奶,,支出,食品饮料,食品饮料,0,,,5,2026-03-18 11:43:04,2026-03-18 11:43:04,2026-03-20 11:32:12
76,2025-11-23,24.0,打车,打麻将。买麻将机，悦姐同门一人出200,支出,交通,交通,0,,,5,2026-03-18 11:43:04,2026-03-18 11:43:04,2026-03-20 11:32:12
75,2025-11-23,96.0,吃饭,打麻将。买麻将机，悦姐同门一人出200,支出,食品饮料,食品饮料,0,,,5,2026-03-18 11:43:04,2026-03-18 11:43:04,2026-03-20 11:32:12
74,2025-11-23,96.0,牛奶,打麻将。买麻将机，悦姐同门一人出200,支出,食品饮料,食品饮料,0,,,5,2026-03-18 11:43:04,2026-03-18 11:43:04,2026-03-20 11:32:12
77,2025-11-22,76.0,攀岩,,支出,娱乐/运动,娱乐/运动,0,,,5,2026-03-18 11:43:04,2026-03-18 11:43:04,2026-03-20 11:32:12
78,2025-11-21,124.0,牛奶,,支出,食品饮料,食品饮料,0,,,5,2026-03-18 11:43:04,2026-03-18 11:43:04,2026-03-20 11:32:12
79,2025-11-20,29.0,餐,,支出,食品饮料,食品饮料,0,,,5,2026-03-18 11:43:04,2026-03-18 11:43:04,2026-03-20 11:32:12
80,2025-11-19,219.0,吃,,支出,食品饮料,食品饮料,0,,,5,2026-03-18 11:43:04,2026-03-18 11:43:04,2026-03-20 11:32:12
82,2025-11-18,57.0,午餐,,支出,食品饮料,食品饮料,0,,,5,2026-03-18 11:43:04,2026-03-18 11:43:04,2026-03-20 11:32:12
81,2025-11-18,20.0,充电,,支出,交通,交通,0,,,5,2026-03-18 11:43:04,2026-03-18 11:43:04,2026-03-20 11:32:12
83,2025-11-17,50.0,支出,,支出,生活支出,生活支出,0,,,5,2026-03-18 11:43:04,2026-03-18 11:43:04,2026-03-20 14:56:39
86,2025-11-16,112.0,吃,,支出,食品饮料,食品饮料,0,,,5,2026-03-18 11:43:04,2026-03-18 11:43:04,2026-03-20 11:32:12
85,2025-11-16,118.0,精华,,支出,生活支出,生活支出,0,,,5,2026-03-18 11:43:04,2026-03-18 11:43:04,2026-03-20 14:56:39
84,2025-11-16,97.0,蜜袋鼯,,支出,生活支出,生活支出,0,,,5,2026-03-18 11:43:04,2026-03-18 11:43:04,2026-03-20 14:56:39
87,2025-11-14,200.0,吃饭,,支出,食品饮料,食品饮料,0,,,5,2026-03-18 11:43:04,2026-03-18 11:43:04,2026-03-20 11:32:12
88,2025-11-09,226.0,周六麻将德扑喝酒,周日，t1夺冠,支出,娱乐/运动,娱乐/运动,0,,,5,2026-03-18 11:43:04,2026-03-18 11:43:04,2026-03-20 11:32:12
89,2025-11-07,39.0,吃饭,,支出,食品饮料,食品饮料,0,,,5,2026-03-18 11:43:04,2026-03-18 11:43:04,2026-03-20 11:32:12
91,2025-11-06,22.0,晚餐,,支出,食品饮料,食品饮料,0,,,5,2026-03-18 11:43:04,2026-03-18 11:43:04,2026-03-20 11:32:12
90,2025-11-06,50.0,话费,,支出,虚拟充值/通讯,虚拟充值/通讯,0,,,5,2026-03-18 11:43:04,2026-03-18 11:43:04,2026-04-29 17:58:32
92,2025-11-05,87.0,近三天午餐,,支出,食品饮料,食品饮料,0,,,5,2026-03-18 11:43:04,2026-03-18 11:43:04,2026-03-20 11:32:12
93,2025-10-31,29.0,午餐,周五,支出,食品饮料,食品饮料,0,,,5,2026-03-18 11:43:04,2026-03-18 11:43:04,2026-03-20 11:32:12
94,2025-10-30,140.0,优思悦,周四，人流手术,支出,生活支出,生活支出,0,,,5,2026-03-18 11:43:04,2026-03-18 11:43:04,2026-03-20 14:56:39
95,2025-10-29,29.0,午餐,周三，交接,支出,食品饮料,食品饮料,0,,,5,2026-03-18 11:43:04,2026-03-18 11:43:04,2026-03-20 11:32:12
97,2025-10-28,52.0,晚餐,周二，交接,支出,食品饮料,食品饮料,0,,,5,2026-03-18 11:43:04,2026-03-18 11:43:04,2026-03-20 11:32:12
96,2025-10-28,24.0,午餐,周二，交接,支出,食品饮料,食品饮料,0,,,5,2026-03-18 11:43:04,2026-03-18 11:43:04,2026-03-20 11:32:12
99,2025-10-27,49.0,午晚餐,周一，赵东杰生日,支出,食品饮料,食品饮料,0,,,5,2026-03-18 11:43:04,2026-03-18 11:43:04,2026-03-20 11:32:12
98,2025-10-27,35.0,赵东杰蛋糕,周一，赵东杰生日,支出,食品饮料,食品饮料,0,,,5,2026-03-18 11:43:04,2026-03-18 11:43:04,2026-03-20 11:32:12
101,2025-10-25,15.0,交通,周六，BLG输TES,支出,交通,交通,0,,,5,2026-03-18 11:43:04,2026-03-18 11:43:04,2026-03-20 11:32:12
100,2025-10-25,35.0,午餐,周六，BLG输TES,支出,食品饮料,食品饮料,0,,,5,2026-03-18 11:43:04,2026-03-18 11:43:04,2026-03-20 11:32:12
102,2025-10-24,38.9,午餐,周五，交接,支出,食品饮料,食品饮料,0,,,5,2026-03-18 11:43:04,2026-03-18 11:43:04,2026-03-20 11:32:12
104,2025-10-23,10.9,甜点,周四，交接,支出,食品饮料,食品饮料,0,,,5,2026-03-18 11:43:04,2026-03-18 11:43:04,2026-03-20 11:32:12
103,2025-10-23,29.0,午餐,周四，交接,支出,食品饮料,食品饮料,0,,,5,2026-03-18 11:43:04,2026-03-18 11:43:04,2026-03-20 11:32:12
105,2025-10-22,29.0,午餐,周三,支出,食品饮料,食品饮料,0,,,5,2026-03-18 11:43:04,2026-03-18 11:43:04,2026-03-20 11:32:12
107,2025-10-21,20.0,晚餐,周二,支出,食品饮料,食品饮料,0,,,5,2026-03-18 11:43:04,2026-03-18 11:43:04,2026-03-20 11:32:12
106,2025-10-21,29.0,午餐,周二,支出,食品饮料,食品饮料,0,,,5,2026-03-18 11:43:04,2026-03-18 11:43:04,2026-03-20 11:32:12
109,2025-10-20,37.0,晚餐,周一，悦姐去朝阳区妇幼保健院,支出,食品饮料,食品饮料,0,,,5,2026-03-18 11:43:04,2026-03-18 11:43:04,2026-03-20 11:32:12
108,2025-10-20,29.0,午餐,周一，悦姐去朝阳区妇幼保健院,支出,食品饮料,食品饮料,0,,,5,2026-03-18 11:43:04,2026-03-18 11:43:04,2026-03-20 11:32:12
111,2025-10-19,4000.0,爸转的钱,周天，安慰江中宇，晚上查出怀孕,收入,亲友转账,亲友转账,0,,,5,2026-03-18 11:43:04,2026-03-18 11:43:04,2026-03-20 11:32:12
110,2025-10-19,12.0,交通,周天，安慰江中宇，晚上查出怀孕,支出,交通,交通,0,,,5,2026-03-18 11:43:04,2026-03-18 11:43:04,2026-03-20 11:32:12
112,2025-10-18,60.0,故宫,周六，因为前一天晚上拌嘴到三点没起来去故宫，江中宇分手,支出,娱乐/运动,娱乐/运动,0,,,5,2026-03-18 11:43:04,2026-03-18 11:43:04,2026-03-20 11:32:12
113,2025-10-17,29.0,午餐,,支出,食品饮料,食品饮料,0,,,5,2026-03-18 11:43:04,2026-03-18 11:43:04,2026-03-20 11:32:12
114,2025-10-16,29.0,午餐,,支出,食品饮料,食品饮料,0,,,5,2026-03-18 11:43:04,2026-03-18 11:43:04,2026-03-20 11:32:12
117,2025-10-15,73.0,晚餐,,支出,食品饮料,食品饮料,0,,,5,2026-03-18 11:43:04,2026-03-18 11:43:04,2026-03-20 11:32:12
116,2025-10-15,29.0,午餐,,支出,食品饮料,食品饮料,0,,,5,2026-03-18 11:43:04,2026-03-18 11:43:04,2026-03-20 11:32:12
115,2025-10-15,43.0,悦姐打车,,支出,亲友转账,亲友转账,0,,,5,2026-03-18 11:43:04,2026-03-18 11:43:04,2026-03-20 11:32:12
118,2025-10-14,101.0,吃,,支出,食品饮料,食品饮料,0,,,5,2026-03-18 11:43:04,2026-03-18 11:43:04,2026-03-20 11:32:12
119,2025-10-13,13.0,晚餐,,支出,食品饮料,食品饮料,0,,,5,2026-03-18 11:43:04,2026-03-18 11:43:04,2026-03-20 11:32:12
121,2025-10-12,58.0,吃饭,,支出,食品饮料,食品饮料,0,,,5,2026-03-18 11:43:04,2026-03-18 11:43:04,2026-03-20 11:32:12
120,2025-10-12,80.0,盒马,,支出,食品饮料,食品饮料,0,,,5,2026-03-18 11:43:04,2026-03-18 11:43:04,2026-03-20 11:32:12
122,2025-10-11,16.0,午餐,,支出,食品饮料,食品饮料,0,,,5,2026-03-18 11:43:04,2026-03-18 11:43:04,2026-03-20 11:32:12
123,2025-10-09,90.0,吃,,支出,食品饮料,食品饮料,0,,,5,2026-03-18 11:43:04,2026-03-18 11:43:04,2026-03-20 11:32:12
125,2025-10-08,41.0,粥,,支出,食品饮料,食品饮料,0,,,5,2026-03-18 11:43:04,2026-03-18 11:43:04,2026-03-20 11:32:12
124,2025-10-08,107.0,吃,,支出,食品饮料,食品饮料,0,,,5,2026-03-18 11:43:04,2026-03-18 11:43:04,2026-03-20 11:32:12
127,2025-10-06,41.0,粥,,支出,食品饮料,食品饮料,0,,,5,2026-03-18 11:43:04,2026-03-18 11:43:04,2026-03-20 11:32:12
126,2025-10-06,109.0,悦姐裤子,,支出,亲友转账,亲友转账,0,,,5,2026-03-18 11:43:04,2026-03-18 11:43:04,2026-03-20 11:32:12
129,2025-10-05,12.8,泡茶滤网,,支出,生活支出,生活支出,0,,,5,2026-03-18 11:43:04,2026-03-18 11:43:04,2026-03-20 14:56:39
128,2025-10-05,11.64,吃,,支出,食品饮料,食品饮料,0,,,5,2026-03-18 11:43:04,2026-03-18 11:43:04,2026-03-20 11:32:12
131,2025-10-03,24.0,电影票,,支出,娱乐/运动,娱乐/运动,0,,,5,2026-03-18 11:43:04,2026-03-18 11:43:04,2026-03-20 11:32:12
130,2025-10-03,43.0,吃,,支出,食品饮料,食品饮料,0,,,5,2026-03-18 11:43:04,2026-03-18 11:43:04,2026-03-20 11:32:12
132,2025-10-01,34.22,吃,,支出,食品饮料,食品饮料,0,,,5,2026-03-18 11:43:04,2026-03-18 11:43:04,2026-03-20 11:32:12
134,2025-09-30,60.0,润滑液,,支出,生活支出,生活支出,0,,,5,2026-03-18 11:43:04,2026-03-18 11:43:04,2026-03-20 14:56:39
133,2025-09-30,110.0,牙刷,,支出,生活支出,生活支出,0,,,5,2026-03-18 11:43:04,2026-03-18 11:43:04,2026-03-20 14:56:39
135,2025-09-28,76.0,李昌硕生日礼物,周日调休上班,支出,社交,社交,0,,,5,2026-03-18 11:43:04,2026-03-18 11:43:04,2026-03-20 11:32:12
137,2025-09-27,57.0,购物,周六,支出,食品饮料,食品饮料,0,,,5,2026-03-18 11:43:04,2026-03-18 11:43:04,2026-03-20 11:32:12
136,2025-09-27,94.0,午餐,周六,支出,食品饮料,食品饮料,0,,,5,2026-03-18 11:43:04,2026-03-18 11:43:04,2026-03-20 11:32:12
139,2025-09-25,110.0,牙刷,,支出,生活支出,生活支出,0,,,5,2026-03-18 11:43:04,2026-03-18 11:43:04,2026-03-20 14:56:39
138,2025-09-25,40.0,午餐,,支出,食品饮料,食品饮料,0,,,5,2026-03-18 11:43:04,2026-03-18 11:43:04,2026-03-20 11:32:12
140,2025-09-23,20.0,午餐,周二,支出,食品饮料,食品饮料,0,,,5,2026-03-18 11:43:04,2026-03-18 11:43:04,2026-03-20 11:32:12
141,2025-09-22,190.0,衣服,周一,支出,服饰,服饰,0,,,5,2026-03-18 11:43:04,2026-03-18 11:43:04,2026-03-20 11:32:12
143,2025-09-21,14.0,晚餐,周日，野攀,支出,食品饮料,食品饮料,0,,,5,2026-03-18 11:43:04,2026-03-18 11:43:04,2026-03-20 11:32:12
142,2025-09-21,58.86,购物,周日，野攀,支出,食品饮料,食品饮料,0,,,5,2026-03-18 11:43:04,2026-03-18 11:43:04,2026-03-20 11:32:12
144,2025-09-20,95.0,盒马,,支出,食品饮料,食品饮料,0,,,5,2026-03-18 11:43:04,2026-03-18 11:43:04,2026-03-20 11:32:12
145,2025-09-19,100.0,周一到周五午餐,周五,支出,食品饮料,食品饮料,0,,,5,2026-03-18 11:43:04,2026-03-18 11:43:04,2026-03-20 11:32:12
148,2025-09-14,150.0,电动车换胎,周天,支出,交通,交通,0,,,5,2026-03-18 11:43:04,2026-03-18 11:43:04,2026-03-20 11:32:12
147,2025-09-14,20.0,午餐,周天,支出,食品饮料,食品饮料,0,,,5,2026-03-18 11:43:04,2026-03-18 11:43:04,2026-03-20 11:32:12
146,2025-09-14,6.0,野攀,周天,支出,娱乐/运动,娱乐/运动,0,,,5,2026-03-18 11:43:04,2026-03-18 11:43:04,2026-03-20 11:32:12
150,2025-09-13,20.0,晚餐,周六,支出,食品饮料,食品饮料,0,,,5,2026-03-18 11:43:04,2026-03-18 11:43:04,2026-03-20 11:32:12
149,2025-09-13,7480.0,瑜伽课,周六,支出,娱乐/运动,娱乐/运动,0,,,5,2026-03-18 11:43:04,2026-03-18 11:43:04,2026-03-20 11:32:12
152,2025-09-11,106.0,榴莲,周四,支出,食品饮料,食品饮料,0,,,5,2026-03-18 11:43:04,2026-03-18 11:43:04,2026-03-20 11:32:12
151,2025-09-11,89.45,餐饮,周四,支出,食品饮料,食品饮料,0,,,5,2026-03-18 11:43:04,2026-03-18 11:43:04,2026-03-20 11:32:12
153,2025-09-08,70.0,美团,周一,支出,食品饮料,食品饮料,0,,,5,2026-03-18 11:43:04,2026-03-18 11:43:04,2026-03-20 11:32:12
156,2025-09-04,45.0,蚊帐,周四,支出,生活支出,生活支出,0,,,5,2026-03-18 11:43:04,2026-03-18 11:43:04,2026-03-20 14:56:39
155,2025-09-04,571.5,衣服,周四,支出,服饰,服饰,0,,,5,2026-03-18 11:43:04,2026-03-18 11:43:04,2026-03-20 11:32:12
154,2025-09-04,20.0,午餐,周四,支出,食品饮料,食品饮料,0,,,5,2026-03-18 11:43:04,2026-03-18 11:43:04,2026-03-20 11:32:12
157,2025-09-03,20.0,午餐,周三,支出,食品饮料,食品饮料,0,,,5,2026-03-18 11:43:04,2026-03-18 11:43:04,2026-03-20 11:32:12
158,2025-09-02,50.0,午餐晚餐,周二,支出,食品饮料,食品饮料,0,,,5,2026-03-18 11:43:04,2026-03-18 11:43:04,2026-03-20 11:32:12
160,2025-09-01,28.0,晚餐,周一,支出,食品饮料,食品饮料,0,,,5,2026-03-18 11:43:04,2026-03-18 11:43:04,2026-03-20 11:32:12
159,2025-09-01,17.9,午餐,周一,支出,食品饮料,食品饮料,0,,,5,2026-03-18 11:43:04,2026-03-18 11:43:04,2026-03-20 11:32:12
161,2025-08-31,22.0,晚餐,周天,支出,食品饮料,食品饮料,0,,,5,2026-03-18 11:43:04,2026-03-18 11:43:04,2026-03-20 11:32:12
164,2025-08-29,9.0,美团,周五,支出,食品饮料,食品饮料,0,,,5,2026-03-18 11:43:04,2026-03-18 11:43:04,2026-03-20 11:32:12
163,2025-08-29,73.52,鞋架,周五,支出,服饰,服饰,0,,,5,2026-03-18 11:43:04,2026-03-18 11:43:04,2026-03-20 11:32:12
162,2025-08-29,12.0,午餐,周五,支出,食品饮料,食品饮料,0,,,5,2026-03-18 11:43:04,2026-03-18 11:43:04,2026-03-20 11:32:12
165,2025-08-27,42.59,拓展坞,周三,支出,生活支出,生活支出,0,,,5,2026-03-18 11:43:04,2026-03-18 11:43:04,2026-03-20 14:56:39
166,2025-08-26,56.8,打车,周二,支出,交通,交通,0,,,5,2026-03-18 11:43:04,2026-03-18 11:43:04,2026-03-20 11:32:12
169,2025-08-25,119.0,银行从业,周一,支出,学习/培训/办公,学习/培训/办公,0,,,5,2026-03-18 11:43:04,2026-03-18 11:43:04,2026-03-20 11:32:12
168,2025-08-25,18.0,晚餐,周一,支出,食品饮料,食品饮料,0,,,5,2026-03-18 11:43:04,2026-03-18 11:43:04,2026-03-20 11:32:12
167,2025-08-25,15.0,午餐,周一,支出,食品饮料,食品饮料,0,,,5,2026-03-18 11:43:04,2026-03-18 11:43:04,2026-03-20 11:32:12
170,2025-08-23,16.0,晚餐,周六,支出,食品饮料,食品饮料,0,,,5,2026-03-18 11:43:04,2026-03-18 11:43:04,2026-03-20 11:32:12
171,2025-08-22,14.9,午餐,周五,支出,食品饮料,食品饮料,0,,,5,2026-03-18 11:43:04,2026-03-18 11:43:04,2026-03-20 11:32:12
173,2025-08-20,29.0,镁粉,周三,支出,娱乐/运动,娱乐/运动,0,,,5,2026-03-18 11:43:04,2026-03-18 11:43:04,2026-03-20 11:32:12
172,2025-08-20,68.0,爸妈电费,周三,支出,亲友转账,亲友转账,0,,,5,2026-03-18 11:43:04,2026-03-18 11:43:04,2026-03-20 11:32:12
175,2025-08-19,36.1,木耳,周二,支出,食品饮料,食品饮料,0,,,5,2026-03-18 11:43:04,2026-03-18 11:43:04,2026-03-20 11:32:12
174,2025-08-19,18.5,打车,周二,支出,交通,交通,0,,,5,2026-03-18 11:43:04,2026-03-18 11:43:04,2026-03-20 11:32:12
177,2025-08-18,33.8,蜜豆吃的,周一,支出,食品饮料,食品饮料,0,,,5,2026-03-18 11:43:04,2026-03-18 11:43:04,2026-03-20 11:32:12
176,2025-08-18,25.0,午餐,周一,支出,食品饮料,食品饮料,0,,,5,2026-03-18 11:43:04,2026-03-18 11:43:04,2026-03-20 11:32:12
179,2025-08-16,89.0,攀岩衣服,周天,支出,服饰,服饰,0,,,5,2026-03-18 11:43:04,2026-03-18 11:43:04,2026-03-20 11:32:12
178,2025-08-16,1980.0,攀岩,周天,支出,娱乐/运动,娱乐/运动,0,,,5,2026-03-18 11:43:04,2026-03-18 11:43:04,2026-03-20 11:32:12
181,2025-08-15,134.0,晚餐,周五,支出,食品饮料,食品饮料,0,,,5,2026-03-18 11:43:04,2026-03-18 11:43:04,2026-03-20 11:32:12
180,2025-08-15,11377.53,工资,周五,收入,工资,工资,0,,,5,2026-03-18 11:43:04,2026-03-18 11:43:04,2026-03-20 11:32:12
182,2025-08-11,25.6,午餐,周一,支出,食品饮料,食品饮料,0,,,5,2026-03-18 11:43:04,2026-03-18 11:43:04,2026-03-20 11:32:12
186,2025-08-10,145.0,晚餐,周天,支出,食品饮料,食品饮料,0,,,5,2026-03-18 11:43:04,2026-03-18 11:43:04,2026-03-20 11:32:12
185,2025-08-10,63.5,套,周天,支出,生活支出,生活支出,0,,,5,2026-03-18 11:43:04,2026-03-18 11:43:04,2026-03-20 14:56:39
184,2025-08-10,23.5,日用,周天,支出,生活支出,生活支出,0,,,5,2026-03-18 11:43:04,2026-03-18 11:43:04,2026-03-20 14:56:39
183,2025-08-10,36.0,吃饭,周天,支出,食品饮料,食品饮料,0,,,5,2026-03-18 11:43:04,2026-03-18 11:43:04,2026-03-20 11:32:12
187,2025-08-09,41.9,美团,周六，攀岩体验,支出,食品饮料,食品饮料,0,,,5,2026-03-18 11:43:04,2026-03-18 11:43:04,2026-03-20 11:32:12
188,2025-08-08,196.0,吃饭,和二行吃饭,支出,食品饮料,食品饮料,0,,,5,2026-03-18 11:43:04,2026-03-18 11:43:04,2026-03-20 11:32:12
191,2025-08-05,80.0,茶叶,周二,支出,食品饮料,食品饮料,0,,,5,2026-03-18 11:43:04,2026-03-18 11:43:04,2026-03-20 11:32:12
190,2025-08-05,25.0,午餐,周二,支出,食品饮料,食品饮料,0,,,5,2026-03-18 11:43:04,2026-03-18 11:43:04,2026-03-20 11:32:12
189,2025-08-05,73.0,芝士,周二,支出,食品饮料,食品饮料,0,,,5,2026-03-18 11:43:04,2026-03-18 11:43:04,2026-03-20 11:32:12
192,2025-08-02,156.0,晚餐,周六,支出,食品饮料,食品饮料,0,,,5,2026-03-18 11:43:04,2026-03-18 11:43:04,2026-03-20 11:32:12
193,2025-07-31,900.0,悦姐比基尼vio+脱唇毛,周四,支出,亲友转账,亲友转账,0,,,5,2026-03-18 11:43:04,2026-03-18 11:43:04,2026-03-20 11:32:12
195,2025-07-28,72.0,好利来,周一,支出,食品饮料,食品饮料,0,,,5,2026-03-18 11:43:04,2026-03-18 11:43:04,2026-03-20 11:32:12
194,2025-07-28,8.0,买菜,周一,支出,食品饮料,食品饮料,0,,,5,2026-03-18 11:43:04,2026-03-18 11:43:04,2026-03-20 11:32:12
197,2025-07-27,15.0,剪头,周日,支出,生活支出,生活支出,0,,,5,2026-03-18 11:43:04,2026-03-18 11:43:04,2026-03-20 14:56:39
196,2025-07-27,85.0,买菜,周日,支出,食品饮料,食品饮料,0,,,5,2026-03-18 11:43:04,2026-03-18 11:43:04,2026-03-20 11:32:12
200,2025-07-26,40.0,买药,周六,支出,生活支出,生活支出,0,,,5,2026-03-18 11:43:04,2026-03-18 11:43:04,2026-03-20 14:56:39
199,2025-07-26,10.0,拼多多,周六,支出,生活支出,生活支出,0,,,5,2026-03-18 11:43:04,2026-03-18 11:43:04,2026-03-20 14:56:39
198,2025-07-26,180.0,晚餐,周六,支出,食品饮料,食品饮料,0,,,5,2026-03-18 11:43:04,2026-03-18 11:43:04,2026-03-20 11:32:12
201,2025-07-22,124.0,晚餐,周二,支出,食品饮料,食品饮料,0,,,5,2026-03-18 11:43:04,2026-03-18 11:43:04,2026-03-20 11:32:12
203,2025-07-20,15.0,健身房,周天,支出,娱乐/运动,娱乐/运动,0,,,5,2026-03-18 11:43:04,2026-03-18 11:43:04,2026-03-20 11:32:12
202,2025-07-20,90.0,七鲜买菜,周天,支出,食品饮料,食品饮料,0,,,5,2026-03-18 11:43:04,2026-03-18 11:43:04,2026-03-20 11:32:12
204,2025-07-18,42.0,吃的,周五,支出,食品饮料,食品饮料,0,,,5,2026-03-18 11:43:04,2026-03-18 11:43:04,2026-03-20 11:32:12
205,2025-07-17,38.0,吃的,周四,支出,食品饮料,食品饮料,0,,,5,2026-03-18 11:43:04,2026-03-18 11:43:04,2026-03-20 11:32:12
207,2025-07-15,7337.0,发工资,周二,收入,工资,工资,0,,,5,2026-03-18 11:43:04,2026-03-18 11:43:04,2026-03-20 11:32:12
206,2025-07-15,15.1,外卖,周二,支出,食品饮料,食品饮料,0,,,5,2026-03-18 11:43:04,2026-03-18 11:43:04,2026-03-20 11:32:12
208,2025-07-14,63.0,买菜,周一,支出,食品饮料,食品饮料,0,,,5,2026-03-18 11:43:04,2026-03-18 11:43:04,2026-03-20 11:32:12
210,2025-07-13,45.0,雨衣,周天,支出,生活支出,生活支出,0,,,5,2026-03-18 11:43:04,2026-03-18 11:43:04,2026-03-20 14:56:39
209,2025-07-13,40.0,外卖,周天,支出,食品饮料,食品饮料,0,,,5,2026-03-18 11:43:04,2026-03-18 11:43:04,2026-03-20 11:32:12
212,2025-07-11,98.6,超市,周五,支出,食品饮料,食品饮料,0,,,5,2026-03-18 11:43:04,2026-03-18 11:43:04,2026-03-20 11:32:12
211,2025-07-11,22.0,午餐,周五,支出,食品饮料,食品饮料,0,,,5,2026-03-18 11:43:04,2026-03-18 11:43:04,2026-03-20 11:32:12
213,2025-07-10,396.0,椒盐工作室工资,周四,收入,工资,工资,0,,,5,2026-03-18 11:43:04,2026-03-18 11:43:04,2026-03-20 11:32:12
217,2025-07-08,22.0,垃圾袋,周二，入职,支出,生活支出,生活支出,0,,,5,2026-03-18 11:43:04,2026-03-18 11:43:04,2026-03-20 14:56:39
216,2025-07-08,10.0,饮品,周二，入职,支出,食品饮料,食品饮料,0,,,5,2026-03-18 11:43:04,2026-03-18 11:43:04,2026-03-20 11:32:12
215,2025-07-08,52.0,饭盒,周二，入职,支出,生活支出,生活支出,0,,,5,2026-03-18 11:43:04,2026-03-18 11:43:04,2026-03-20 14:56:39
214,2025-07-08,10.0,打印,周二，入职,支出,学习/培训/办公,学习/培训/办公,0,,,5,2026-03-18 11:43:04,2026-03-18 11:43:04,2026-03-20 11:32:12
219,2025-07-06,23.0,插排,,支出,生活支出,生活支出,0,,,5,2026-03-18 11:43:04,2026-03-18 11:43:04,2026-03-20 14:56:39
218,2025-07-06,40.0,买吃的,,支出,食品饮料,食品饮料,0,,,5,2026-03-18 11:43:04,2026-03-18 11:43:04,2026-03-20 11:32:12
221,2025-07-03,26.8,晚餐,768攀岩,支出,食品饮料,食品饮料,0,,,5,2026-03-18 11:43:04,2026-03-18 11:43:04,2026-03-20 11:32:12
220,2025-07-03,80.0,攀岩,768攀岩,支出,娱乐/运动,娱乐/运动,0,,,5,2026-03-18 11:43:04,2026-03-18 11:43:04,2026-03-20 11:32:12
223,2025-07-02,10.0,插座,,支出,生活支出,生活支出,0,,,5,2026-03-18 11:43:04,2026-03-18 11:43:04,2026-03-20 14:56:39
222,2025-07-02,33.0,内裤,,支出,服饰,服饰,0,,,5,2026-03-18 11:43:04,2026-03-18 11:43:04,2026-03-20 11:32:12
225,2025-07-01,63.0,风扇,周二，体检,支出,生活支出,生活支出,0,,,5,2026-03-18 11:43:04,2026-03-18 11:43:04,2026-03-20 14:56:39
224,2025-07-01,20.0,电动车充电,周二，体检,支出,交通,交通,0,,,5,2026-03-18 11:43:04,2026-03-18 11:43:04,2026-03-20 11:32:12
230,2025-06-30,32.88,个人-打车,周一，回北京，6-25至6-30的账单出个人前缀外为和悦姐gaygay三人的共同支出。在内蒙这几天人均2k,支出,交通,交通,1,毕业旅行乌兰察布、呼和浩特,gaygay，悦姐,5,2026-03-18 11:43:04,2026-03-18 11:43:04,2026-04-29 17:45:53
229,2025-06-30,100.0,个人-刮彩票,周一，回北京，6-25至6-30的账单出个人前缀外为和悦姐gaygay三人的共同支出。在内蒙这几天人均2k,支出,娱乐/运动,娱乐/运动,1,毕业旅行乌兰察布、呼和浩特,gaygay，悦姐,5,2026-03-18 11:43:04,2026-03-18 11:43:04,2026-04-29 17:45:53
228,2025-06-30,143.19,加油,周一，回北京，6-25至6-30的账单出个人前缀外为和悦姐gaygay三人的共同支出。在内蒙这几天人均2k,支出,交通,交通,1,毕业旅行乌兰察布、呼和浩特,gaygay，悦姐,5,2026-03-18 11:43:04,2026-03-18 11:43:04,2026-04-29 17:45:53
227,2025-06-30,53.0,打车,周一，回北京，6-25至6-30的账单出个人前缀外为和悦姐gaygay三人的共同支出。在内蒙这几天人均2k,支出,交通,交通,1,毕业旅行乌兰察布、呼和浩特,gaygay，悦姐,5,2026-03-18 11:43:04,2026-03-18 11:43:04,2026-04-29 17:45:53
226,2025-06-30,277.0,午餐,周一，回北京，6-25至6-30的账单出个人前缀外为和悦姐gaygay三人的共同支出。在内蒙这几天人均2k,支出,食品饮料,食品饮料,1,毕业旅行乌兰察布、呼和浩特,gaygay，悦姐,5,2026-03-18 11:43:04,2026-03-18 11:43:04,2026-04-29 17:45:53
233,2025-06-29,34.67,好想来,周天，在红石崖自驾悦姐碰到冰雹,支出,食品饮料,食品饮料,1,毕业旅行乌兰察布、呼和浩特,gaygay，悦姐,5,2026-03-18 11:43:04,2026-03-18 11:43:04,2026-04-29 17:45:53
232,2025-06-29,468.0,晚餐,周天，在红石崖自驾悦姐碰到冰雹,支出,食品饮料,食品饮料,1,毕业旅行乌兰察布、呼和浩特,gaygay，悦姐,5,2026-03-18 11:43:04,2026-03-18 11:43:04,2026-04-29 17:45:53
231,2025-06-29,220.0,加油,周天，在红石崖自驾悦姐碰到冰雹,支出,交通,交通,1,毕业旅行乌兰察布、呼和浩特,gaygay，悦姐,5,2026-03-18 11:43:04,2026-03-18 11:43:04,2026-04-29 17:45:53
239,2025-06-28,16.0,个人-便利店,周六，在沙漠滑沙,支出,食品饮料,食品饮料,1,毕业旅行乌兰察布、呼和浩特,gaygay，悦姐,5,2026-03-18 11:43:04,2026-03-18 11:43:04,2026-04-29 17:45:53
238,2025-06-28,360.0,晚餐,周六，在沙漠滑沙,支出,食品饮料,食品饮料,1,毕业旅行乌兰察布、呼和浩特,gaygay，悦姐,5,2026-03-18 11:43:04,2026-03-18 11:43:04,2026-04-29 17:45:53
237,2025-06-28,100.0,拖车,周六，在沙漠滑沙,支出,交通,交通,1,毕业旅行乌兰察布、呼和浩特,gaygay，悦姐,5,2026-03-18 11:43:04,2026-03-18 11:43:04,2026-04-29 17:45:53
236,2025-06-28,90.0,滑沙,周六，在沙漠滑沙,支出,娱乐/运动,娱乐/运动,1,毕业旅行乌兰察布、呼和浩特,gaygay，悦姐,5,2026-03-18 11:43:04,2026-03-18 11:43:04,2026-04-29 17:45:53
235,2025-06-28,51.0,服务区购物,周六，在沙漠滑沙,支出,食品饮料,食品饮料,1,毕业旅行乌兰察布、呼和浩特,gaygay，悦姐,5,2026-03-18 11:43:04,2026-03-18 11:43:04,2026-04-29 17:45:53
234,2025-06-28,247.0,加油,周六，在沙漠滑沙,支出,交通,交通,1,毕业旅行乌兰察布、呼和浩特,gaygay，悦姐,5,2026-03-18 11:43:04,2026-03-18 11:43:04,2026-04-29 17:45:53
243,2025-06-27,53.0,个人-裤子,周五，下午逛博物馆,支出,服饰,服饰,1,毕业旅行乌兰察布、呼和浩特,gaygay，悦姐,5,2026-03-18 11:43:04,2026-03-18 11:43:04,2026-04-29 17:45:53
242,2025-06-27,138.0,晚餐,周五，下午逛博物馆,支出,食品饮料,食品饮料,1,毕业旅行乌兰察布、呼和浩特,gaygay，悦姐,5,2026-03-18 11:43:04,2026-03-18 11:43:04,2026-04-29 17:45:53
241,2025-06-27,22.0,蛋糕,周五，下午逛博物馆,支出,食品饮料,食品饮料,1,毕业旅行乌兰察布、呼和浩特,gaygay，悦姐,5,2026-03-18 11:43:04,2026-03-18 11:43:04,2026-04-29 17:45:53
240,2025-06-27,74.0,午餐,周五，下午逛博物馆,支出,食品饮料,食品饮料,1,毕业旅行乌兰察布、呼和浩特,gaygay，悦姐,5,2026-03-18 11:43:04,2026-03-18 11:43:04,2026-04-29 17:45:53
247,2025-06-26,30.0,美团,周四，中午到呼和浩特，在黄花沟骑马,支出,食品饮料,食品饮料,1,毕业旅行乌兰察布、呼和浩特,gaygay，悦姐,5,2026-03-18 11:43:04,2026-03-18 11:43:04,2026-04-29 17:45:53
246,2025-06-26,60.0,蛋糕,周四，中午到呼和浩特，在黄花沟骑马,支出,食品饮料,食品饮料,1,毕业旅行乌兰察布、呼和浩特,gaygay，悦姐,5,2026-03-18 11:43:04,2026-03-18 11:43:04,2026-04-29 17:45:53
245,2025-06-26,171.0,午餐,周四，中午到呼和浩特，在黄花沟骑马,支出,食品饮料,食品饮料,1,毕业旅行乌兰察布、呼和浩特,gaygay，悦姐,5,2026-03-18 11:43:04,2026-03-18 11:43:04,2026-04-29 17:45:53
244,2025-06-26,390.0,骑马,周四，中午到呼和浩特，在黄花沟骑马,支出,娱乐/运动,娱乐/运动,1,毕业旅行乌兰察布、呼和浩特,gaygay，悦姐,5,2026-03-18 11:43:04,2026-03-18 11:43:04,2026-04-29 17:45:53
253,2025-06-25,30.0,高速费,周三，出发乌兰察布,支出,交通,交通,1,毕业旅行乌兰察布、呼和浩特,gaygay，悦姐,5,2026-03-18 11:43:04,2026-03-18 11:43:04,2026-04-29 17:45:53
252,2025-06-25,60.0,KTV,周三，出发乌兰察布,支出,娱乐/运动,娱乐/运动,1,毕业旅行乌兰察布、呼和浩特,gaygay，悦姐,5,2026-03-18 11:43:04,2026-03-18 11:43:04,2026-04-29 17:45:53
251,2025-06-25,15.0,购物,周三，出发乌兰察布,支出,食品饮料,食品饮料,1,毕业旅行乌兰察布、呼和浩特,gaygay，悦姐,5,2026-03-18 11:43:04,2026-03-18 11:43:04,2026-04-29 17:45:53
250,2025-06-25,290.0,午餐,周三，出发乌兰察布,支出,食品饮料,食品饮料,1,毕业旅行乌兰察布、呼和浩特,gaygay，悦姐,5,2026-03-18 11:43:04,2026-03-18 11:43:04,2026-04-29 17:45:53
249,2025-06-25,1403.0,租车,周三，出发乌兰察布,支出,交通,交通,1,毕业旅行乌兰察布、呼和浩特,gaygay，悦姐,5,2026-03-18 11:43:04,2026-03-18 11:43:04,2026-04-29 17:45:53
248,2025-06-25,36.0,个人-打车,周三，出发乌兰察布,支出,交通,交通,1,毕业旅行乌兰察布、呼和浩特,gaygay，悦姐,5,2026-03-18 11:43:04,2026-03-18 11:43:04,2026-04-29 17:45:53
254,2025-06-24,100.0,攀岩,攀岩,支出,娱乐/运动,娱乐/运动,0,,,5,2026-03-18 11:43:04,2026-03-18 11:43:04,2026-03-20 11:32:12
255,2025-06-23,300.0,火锅食材钱,周一，gay他们五个来家里吃火锅,支出,食品饮料,食品饮料,0,,,5,2026-03-18 11:43:04,2026-03-18 11:43:04,2026-03-20 11:32:12
257,2025-06-22,22.0,美团,周天，野攀桃花岛,支出,食品饮料,食品饮料,0,,,5,2026-03-18 11:43:04,2026-03-18 11:43:04,2026-03-20 11:32:12
256,2025-06-22,0.0,野攀,周天，野攀桃花岛,支出,娱乐/运动,娱乐/运动,0,,,5,2026-03-18 11:43:04,2026-03-18 11:43:04,2026-03-20 11:32:12
260,2025-06-21,70.0,晚餐,周六，和炮灰联盟文硕师姐聚餐，晚上和江中宇李菁菁打大富翁,支出,食品饮料,食品饮料,0,,,5,2026-03-18 11:43:04,2026-03-18 11:43:04,2026-03-20 11:32:12
259,2025-06-21,50.0,打车,周六，和炮灰联盟文硕师姐聚餐，晚上和江中宇李菁菁打大富翁,支出,交通,交通,0,,,5,2026-03-18 11:43:04,2026-03-18 11:43:04,2026-03-20 11:32:12
258,2025-06-21,107.0,午餐,周六，和炮灰联盟文硕师姐聚餐，晚上和江中宇李菁菁打大富翁,支出,食品饮料,食品饮料,0,,,5,2026-03-18 11:43:04,2026-03-18 11:43:04,2026-03-20 11:32:12
262,2025-06-20,128.0,吃饭,周五，毕业典礼，毕业照，攀岩,支出,食品饮料,食品饮料,0,,,5,2026-03-18 11:43:04,2026-03-18 11:43:04,2026-03-20 11:32:12
261,2025-06-20,55.0,打车,周五，毕业典礼，毕业照，攀岩,支出,交通,交通,0,,,5,2026-03-18 11:43:04,2026-03-18 11:43:04,2026-03-20 11:32:12
265,2025-06-19,297.5,吃饭KTV,班级聚餐，三转场，开心,支出,食品饮料,食品饮料,0,,,5,2026-03-18 11:43:04,2026-03-18 11:43:04,2026-03-20 11:32:12
264,2025-06-19,35.0,打车,班级聚餐，三转场，开心,支出,交通,交通,0,,,5,2026-03-18 11:43:04,2026-03-18 11:43:04,2026-03-20 11:32:12
263,2025-06-19,5000.0,悦学姐屋内购置,班级聚餐，三转场，开心,支出,亲友转账,亲友转账,0,,,5,2026-03-18 11:43:04,2026-03-18 11:43:04,2026-03-20 11:32:12
271,2025-06-18,41.0,晚餐,周三搬家，手术顺利没有转移,支出,食品饮料,食品饮料,0,,,5,2026-03-18 11:43:04,2026-03-18 11:43:04,2026-03-20 11:32:12
270,2025-06-18,50.0,美团屋内零碎用品,周三搬家，手术顺利没有转移,支出,食品饮料,食品饮料,0,,,5,2026-03-18 11:43:04,2026-03-18 11:43:04,2026-03-20 11:32:12
269,2025-06-18,105.0,搬家货拉拉,周三搬家，手术顺利没有转移,支出,生活支出,生活支出,0,,,5,2026-03-18 11:43:04,2026-03-18 11:43:04,2026-03-20 14:56:39
268,2025-06-18,64.0,搬家纸箱,周三搬家，手术顺利没有转移,支出,生活支出,生活支出,0,,,5,2026-03-18 11:43:04,2026-03-18 11:43:04,2026-03-20 14:56:39
267,2025-06-18,100.0,宽带,周三搬家，手术顺利没有转移,支出,虚拟充值/通讯,虚拟充值/通讯,0,,,5,2026-03-18 11:43:04,2026-03-18 11:43:04,2026-04-29 17:58:32
266,2025-06-18,109.0,洗冰箱,周三搬家，手术顺利没有转移,支出,生活支出,生活支出,0,,,5,2026-03-18 11:43:04,2026-03-18 11:43:04,2026-03-20 14:56:39
276,2025-06-17,54.0,台球,姥姥得了恶性肿瘤，明天做手术,支出,娱乐/运动,娱乐/运动,0,,,5,2026-03-18 11:43:04,2026-03-18 11:43:04,2026-03-20 11:32:12
275,2025-06-17,800.0,卖55210镜头,姥姥得了恶性肿瘤，明天做手术,收入,二手物品售卖,二手物品售卖,0,,,5,2026-03-18 11:43:04,2026-03-18 11:43:04,2026-03-20 11:32:12
274,2025-06-17,27.0,晚餐,姥姥得了恶性肿瘤，明天做手术,支出,食品饮料,食品饮料,0,,,5,2026-03-18 11:43:04,2026-03-18 11:43:04,2026-03-20 11:32:12
273,2025-06-17,38.0,打车,姥姥得了恶性肿瘤，明天做手术,支出,交通,交通,0,,,5,2026-03-18 11:43:04,2026-03-18 11:43:04,2026-03-20 11:32:12
272,2025-06-17,216.0,5月椒盐收入,姥姥得了恶性肿瘤，明天做手术,收入,工资,工资,0,,,5,2026-03-18 11:43:04,2026-03-18 11:43:04,2026-03-20 11:32:12
279,2025-06-16,100.0,充卡,周一,支出,食品饮料,食品饮料,0,,,5,2026-03-18 11:43:04,2026-03-18 11:43:04,2026-03-20 11:32:12
278,2025-06-16,54.0,打车,周一,支出,交通,交通,0,,,5,2026-03-18 11:43:04,2026-03-18 11:43:04,2026-03-20 11:32:12
277,2025-06-16,80.0,攀岩,周一,支出,娱乐/运动,娱乐/运动,0,,,5,2026-03-18 11:43:04,2026-03-18 11:43:04,2026-03-20 11:32:12
281,2025-06-15,15.0,吃饭,周天,支出,食品饮料,食品饮料,0,,,5,2026-03-18 11:43:04,2026-03-18 11:43:04,2026-03-20 11:32:12
280,2025-06-15,32.0,打车,周天,支出,交通,交通,0,,,5,2026-03-18 11:43:04,2026-03-18 11:43:04,2026-03-20 11:32:12
283,2025-06-14,69.0,打车,周六，大宝生日，和gaygay吃饭，打德扑,支出,交通,交通,0,,,5,2026-03-18 11:43:04,2026-03-18 11:43:04,2026-03-20 11:32:12
282,2025-06-14,320.0,吃的,周六，大宝生日，和gaygay吃饭，打德扑,支出,食品饮料,食品饮料,0,,,5,2026-03-18 11:43:04,2026-03-18 11:43:04,2026-03-20 11:32:12
284,2025-06-13,27.0,晚餐,周五,支出,食品饮料,食品饮料,0,,,5,2026-03-18 11:43:04,2026-03-18 11:43:04,2026-03-20 11:32:12
286,2025-06-12,238.0,吃饭,周四，敲定房子签合同,支出,食品饮料,食品饮料,0,,,5,2026-03-18 11:43:04,2026-03-18 11:43:04,2026-03-20 11:32:12
285,2025-06-12,27600.0,房租,周四，敲定房子签合同,支出,生活支出,生活支出,0,,,5,2026-03-18 11:43:04,2026-03-18 11:43:04,2026-03-20 14:56:39
288,2025-06-08,84.0,妈雪糕,野攀,支出,亲友转账,亲友转账,0,,,5,2026-03-18 11:43:04,2026-03-18 11:43:04,2026-03-20 11:32:12
287,2025-06-08,95.0,野攀加晚餐,野攀,支出,食品饮料,食品饮料,0,,,5,2026-03-18 11:43:04,2026-03-18 11:43:04,2026-03-20 11:32:12
291,2025-06-07,16.5,交通,阜阳花费；,支出,交通,交通,0,,,5,2026-03-18 11:43:04,2026-03-18 11:43:04,2026-03-20 11:32:12
290,2025-06-07,40.0,餐饮,阜阳花费；,支出,食品饮料,食品饮料,0,,,5,2026-03-18 11:43:04,2026-03-18 11:43:04,2026-03-20 11:32:12
289,2025-06-07,386.0,住宿,阜阳花费；,支出,住宿,住宿,0,,,5,2026-03-18 11:43:04,2026-03-18 11:43:04,2026-03-20 11:32:12
294,2025-06-01,1700.0,妈给的钱,回家,收入,亲友转账,亲友转账,0,,,5,2026-03-18 11:43:04,2026-03-18 11:43:04,2026-03-20 11:32:12
293,2025-06-01,840.0,机票,回家,支出,交通,交通,0,,,5,2026-03-18 11:43:04,2026-03-18 11:43:04,2026-03-20 11:32:12
292,2025-06-01,120.0,该学年学校网,回家,支出,虚拟充值/通讯,虚拟充值/通讯,0,,,5,2026-03-18 11:43:04,2026-03-18 11:43:04,2026-04-29 17:58:32
295,2025-05-31,50.0,交通,龙舟比赛,支出,交通,交通,0,,,5,2026-03-18 11:43:04,2026-03-18 11:43:04,2026-03-20 11:32:12
296,2025-05-29,210.0,吃喝,找悦姐,支出,食品饮料,食品饮料,0,,,5,2026-03-18 11:43:04,2026-03-18 11:43:04,2026-03-20 11:32:12
298,2025-05-27,500.0,婚礼费,周二，去沧州，第二天师姐婚礼,支出,生活支出,生活支出,0,,,5,2026-03-18 11:43:04,2026-03-18 11:43:04,2026-03-20 14:56:39
297,2025-05-27,18.0,午餐,周二，去沧州，第二天师姐婚礼,支出,食品饮料,食品饮料,0,,,5,2026-03-18 11:43:04,2026-03-18 11:43:04,2026-03-20 11:32:12
299,2025-05-26,85.0,攀岩,,支出,娱乐/运动,娱乐/运动,0,,,5,2026-03-18 11:43:04,2026-03-18 11:43:04,2026-03-20 11:32:12
301,2025-05-25,25.0,水果,周天,支出,食品饮料,食品饮料,0,,,5,2026-03-18 11:43:04,2026-03-18 11:43:04,2026-03-20 11:32:12
300,2025-05-25,612.0,4月椒盐,周天,收入,工资,工资,0,,,5,2026-03-18 11:43:04,2026-03-18 11:43:04,2026-03-20 11:32:12
304,2025-05-24,40.0,水果,周六，海淀龙舟赛,支出,食品饮料,食品饮料,0,,,5,2026-03-18 11:43:04,2026-03-18 11:43:04,2026-03-20 11:32:12
303,2025-05-24,222.0,酒店,周六，海淀龙舟赛,支出,住宿,住宿,0,,,5,2026-03-18 11:43:04,2026-03-18 11:43:04,2026-03-20 11:32:12
302,2025-05-24,78.0,拼多多,周六，海淀龙舟赛,支出,生活支出,生活支出,0,,,5,2026-03-18 11:43:04,2026-03-18 11:43:04,2026-03-20 14:56:39
305,2025-05-21,1000.0,妈给的生活费,周三,收入,亲友转账,亲友转账,0,,,5,2026-03-18 11:43:04,2026-03-18 11:43:04,2026-03-20 11:32:12
309,2025-05-20,36.0,晚餐,买蜜袋鼯,支出,食品饮料,食品饮料,0,,,5,2026-03-18 11:43:04,2026-03-18 11:43:04,2026-03-20 11:32:12
308,2025-05-20,400.0,蜜袋鼯,买蜜袋鼯,支出,生活支出,生活支出,0,,,5,2026-03-18 11:43:04,2026-03-18 11:43:04,2026-03-20 14:56:39
307,2025-05-20,17.0,打车,买蜜袋鼯,支出,交通,交通,0,,,5,2026-03-18 11:43:04,2026-03-18 11:43:04,2026-03-20 11:32:12
306,2025-05-20,242.0,吃饭,买蜜袋鼯,支出,食品饮料,食品饮料,0,,,5,2026-03-18 11:43:04,2026-03-18 11:43:04,2026-03-20 11:32:12
310,2025-05-18,40.0,路费,周天，野攀，火焰山,支出,娱乐/运动,娱乐/运动,0,,,5,2026-03-18 11:43:04,2026-03-18 11:43:04,2026-03-20 11:32:12
311,2025-05-16,60.0,点外卖,周五,支出,食品饮料,食品饮料,0,,,5,2026-03-18 11:43:04,2026-03-18 11:43:04,2026-03-20 11:32:12
315,2025-05-15,612.0,椒盐工作室工资,,收入,工资,工资,0,,,5,2026-03-18 11:43:04,2026-03-18 11:43:04,2026-03-20 11:32:12
314,2025-05-15,20.0,润滑液,,支出,生活支出,生活支出,0,,,5,2026-03-18 11:43:04,2026-03-18 11:43:04,2026-03-20 14:56:39
313,2025-05-15,14.8,啤酒,,支出,食品饮料,食品饮料,0,,,5,2026-03-18 11:43:04,2026-03-18 11:43:04,2026-03-20 11:32:12
312,2025-05-15,243.0,攀岩裤,,支出,服饰,服饰,0,,,5,2026-03-18 11:43:04,2026-03-18 11:43:04,2026-03-20 11:32:12
319,2025-05-14,63.0,康佳巧克力,周三，攀岩，和悦学姐四周年,支出,亲友转账,亲友转账,0,,,5,2026-03-18 11:43:04,2026-03-18 11:43:04,2026-03-20 11:32:12
318,2025-05-14,521.0,悦学姐红包,周三，攀岩，和悦学姐四周年,支出,亲友转账,亲友转账,0,,,5,2026-03-18 11:43:04,2026-03-18 11:43:04,2026-03-20 11:32:12
317,2025-05-14,197.5,住宿,周三，攀岩，和悦学姐四周年,支出,住宿,住宿,0,,,5,2026-03-18 11:43:04,2026-03-18 11:43:04,2026-03-20 11:32:12
316,2025-05-14,20.0,攀岩,周三，攀岩，和悦学姐四周年,支出,娱乐/运动,娱乐/运动,0,,,5,2026-03-18 11:43:04,2026-03-18 11:43:04,2026-03-20 11:32:12
320,2025-05-13,22.0,攀岩,毕业答辩，下午攀岩,支出,娱乐/运动,娱乐/运动,0,,,5,2026-03-18 11:43:04,2026-03-18 11:43:04,2026-03-20 11:32:12
322,2025-05-10,80.0,裤子,去颐和园，带龙舟训练,支出,服饰,服饰,0,,,5,2026-03-18 11:43:04,2026-03-18 11:43:04,2026-03-20 11:32:12
321,2025-05-10,150.0,充卡,去颐和园，带龙舟训练,支出,食品饮料,食品饮料,0,,,5,2026-03-18 11:43:04,2026-03-18 11:43:04,2026-03-20 11:32:12
323,2025-05-09,40.0,qq糖润滑液,,支出,生活支出,生活支出,0,,,5,2026-03-18 11:43:04,2026-03-18 11:43:04,2026-03-20 14:56:39
326,2025-05-08,164.0,交通,珠海回北京，这几天合并了悦姐的账单,支出,交通,交通,1,五一珠海、澳门,肖勋忞，悦姐,5,2026-03-18 11:43:04,2026-03-18 11:43:04,2026-04-29 17:45:42
325,2025-05-08,199.0,午餐,珠海回北京，这几天合并了悦姐的账单,支出,食品饮料,食品饮料,1,五一珠海、澳门,肖勋忞，悦姐,5,2026-03-18 11:43:04,2026-03-18 11:43:04,2026-04-29 17:45:42
324,2025-05-08,1179.0,机票,珠海回北京，这几天合并了悦姐的账单,支出,交通,交通,1,五一珠海、澳门,肖勋忞，悦姐,5,2026-03-18 11:43:04,2026-03-18 11:43:04,2026-04-29 17:45:42
329,2025-05-07,84.0,酒店,海洋王国,支出,住宿,住宿,1,五一珠海、澳门,肖勋忞，悦姐,5,2026-03-18 11:43:04,2026-03-18 11:43:04,2026-04-29 17:45:42
328,2025-05-07,20.0,交通,海洋王国,支出,交通,交通,1,五一珠海、澳门,肖勋忞，悦姐,5,2026-03-18 11:43:04,2026-03-18 11:43:04,2026-04-29 17:45:42
327,2025-05-07,125.0,晚餐,海洋王国,支出,食品饮料,食品饮料,1,五一珠海、澳门,肖勋忞，悦姐,5,2026-03-18 11:43:04,2026-03-18 11:43:04,2026-04-29 17:45:42
332,2025-05-06,870.0,门票,海洋王国,支出,娱乐/运动,娱乐/运动,1,五一珠海、澳门,肖勋忞，悦姐,5,2026-03-18 11:43:04,2026-03-18 11:43:04,2026-04-29 17:45:42
331,2025-05-06,10.0,交通,海洋王国,支出,交通,交通,1,五一珠海、澳门,肖勋忞，悦姐,5,2026-03-18 11:43:04,2026-03-18 11:43:04,2026-04-29 17:45:42
330,2025-05-06,174.0,餐饮,海洋王国,支出,食品饮料,食品饮料,1,五一珠海、澳门,肖勋忞，悦姐,5,2026-03-18 11:43:04,2026-03-18 11:43:04,2026-04-29 17:45:42
337,2025-05-05,100.0,悦学姐优衣库,去澳门,支出,亲友转账,亲友转账,1,五一珠海、澳门,肖勋忞，悦姐,5,2026-03-18 11:43:04,2026-03-18 11:43:04,2026-04-29 17:45:42
336,2025-05-05,92.0,酒店,去澳门,支出,住宿,住宿,1,五一珠海、澳门,肖勋忞，悦姐,5,2026-03-18 11:43:04,2026-03-18 11:43:04,2026-04-29 17:45:42
335,2025-05-05,32.0,甜点,去澳门,支出,食品饮料,食品饮料,1,五一珠海、澳门,肖勋忞，悦姐,5,2026-03-18 11:43:04,2026-03-18 11:43:04,2026-04-29 17:45:42
334,2025-05-05,241.0,晚餐,去澳门,支出,食品饮料,食品饮料,1,五一珠海、澳门,肖勋忞，悦姐,5,2026-03-18 11:43:04,2026-03-18 11:43:04,2026-04-29 17:45:42
333,2025-05-05,67.0,交通,去澳门,支出,交通,交通,1,五一珠海、澳门,肖勋忞，悦姐,5,2026-03-18 11:43:04,2026-03-18 11:43:04,2026-04-29 17:45:42
341,2025-05-04,96.0,酒店,电音节,支出,住宿,住宿,1,五一珠海、澳门,肖勋忞，悦姐,5,2026-03-18 11:43:04,2026-03-18 11:43:04,2026-04-29 17:45:42
340,2025-05-04,118.0,晚餐,电音节,支出,食品饮料,食品饮料,1,五一珠海、澳门,肖勋忞，悦姐,5,2026-03-18 11:43:04,2026-03-18 11:43:04,2026-04-29 17:45:42
339,2025-05-04,68.0,午餐,电音节,支出,食品饮料,食品饮料,1,五一珠海、澳门,肖勋忞，悦姐,5,2026-03-18 11:43:04,2026-03-18 11:43:04,2026-04-29 17:45:42
338,2025-05-04,100.0,打车,电音节,支出,交通,交通,1,五一珠海、澳门,肖勋忞，悦姐,5,2026-03-18 11:43:04,2026-03-18 11:43:04,2026-04-29 17:45:42
347,2025-05-03,33.5,袜子,珠海vac电音节,支出,服饰,服饰,1,五一珠海、澳门,肖勋忞，悦姐,5,2026-03-18 11:43:04,2026-03-18 11:43:04,2026-04-29 17:45:42
346,2025-05-03,108.0,晚餐,珠海vac电音节,支出,食品饮料,食品饮料,1,五一珠海、澳门,肖勋忞，悦姐,5,2026-03-18 11:43:04,2026-03-18 11:43:04,2026-04-29 17:45:42
345,2025-05-03,118.5,交通,珠海vac电音节,支出,交通,交通,1,五一珠海、澳门,肖勋忞，悦姐,5,2026-03-18 11:43:04,2026-03-18 11:43:04,2026-04-29 17:45:42
344,2025-05-03,73.0,午餐,珠海vac电音节,支出,食品饮料,食品饮料,1,五一珠海、澳门,肖勋忞，悦姐,5,2026-03-18 11:43:04,2026-03-18 11:43:04,2026-04-29 17:45:42
343,2025-05-03,219.0,悦学姐鞋帽子,珠海vac电音节,支出,亲友转账,亲友转账,1,五一珠海、澳门,肖勋忞，悦姐,5,2026-03-18 11:43:04,2026-03-18 11:43:04,2026-04-29 17:45:42
342,2025-05-03,1975.0,电音节,珠海vac电音节,支出,娱乐/运动,娱乐/运动,1,五一珠海、澳门,肖勋忞，悦姐,5,2026-03-18 11:43:04,2026-03-18 11:43:04,2026-04-29 17:45:42
350,2025-05-02,180.0,酒店,珠海找肖大神,支出,住宿,住宿,1,五一珠海、澳门,肖勋忞，悦姐,5,2026-03-18 11:43:04,2026-03-18 11:43:04,2026-04-29 17:45:42
349,2025-05-02,220.0,餐饮,珠海找肖大神,支出,食品饮料,食品饮料,1,五一珠海、澳门,肖勋忞，悦姐,5,2026-03-18 11:43:04,2026-03-18 11:43:04,2026-04-29 17:45:42
348,2025-05-02,27.71,交通,珠海找肖大神,支出,交通,交通,1,五一珠海、澳门,肖勋忞，悦姐,5,2026-03-18 11:43:04,2026-03-18 11:43:04,2026-04-29 17:45:42
358,2025-05-01,180.0,酒店,落地澳门,支出,住宿,住宿,1,五一珠海、澳门,肖勋忞，悦姐,5,2026-03-18 11:43:04,2026-03-18 11:43:04,2026-04-29 17:45:42
357,2025-05-01,17.0,花露水,落地澳门,支出,食品饮料,食品饮料,1,五一珠海、澳门,肖勋忞，悦姐,5,2026-03-18 11:43:04,2026-03-18 11:43:04,2026-04-29 17:45:42
356,2025-05-01,204.0,酒店倒卖收入,落地澳门,收入,二手物品售卖,二手物品售卖,1,五一珠海、澳门,肖勋忞，悦姐,5,2026-03-18 11:43:04,2026-03-18 11:43:04,2026-04-29 17:45:42
355,2025-05-01,161.0,晚餐,落地澳门,支出,食品饮料,食品饮料,1,五一珠海、澳门,肖勋忞，悦姐,5,2026-03-18 11:43:04,2026-03-18 11:43:04,2026-04-29 17:45:42
354,2025-05-01,29.7,交通,落地澳门,支出,交通,交通,1,五一珠海、澳门,肖勋忞，悦姐,5,2026-03-18 11:43:04,2026-03-18 11:43:04,2026-04-29 17:45:42
353,2025-05-01,68.86,用品,落地澳门,支出,娱乐/运动,娱乐/运动,1,五一珠海、澳门,肖勋忞，悦姐,5,2026-03-18 11:43:04,2026-03-18 11:43:04,2026-04-29 17:45:42
352,2025-05-01,1380.0,机票,落地澳门,支出,交通,交通,1,五一珠海、澳门,肖勋忞，悦姐,5,2026-03-18 11:43:04,2026-03-18 11:43:04,2026-04-29 17:45:42
351,2025-05-01,50.0,地铁卡,落地澳门,支出,交通,交通,1,五一珠海、澳门,肖勋忞，悦姐,5,2026-03-18 11:43:04,2026-03-18 11:43:04,2026-04-29 17:45:42
359,2025-04-30,2000.0,悦学姐转的旅游钱,周三,收入,亲友转账,亲友转账,0,,,5,2026-03-18 11:43:04,2026-03-18 11:43:04,2026-03-20 11:32:12
361,2025-04-29,7.0,耳机,周二，爬学校墙,支出,生活支出,生活支出,0,,,5,2026-03-18 11:43:04,2026-03-18 11:43:04,2026-03-20 14:56:39
360,2025-04-29,117.0,3件t恤,周二，爬学校墙,支出,服饰,服饰,0,,,5,2026-03-18 11:43:04,2026-03-18 11:43:04,2026-03-20 11:32:12
363,2025-04-28,46.0,外卖,周一,支出,食品饮料,食品饮料,0,,,5,2026-03-18 11:43:04,2026-03-18 11:43:04,2026-03-20 11:32:12
362,2025-04-28,100.0,充卡,周一,支出,食品饮料,食品饮料,0,,,5,2026-03-18 11:43:04,2026-03-18 11:43:04,2026-03-20 11:32:12
365,2025-04-27,33.9,晚餐,周天,支出,食品饮料,食品饮料,0,,,5,2026-03-18 11:43:04,2026-03-18 11:43:04,2026-03-20 11:32:12
364,2025-04-27,128.0,酒店,周天,支出,住宿,住宿,0,,,5,2026-03-18 11:43:04,2026-03-18 11:43:04,2026-03-20 11:32:12
368,2025-04-26,96.0,裤子,周六,支出,服饰,服饰,0,,,5,2026-03-18 11:43:04,2026-03-18 11:43:04,2026-03-20 11:32:12
367,2025-04-26,65.0,糖,周六,支出,食品饮料,食品饮料,0,,,5,2026-03-18 11:43:04,2026-03-18 11:43:04,2026-03-20 11:32:12
366,2025-04-26,69.0,买鞋,周六,支出,服饰,服饰,0,,,5,2026-03-18 11:43:04,2026-03-18 11:43:04,2026-03-20 11:32:12
369,2025-04-25,50.0,晚餐,周五，攀岩,支出,食品饮料,食品饮料,0,,,5,2026-03-18 11:43:04,2026-03-18 11:43:04,2026-03-20 11:32:12
374,2025-04-24,2000.0,妈给的生活费,周四，调研,收入,亲友转账,亲友转账,0,,,5,2026-03-18 11:43:04,2026-03-18 11:43:04,2026-03-20 11:32:12
373,2025-04-24,93.0,钟点房,周四，调研,支出,住宿,住宿,0,,,5,2026-03-18 11:43:04,2026-03-18 11:43:04,2026-03-20 11:32:12
372,2025-04-24,200.4,餐饮,周四，调研,支出,食品饮料,食品饮料,0,,,5,2026-03-18 11:43:04,2026-03-18 11:43:04,2026-03-20 11:32:12
371,2025-04-24,47.0,打车,周四，调研,支出,交通,交通,0,,,5,2026-03-18 11:43:04,2026-03-18 11:43:04,2026-03-20 11:32:12
370,2025-04-24,1650.0,昌平调研收入,周四，调研,收入,工资,工资,0,,,5,2026-03-18 11:43:04,2026-03-18 11:43:04,2026-03-20 11:32:12
376,2025-04-23,189.0,酒店,周三,支出,住宿,住宿,0,,,5,2026-03-18 11:43:04,2026-03-18 11:43:04,2026-03-20 11:32:12
375,2025-04-23,100.0,充卡,周三,支出,食品饮料,食品饮料,0,,,5,2026-03-18 11:43:04,2026-03-18 11:43:04,2026-03-20 11:32:12
379,2025-04-22,430.0,伯希和软壳裤衣,周二,支出,服饰,服饰,0,,,5,2026-03-18 11:43:04,2026-03-18 11:43:04,2026-03-20 11:32:12
378,2025-04-22,50.0,下午茶,周二,支出,食品饮料,食品饮料,0,,,5,2026-03-18 11:43:04,2026-03-18 11:43:04,2026-03-20 11:32:12
377,2025-04-22,13.0,打车,周二,支出,交通,交通,0,,,5,2026-03-18 11:43:04,2026-03-18 11:43:04,2026-03-20 11:32:12
382,2025-04-21,29.0,晚餐,周一,支出,食品饮料,食品饮料,0,,,5,2026-03-18 11:43:04,2026-03-18 11:43:04,2026-03-20 11:32:12
381,2025-04-21,79.0,吃喝,周一,支出,食品饮料,食品饮料,0,,,5,2026-03-18 11:43:04,2026-03-18 11:43:04,2026-03-20 11:32:12
380,2025-04-21,80.0,攀岩,周一,支出,娱乐/运动,娱乐/运动,0,,,5,2026-03-18 11:43:04,2026-03-18 11:43:04,2026-03-20 11:32:12
383,2025-04-20,251.0,酒店,周天,支出,住宿,住宿,0,,,5,2026-03-18 11:43:04,2026-03-18 11:43:04,2026-03-20 11:32:12
385,2025-04-19,142.0,网购,周六，野攀,支出,生活支出,生活支出,0,,,5,2026-03-18 11:43:04,2026-03-18 11:43:04,2026-03-20 14:56:39
384,2025-04-19,191.3,野攀,周六，野攀,支出,娱乐/运动,娱乐/运动,0,,,5,2026-03-18 11:43:04,2026-03-18 11:43:04,2026-03-20 11:32:12
387,2025-04-17,10.0,脱口秀,周四,支出,娱乐/运动,娱乐/运动,0,,,5,2026-03-18 11:43:04,2026-03-18 11:43:04,2026-03-20 11:32:12
386,2025-04-17,60.0,交通,周四,支出,交通,交通,0,,,5,2026-03-18 11:43:04,2026-03-18 11:43:04,2026-03-20 11:32:12
388,2025-04-15,100.0,充卡,周二,支出,食品饮料,食品饮料,0,,,5,2026-03-18 11:43:04,2026-03-18 11:43:04,2026-03-20 11:32:12
392,2025-04-14,30.0,晚餐,周一,支出,食品饮料,食品饮料,0,,,5,2026-03-18 11:43:04,2026-03-18 11:43:04,2026-03-20 11:32:12
391,2025-04-14,20.0,交通,周一,支出,交通,交通,0,,,5,2026-03-18 11:43:04,2026-03-18 11:43:04,2026-03-20 11:32:12
390,2025-04-14,57.0,攀岩,周一,支出,娱乐/运动,娱乐/运动,0,,,5,2026-03-18 11:43:04,2026-03-18 11:43:04,2026-03-20 11:32:12
389,2025-04-14,90.0,午餐,周一,支出,食品饮料,食品饮料,0,,,5,2026-03-18 11:43:04,2026-03-18 11:43:04,2026-03-20 11:32:12
394,2025-04-13,106.0,晚餐,周日，和袁悦江中宇吃饭打麻将,支出,食品饮料,食品饮料,0,,,5,2026-03-18 11:43:04,2026-03-18 11:43:04,2026-03-20 11:32:12
393,2025-04-13,98.0,午餐,周日，和袁悦江中宇吃饭打麻将,支出,食品饮料,食品饮料,0,,,5,2026-03-18 11:43:04,2026-03-18 11:43:04,2026-03-20 11:32:12
395,2025-04-11,100.0,充卡,周五，调研,支出,食品饮料,食品饮料,0,,,5,2026-03-18 11:43:04,2026-03-18 11:43:04,2026-03-20 11:32:12
396,2025-04-10,30.0,晚餐,周四，调研完攀岩,支出,食品饮料,食品饮料,0,,,5,2026-03-18 11:43:04,2026-03-18 11:43:04,2026-03-20 11:32:12
398,2025-04-09,93.0,午餐,周三，昌平调研,支出,食品饮料,食品饮料,0,,,5,2026-03-18 11:43:04,2026-03-18 11:43:04,2026-03-20 11:32:12
397,2025-04-09,50.0,交通,周三，昌平调研,支出,交通,交通,0,,,5,2026-03-18 11:43:04,2026-03-18 11:43:04,2026-03-20 11:32:12
401,2025-04-08,38.0,晚餐,周二,支出,食品饮料,食品饮料,0,,,5,2026-03-18 11:43:04,2026-03-18 11:43:04,2026-03-20 11:32:12
400,2025-04-08,188.0,酒店,周二,支出,住宿,住宿,0,,,5,2026-03-18 11:43:04,2026-03-18 11:43:04,2026-03-20 11:32:12
399,2025-04-08,36.55,打车,周二,支出,交通,交通,0,,,5,2026-03-18 11:43:04,2026-03-18 11:43:04,2026-03-20 11:32:12
408,2025-04-07,142.0,酒店,返程，沈阳俩人一共花了3500，不错,支出,住宿,住宿,1,清明沈阳,黄丞城、黄丞城对象、江中宇、李菁菁、悦姐,5,2026-03-18 11:43:04,2026-03-18 11:43:04,2026-04-29 17:46:50
407,2025-04-07,30.0,晚餐,返程，沈阳俩人一共花了3500，不错,支出,食品饮料,食品饮料,1,清明沈阳,黄丞城、黄丞城对象、江中宇、李菁菁、悦姐,5,2026-03-18 11:43:04,2026-03-18 11:43:04,2026-04-29 17:46:50
406,2025-04-07,40.0,打车,返程，沈阳俩人一共花了3500，不错,支出,交通,交通,1,清明沈阳,黄丞城、黄丞城对象、江中宇、李菁菁、悦姐,5,2026-03-18 11:43:04,2026-03-18 11:43:04,2026-04-29 17:46:50
405,2025-04-07,10.5,饮料蜜雪冰城,返程，沈阳俩人一共花了3500，不错,支出,食品饮料,食品饮料,1,清明沈阳,黄丞城、黄丞城对象、江中宇、李菁菁、悦姐,5,2026-03-18 11:43:04,2026-03-18 11:43:04,2026-04-29 17:46:50
404,2025-04-07,113.5,甜点午餐,返程，沈阳俩人一共花了3500，不错,支出,食品饮料,食品饮料,1,清明沈阳,黄丞城、黄丞城对象、江中宇、李菁菁、悦姐,5,2026-03-18 11:43:04,2026-03-18 11:43:04,2026-04-29 17:46:50
403,2025-04-07,1112.0,团队A钱,返程，沈阳俩人一共花了3500，不错,支出,娱乐/运动,娱乐/运动,1,清明沈阳,黄丞城、黄丞城对象、江中宇、李菁菁、悦姐,5,2026-03-18 11:43:04,2026-03-18 11:43:04,2026-04-29 17:46:50
402,2025-04-07,196.0,车票,返程，沈阳俩人一共花了3500，不错,支出,交通,交通,1,清明沈阳,黄丞城、黄丞城对象、江中宇、李菁菁、悦姐,5,2026-03-18 11:43:04,2026-03-18 11:43:04,2026-04-29 17:46:50
411,2025-04-06,18.0,蜜雪冰城,,支出,食品饮料,食品饮料,1,清明沈阳,黄丞城、黄丞城对象、江中宇、李菁菁、悦姐,5,2026-03-18 11:43:04,2026-03-18 11:43:04,2026-04-29 17:46:50
410,2025-04-06,10.0,打车,,支出,交通,交通,1,清明沈阳,黄丞城、黄丞城对象、江中宇、李菁菁、悦姐,5,2026-03-18 11:43:04,2026-03-18 11:43:04,2026-04-29 17:46:50
409,2025-04-06,288.0,酒店,,支出,住宿,住宿,1,清明沈阳,黄丞城、黄丞城对象、江中宇、李菁菁、悦姐,5,2026-03-18 11:43:04,2026-03-18 11:43:04,2026-04-29 17:46:50
415,2025-04-03,10.0,打车,清明去沈阳,支出,交通,交通,1,清明沈阳,黄丞城、黄丞城对象、江中宇、李菁菁、悦姐,5,2026-03-18 11:43:04,2026-03-18 11:43:04,2026-04-29 17:46:50
414,2025-04-03,90.0,烧烤,清明去沈阳,支出,食品饮料,食品饮料,1,清明沈阳,黄丞城、黄丞城对象、江中宇、李菁菁、悦姐,5,2026-03-18 11:43:04,2026-03-18 11:43:04,2026-04-29 17:46:50
413,2025-04-03,40.0,午餐,清明去沈阳,支出,食品饮料,食品饮料,1,清明沈阳,黄丞城、黄丞城对象、江中宇、李菁菁、悦姐,5,2026-03-18 11:43:04,2026-03-18 11:43:04,2026-04-29 17:46:50
412,2025-04-03,578.0,车票,清明去沈阳,支出,交通,交通,1,清明沈阳,黄丞城、黄丞城对象、江中宇、李菁菁、悦姐,5,2026-03-18 11:43:04,2026-03-18 11:43:04,2026-04-29 17:46:50
416,2025-04-02,100.0,果蔬好,周三,支出,食品饮料,食品饮料,0,,,5,2026-03-18 11:43:04,2026-03-18 11:43:04,2026-03-20 11:32:12
417,2025-04-01,15.0,攀岩打车,周二,支出,交通,交通,0,,,5,2026-03-18 11:43:04,2026-03-18 11:43:04,2026-03-20 11:32:12
419,2025-03-31,2000.0,爸给的生活费,周一,收入,亲友转账,亲友转账,0,,,5,2026-03-18 11:43:04,2026-03-18 11:43:04,2026-03-20 11:32:12
418,2025-03-31,100.0,充卡,周一,支出,食品饮料,食品饮料,0,,,5,2026-03-18 11:43:04,2026-03-18 11:43:04,2026-03-20 11:32:12
422,2025-03-30,154.0,晚餐,周天,支出,食品饮料,食品饮料,0,,,5,2026-03-18 11:43:04,2026-03-18 11:43:04,2026-03-20 11:32:12
421,2025-03-30,20.7,午餐,周天,支出,食品饮料,食品饮料,0,,,5,2026-03-18 11:43:04,2026-03-18 11:43:04,2026-03-20 11:32:12
420,2025-03-30,10.68,打车,周天,支出,交通,交通,0,,,5,2026-03-18 11:43:04,2026-03-18 11:43:04,2026-03-20 11:32:12
424,2025-03-29,194.0,酒店,周六,支出,住宿,住宿,0,,,5,2026-03-18 11:43:04,2026-03-18 11:43:04,2026-03-20 11:32:12
423,2025-03-29,122.2,午晚餐,周六,支出,食品饮料,食品饮料,0,,,5,2026-03-18 11:43:04,2026-03-18 11:43:04,2026-03-20 11:32:12
426,2025-03-28,202.0,酒店,周五,支出,住宿,住宿,0,,,5,2026-03-18 11:43:04,2026-03-18 11:43:04,2026-03-20 11:32:12
425,2025-03-28,12.0,晚餐,周五,支出,食品饮料,食品饮料,0,,,5,2026-03-18 11:43:04,2026-03-18 11:43:04,2026-03-20 11:32:12
429,2025-03-27,30.0,晚餐,周四,支出,食品饮料,食品饮料,0,,,5,2026-03-18 11:43:04,2026-03-18 11:43:04,2026-03-20 11:32:12
428,2025-03-27,110.81,攀岩问山,周四,支出,娱乐/运动,娱乐/运动,0,,,5,2026-03-18 11:43:04,2026-03-18 11:43:04,2026-03-20 11:32:12
427,2025-03-27,11.0,午餐,周四,支出,食品饮料,食品饮料,0,,,5,2026-03-18 11:43:04,2026-03-18 11:43:04,2026-03-20 11:32:12
430,2025-03-26,14.0,晚餐,周三,支出,食品饮料,食品饮料,0,,,5,2026-03-18 11:43:04,2026-03-18 11:43:04,2026-03-20 11:32:12
434,2025-03-25,32.5,寄快递回家,周二,支出,生活支出,生活支出,0,,,5,2026-03-18 11:43:04,2026-03-18 11:43:04,2026-03-20 14:56:39
433,2025-03-25,19.5,午餐,周二,支出,食品饮料,食品饮料,0,,,5,2026-03-18 11:43:04,2026-03-18 11:43:04,2026-03-20 11:32:12
432,2025-03-25,35.0,剪头发,周二,支出,生活支出,生活支出,0,,,5,2026-03-18 11:43:04,2026-03-18 11:43:04,2026-03-20 14:56:39
431,2025-03-25,200.0,校园卡,周二,支出,食品饮料,食品饮料,0,,,5,2026-03-18 11:43:04,2026-03-18 11:43:04,2026-03-20 11:32:12
437,2025-03-24,90.0,知网论文查重,周一,支出,学习/培训/办公,学习/培训/办公,0,,,5,2026-03-18 11:43:04,2026-03-18 11:43:04,2026-03-20 11:32:12
436,2025-03-24,32.5,寄快递,周一,支出,生活支出,生活支出,0,,,5,2026-03-18 11:43:04,2026-03-18 11:43:04,2026-03-20 14:56:39
435,2025-03-24,56.0,攀岩,周一,支出,娱乐/运动,娱乐/运动,0,,,5,2026-03-18 11:43:04,2026-03-18 11:43:04,2026-03-20 11:32:12
442,2025-03-22,100.0,晚餐,周六,支出,食品饮料,食品饮料,0,,,5,2026-03-18 11:43:04,2026-03-18 11:43:04,2026-03-20 11:32:12
441,2025-03-22,45.0,台球,周六,支出,娱乐/运动,娱乐/运动,0,,,5,2026-03-18 11:43:04,2026-03-18 11:43:04,2026-03-20 11:32:12
440,2025-03-22,79.1,超市,周六,支出,食品饮料,食品饮料,0,,,5,2026-03-18 11:43:04,2026-03-18 11:43:04,2026-03-20 11:32:12
439,2025-03-22,52.0,午餐,周六,支出,食品饮料,食品饮料,0,,,5,2026-03-18 11:43:04,2026-03-18 11:43:04,2026-03-20 11:32:12
438,2025-03-22,188.0,酒店,周六,支出,住宿,住宿,0,,,5,2026-03-18 11:43:04,2026-03-18 11:43:04,2026-03-20 11:32:12
444,2025-03-21,54.0,晚餐,周五,支出,食品饮料,食品饮料,0,,,5,2026-03-18 11:43:04,2026-03-18 11:43:04,2026-03-20 11:32:12
443,2025-03-21,53.0,午餐,周五,支出,食品饮料,食品饮料,0,,,5,2026-03-18 11:43:04,2026-03-18 11:43:04,2026-03-20 11:32:12
446,2025-03-20,30.5,晚餐,周四,支出,食品饮料,食品饮料,0,,,5,2026-03-18 11:43:04,2026-03-18 11:43:04,2026-03-20 11:32:12
445,2025-03-20,73.5,攀岩,周四,支出,娱乐/运动,娱乐/运动,0,,,5,2026-03-18 11:43:04,2026-03-18 11:43:04,2026-03-20 11:32:12
449,2025-03-19,15.0,健身,周三,支出,娱乐/运动,娱乐/运动,0,,,5,2026-03-18 11:43:04,2026-03-18 11:43:04,2026-03-20 11:32:12
448,2025-03-19,21.0,午餐,周三,支出,食品饮料,食品饮料,0,,,5,2026-03-18 11:43:04,2026-03-18 11:43:04,2026-03-20 11:32:12
447,2025-03-19,90.0,签注,周三,支出,娱乐/运动,娱乐/运动,0,,,5,2026-03-18 11:43:04,2026-03-18 11:43:04,2026-03-20 11:32:12
452,2025-03-18,15.0,看耳鸣,周二，开中医药，人民医院看耳鸣,支出,生活支出,生活支出,0,,,5,2026-03-18 11:43:04,2026-03-18 11:43:04,2026-03-20 14:56:39
451,2025-03-18,133.0,晚餐,周二，开中医药，人民医院看耳鸣,支出,食品饮料,食品饮料,0,,,5,2026-03-18 11:43:04,2026-03-18 11:43:04,2026-03-20 11:32:12
450,2025-03-18,80.0,钟点房,周二，开中医药，人民医院看耳鸣,支出,住宿,住宿,0,,,5,2026-03-18 11:43:04,2026-03-18 11:43:04,2026-03-20 11:32:12
453,2025-03-17,100.0,充卡,周一,支出,食品饮料,食品饮料,0,,,5,2026-03-18 11:43:04,2026-03-18 11:43:04,2026-03-20 11:32:12
454,2025-03-16,90.0,超市,周天,支出,食品饮料,食品饮料,0,,,5,2026-03-18 11:43:04,2026-03-18 11:43:04,2026-03-20 11:32:12
456,2025-03-15,81.0,午餐,周六,支出,食品饮料,食品饮料,0,,,5,2026-03-18 11:43:04,2026-03-18 11:43:04,2026-03-20 11:32:12
455,2025-03-15,188.0,酒店,周六,支出,住宿,住宿,0,,,5,2026-03-18 11:43:04,2026-03-18 11:43:04,2026-03-20 11:32:12
461,2025-03-14,206.0,酒店,周五，攀岩,支出,住宿,住宿,0,,,5,2026-03-18 11:43:04,2026-03-18 11:43:04,2026-03-20 11:32:12
460,2025-03-14,65.55,超市,周五，攀岩,支出,食品饮料,食品饮料,0,,,5,2026-03-18 11:43:04,2026-03-18 11:43:04,2026-03-20 11:32:12
459,2025-03-14,28.0,打车,周五，攀岩,支出,交通,交通,0,,,5,2026-03-18 11:43:04,2026-03-18 11:43:04,2026-03-20 11:32:12
458,2025-03-14,90.0,攀岩,周五，攀岩,支出,娱乐/运动,娱乐/运动,0,,,5,2026-03-18 11:43:04,2026-03-18 11:43:04,2026-03-20 11:32:12
457,2025-03-14,93.0,烧烤自助,周五，攀岩,支出,食品饮料,食品饮料,0,,,5,2026-03-18 11:43:04,2026-03-18 11:43:04,2026-03-20 11:32:12
464,2025-03-13,25.0,台球,周四，和博哥打台球，和陶打麻将,支出,娱乐/运动,娱乐/运动,0,,,5,2026-03-18 11:43:04,2026-03-18 11:43:04,2026-03-20 11:32:12
463,2025-03-13,29.0,燕麦,周四，和博哥打台球，和陶打麻将,支出,食品饮料,食品饮料,0,,,5,2026-03-18 11:43:04,2026-03-18 11:43:04,2026-03-20 11:32:12
462,2025-03-13,14.0,鞋垫,周四，和博哥打台球，和陶打麻将,支出,服饰,服饰,0,,,5,2026-03-18 11:43:04,2026-03-18 11:43:04,2026-03-20 11:32:12
465,2025-03-12,4000.0,妈给的五一vac旅游费,周三,收入,亲友转账,亲友转账,0,,,5,2026-03-18 11:43:04,2026-03-18 11:43:04,2026-03-20 11:32:12
467,2025-03-10,28.0,晚餐,周一，cog首钢攀岩,支出,食品饮料,食品饮料,0,,,5,2026-03-18 11:43:04,2026-03-18 11:43:04,2026-03-20 11:32:12
466,2025-03-10,60.0,攀岩,周一，cog首钢攀岩,支出,娱乐/运动,娱乐/运动,0,,,5,2026-03-18 11:43:04,2026-03-18 11:43:04,2026-03-20 11:32:12
468,2025-03-09,49.4,午餐晚餐,周天，收拾衣服,支出,食品饮料,食品饮料,0,,,5,2026-03-18 11:43:04,2026-03-18 11:43:04,2026-03-20 11:32:12
471,2025-03-08,10.0,打车,周六，打台球,支出,交通,交通,0,,,5,2026-03-18 11:43:04,2026-03-18 11:43:04,2026-03-20 11:32:12
470,2025-03-08,71.0,午餐,周六，打台球,支出,食品饮料,食品饮料,0,,,5,2026-03-18 11:43:04,2026-03-18 11:43:04,2026-03-20 11:32:12
469,2025-03-08,7.9,台球,周六，打台球,支出,娱乐/运动,娱乐/运动,0,,,5,2026-03-18 11:43:04,2026-03-18 11:43:04,2026-03-20 11:32:12
475,2025-03-07,65.0,桌游,周五，打台球，打桌游，沙丘帝国,支出,娱乐/运动,娱乐/运动,0,,,5,2026-03-18 11:43:04,2026-03-18 11:43:04,2026-03-20 11:32:12
474,2025-03-07,15.0,晚餐,周五，打台球，打桌游，沙丘帝国,支出,食品饮料,食品饮料,0,,,5,2026-03-18 11:43:04,2026-03-18 11:43:04,2026-03-20 11:32:12
473,2025-03-07,41.0,午餐,周五，打台球，打桌游，沙丘帝国,支出,食品饮料,食品饮料,0,,,5,2026-03-18 11:43:04,2026-03-18 11:43:04,2026-03-20 11:32:12
472,2025-03-07,15.0,台球,周五，打台球，打桌游，沙丘帝国,支出,娱乐/运动,娱乐/运动,0,,,5,2026-03-18 11:43:04,2026-03-18 11:43:04,2026-03-20 11:32:12
477,2025-03-06,200.0,酒店,周四，组会,支出,住宿,住宿,0,,,5,2026-03-18 11:43:04,2026-03-18 11:43:04,2026-03-20 11:32:12
476,2025-03-06,31.0,打车,周四，组会,支出,交通,交通,0,,,5,2026-03-18 11:43:04,2026-03-18 11:43:04,2026-03-20 11:32:12
480,2025-03-04,80.0,钟点房,周二，香蕉攀岩,支出,住宿,住宿,0,,,5,2026-03-18 11:43:04,2026-03-18 11:43:04,2026-03-20 11:32:12
479,2025-03-04,144.0,晚餐,周二，香蕉攀岩,支出,食品饮料,食品饮料,0,,,5,2026-03-18 11:43:04,2026-03-18 11:43:04,2026-03-20 11:32:12
478,2025-03-04,80.0,攀岩,周二，香蕉攀岩,支出,娱乐/运动,娱乐/运动,0,,,5,2026-03-18 11:43:04,2026-03-18 11:43:04,2026-03-20 11:32:12
484,2025-03-02,10.0,台球,周天，打台球,支出,娱乐/运动,娱乐/运动,0,,,5,2026-03-18 11:43:04,2026-03-18 11:43:04,2026-03-20 11:32:12
483,2025-03-02,39.0,晚餐,周天，打台球,支出,食品饮料,食品饮料,0,,,5,2026-03-18 11:43:04,2026-03-18 11:43:04,2026-03-20 11:32:12
482,2025-03-02,68.0,好特卖,周天，打台球,支出,食品饮料,食品饮料,0,,,5,2026-03-18 11:43:04,2026-03-18 11:43:04,2026-03-20 11:32:12
481,2025-03-02,62.0,打车,周天，打台球,支出,交通,交通,0,,,5,2026-03-18 11:43:04,2026-03-18 11:43:04,2026-03-20 11:32:12
488,2025-03-01,140.0,和gayA火锅,周六，找gay吃火锅，玩庞氏骗局,支出,食品饮料,食品饮料,0,,,5,2026-03-18 11:43:04,2026-03-18 11:43:04,2026-03-20 11:32:12
487,2025-03-01,200.0,酒店,周六，找gay吃火锅，玩庞氏骗局,支出,住宿,住宿,0,,,5,2026-03-18 11:43:04,2026-03-18 11:43:04,2026-03-20 11:32:12
486,2025-03-01,52.19,打车,周六，找gay吃火锅，玩庞氏骗局,支出,交通,交通,0,,,5,2026-03-18 11:43:04,2026-03-18 11:43:04,2026-03-20 11:32:12
485,2025-03-01,3.57,交通,周六，找gay吃火锅，玩庞氏骗局,支出,交通,交通,0,,,5,2026-03-18 11:43:04,2026-03-18 11:43:04,2026-03-20 11:32:12
491,2025-02-28,31.58,逛超市,周五,支出,食品饮料,食品饮料,0,,,5,2026-03-18 11:43:04,2026-03-18 11:43:04,2026-03-20 11:32:12
490,2025-02-28,235.0,酒店,周五,支出,住宿,住宿,0,,,5,2026-03-18 11:43:04,2026-03-18 11:43:04,2026-03-20 11:32:12
489,2025-02-28,31.0,晚餐,周五,支出,食品饮料,食品饮料,0,,,5,2026-03-18 11:43:04,2026-03-18 11:43:04,2026-03-20 11:32:12
494,2025-02-27,10.0,晚餐,周四，飞猫攀岩,支出,食品饮料,食品饮料,0,,,5,2026-03-18 11:43:04,2026-03-18 11:43:04,2026-03-20 11:32:12
493,2025-02-27,34.0,台球,周四，飞猫攀岩,支出,娱乐/运动,娱乐/运动,0,,,5,2026-03-18 11:43:04,2026-03-18 11:43:04,2026-03-20 11:32:12
492,2025-02-27,8.0,交通,周四，飞猫攀岩,支出,交通,交通,0,,,5,2026-03-18 11:43:04,2026-03-18 11:43:04,2026-03-20 11:32:12
497,2025-02-26,9.0,牛奶,周三，找悦姐玩,支出,食品饮料,食品饮料,0,,,5,2026-03-18 11:43:04,2026-03-18 11:43:04,2026-03-20 11:32:12
496,2025-02-26,14.0,交通,周三，找悦姐玩,支出,交通,交通,0,,,5,2026-03-18 11:43:04,2026-03-18 11:43:04,2026-03-20 11:32:12
495,2025-02-26,61.0,桌游,周三，找悦姐玩,支出,娱乐/运动,娱乐/运动,0,,,5,2026-03-18 11:43:04,2026-03-18 11:43:04,2026-03-20 11:32:12
500,2025-02-25,100.0,悦姐烧烤,周二，兼职，打台球,支出,亲友转账,亲友转账,0,,,5,2026-03-18 11:43:04,2026-03-18 11:43:04,2026-03-20 11:32:12
499,2025-02-25,50.0,兼职,周二，兼职，打台球,收入,工资,工资,0,,,5,2026-03-18 11:43:04,2026-03-18 11:43:04,2026-03-20 11:32:12
498,2025-02-25,25.0,晚餐,周二，兼职，打台球,支出,食品饮料,食品饮料,0,,,5,2026-03-18 11:43:04,2026-03-18 11:43:04,2026-03-20 11:32:12
502,2025-02-23,200.0,充卡,打台球，周天,支出,食品饮料,食品饮料,0,,,5,2026-03-18 11:43:04,2026-03-18 11:43:04,2026-03-20 11:32:12
501,2025-02-23,45.0,台球,打台球，周天,支出,娱乐/运动,娱乐/运动,0,,,5,2026-03-18 11:43:04,2026-03-18 11:43:04,2026-03-20 11:32:12
504,2025-02-21,24.0,午餐,周六,支出,食品饮料,食品饮料,0,,,5,2026-03-18 11:43:04,2026-03-18 11:43:04,2026-03-20 11:32:12
503,2025-02-21,132.0,盒马,周六,支出,食品饮料,食品饮料,0,,,5,2026-03-18 11:43:04,2026-03-18 11:43:04,2026-03-20 11:32:12
505,2025-02-20,233.0,烤羊腿,周五，大宝开组会,支出,食品饮料,食品饮料,0,,,5,2026-03-18 11:43:04,2026-03-18 11:43:04,2026-03-20 11:32:12
510,2025-02-17,30.0,地铁,总花费5500，悦学姐支出2900，我支出2600,支出,交通,交通,0,,,5,2026-03-18 11:43:04,2026-03-18 11:43:04,2026-03-20 11:32:12
509,2025-02-17,29.0,高速,总花费5500，悦学姐支出2900，我支出2600,支出,交通,交通,0,,,5,2026-03-18 11:43:04,2026-03-18 11:43:04,2026-03-20 11:32:12
508,2025-02-17,50.0,午餐,总花费5500，悦学姐支出2900，我支出2600,支出,食品饮料,食品饮料,0,,,5,2026-03-18 11:43:04,2026-03-18 11:43:04,2026-03-20 11:32:12
507,2025-02-17,137.65,加油,总花费5500，悦学姐支出2900，我支出2600,支出,交通,交通,0,,,5,2026-03-18 11:43:04,2026-03-18 11:43:04,2026-03-20 11:32:12
506,2025-02-17,81.0,寄快递,总花费5500，悦学姐支出2900，我支出2600,支出,生活支出,生活支出,0,,,5,2026-03-18 11:43:04,2026-03-18 11:43:04,2026-03-20 14:56:39
516,2025-02-16,18.0,爆米花,探洞+越野车,支出,食品饮料,食品饮料,0,,,5,2026-03-18 11:43:04,2026-03-18 11:43:04,2026-03-20 11:32:12
515,2025-02-16,150.0,晚餐,探洞+越野车,支出,食品饮料,食品饮料,0,,,5,2026-03-18 11:43:04,2026-03-18 11:43:04,2026-03-20 11:32:12
514,2025-02-16,61.0,摘草莓,探洞+越野车,支出,娱乐/运动,娱乐/运动,0,,,5,2026-03-18 11:43:04,2026-03-18 11:43:04,2026-03-20 11:32:12
513,2025-02-16,111.0,酒店,探洞+越野车,支出,住宿,住宿,0,,,5,2026-03-18 11:43:04,2026-03-18 11:43:04,2026-03-20 11:32:12
512,2025-02-16,330.0,越野车,探洞+越野车,支出,娱乐/运动,娱乐/运动,0,,,5,2026-03-18 11:43:04,2026-03-18 11:43:04,2026-03-20 11:32:12
511,2025-02-16,380.0,探洞,探洞+越野车,支出,娱乐/运动,娱乐/运动,0,,,5,2026-03-18 11:43:04,2026-03-18 11:43:04,2026-03-20 11:32:12
521,2025-02-15,152.0,吃,阳朔竹筏+攀岩,支出,食品饮料,食品饮料,0,,,5,2026-03-18 11:43:04,2026-03-18 11:43:04,2026-03-20 11:32:12
520,2025-02-15,20.0,接驳车,阳朔竹筏+攀岩,支出,交通,交通,0,,,5,2026-03-18 11:43:04,2026-03-18 11:43:04,2026-03-20 11:32:12
519,2025-02-15,184.0,攀岩,阳朔竹筏+攀岩,支出,娱乐/运动,娱乐/运动,0,,,5,2026-03-18 11:43:04,2026-03-18 11:43:04,2026-03-20 11:32:12
518,2025-02-15,320.0,竹筏,阳朔竹筏+攀岩,支出,娱乐/运动,娱乐/运动,0,,,5,2026-03-18 11:43:04,2026-03-18 11:43:04,2026-03-20 11:32:12
517,2025-02-15,10.0,国道,阳朔竹筏+攀岩,支出,交通,交通,0,,,5,2026-03-18 11:43:04,2026-03-18 11:43:04,2026-03-20 11:32:12
525,2025-02-14,199.0,酒店,桂林市区溜达,支出,住宿,住宿,0,,,5,2026-03-18 11:43:04,2026-03-18 11:43:04,2026-03-20 11:32:12
524,2025-02-14,85.0,吃,桂林市区溜达,支出,食品饮料,食品饮料,0,,,5,2026-03-18 11:43:04,2026-03-18 11:43:04,2026-03-20 11:32:12
523,2025-02-14,667.0,租车,桂林市区溜达,支出,交通,交通,0,,,5,2026-03-18 11:43:04,2026-03-18 11:43:04,2026-03-20 11:32:12
522,2025-02-14,1480.0,悦学姐给的钱,桂林市区溜达,收入,亲友转账,亲友转账,0,,,5,2026-03-18 11:43:04,2026-03-18 11:43:04,2026-03-20 11:32:12
527,2025-02-13,1094.0,机票,去南京飞桂林,支出,交通,交通,0,,,5,2026-03-18 11:43:04,2026-03-18 11:43:04,2026-03-20 11:32:12
526,2025-02-13,3000.0,妈给的生活费,去南京飞桂林,收入,亲友转账,亲友转账,0,,,5,2026-03-18 11:43:04,2026-03-18 11:43:04,2026-03-20 11:32:12
533,2025-02-09,14.0,地理书,回家,支出,学习/培训/办公,学习/培训/办公,0,,,5,2026-03-18 11:43:04,2026-03-18 11:43:04,2026-03-20 11:32:12
532,2025-02-09,19.0,康佳手机快递费,回家,支出,亲友转账,亲友转账,0,,,5,2026-03-18 11:43:04,2026-03-18 11:43:04,2026-03-20 11:32:12
531,2025-02-09,12.0,桌游,回家,支出,娱乐/运动,娱乐/运动,0,,,5,2026-03-18 11:43:04,2026-03-18 11:43:04,2026-03-20 11:32:12
530,2025-02-09,23.0,奶茶,回家,支出,食品饮料,食品饮料,0,,,5,2026-03-18 11:43:04,2026-03-18 11:43:04,2026-03-20 11:32:12
529,2025-02-09,132.82,蕾蕾姐-玉石+耳环,回家,支出,亲友转账,亲友转账,0,,,5,2026-03-18 11:43:04,2026-03-18 11:43:04,2026-03-20 11:32:12
528,2025-02-09,45.0,羽毛球,回家,支出,娱乐/运动,娱乐/运动,0,,,5,2026-03-18 11:43:04,2026-03-18 11:43:04,2026-03-20 11:32:12
537,2025-02-05,26.5,买菜,在康佳家,支出,食品饮料,食品饮料,0,,,5,2026-03-18 11:43:04,2026-03-18 11:43:04,2026-03-20 11:32:12
536,2025-02-05,90.0,康佳羽毛球,在康佳家,支出,亲友转账,亲友转账,0,,,5,2026-03-18 11:43:04,2026-03-18 11:43:04,2026-03-20 11:32:12
535,2025-02-05,20.0,桌游,在康佳家,支出,娱乐/运动,娱乐/运动,0,,,5,2026-03-18 11:43:04,2026-03-18 11:43:04,2026-03-20 11:32:12
534,2025-02-05,107.0,坚果,在康佳家,支出,食品饮料,食品饮料,0,,,5,2026-03-18 11:43:04,2026-03-18 11:43:04,2026-03-20 11:32:12
539,2025-01-26,200.0,三哥礼钱,周天，来利辛给三哥结婚帮忙,支出,亲友转账,亲友转账,0,,,5,2026-03-18 11:43:04,2026-03-18 11:43:04,2026-03-20 11:32:12
538,2025-01-26,5.0,交通,周天，来利辛给三哥结婚帮忙,支出,交通,交通,0,,,5,2026-03-18 11:43:04,2026-03-18 11:43:04,2026-03-20 11:32:12
540,2025-01-24,33.5,午餐,重庆飞阜阳，和康佳一家吃饭,支出,食品饮料,食品饮料,0,,,5,2026-03-18 11:43:04,2026-03-18 11:43:04,2026-03-20 11:32:12
543,2025-01-23,158.0,酒店,周四，悦姐回家,支出,住宿,住宿,0,,,5,2026-03-18 11:43:04,2026-03-18 11:43:04,2026-03-20 11:32:12
542,2025-01-23,71.5,悦学姐帽子发夹,周四，悦姐回家,支出,亲友转账,亲友转账,0,,,5,2026-03-18 11:43:04,2026-03-18 11:43:04,2026-03-20 11:32:12
541,2025-01-23,31.5,午餐,周四，悦姐回家,支出,食品饮料,食品饮料,0,,,5,2026-03-18 11:43:04,2026-03-18 11:43:04,2026-03-20 11:32:12
548,2025-01-22,158.0,酒店,周三，仪陇-重庆西，悦姐给妈妈买了件衣服,支出,住宿,住宿,0,,,5,2026-03-18 11:43:04,2026-03-18 11:43:04,2026-03-20 11:32:12
547,2025-01-22,21.0,悦姐国色电视剧,周三，仪陇-重庆西，悦姐给妈妈买了件衣服,支出,亲友转账,亲友转账,0,,,5,2026-03-18 11:43:04,2026-03-18 11:43:04,2026-03-20 11:32:12
546,2025-01-22,500.0,悦姐妈妈衣服,周三，仪陇-重庆西，悦姐给妈妈买了件衣服,支出,亲友转账,亲友转账,0,,,5,2026-03-18 11:43:04,2026-03-18 11:43:04,2026-03-20 11:32:12
545,2025-01-22,104.0,火锅,周三，仪陇-重庆西，悦姐给妈妈买了件衣服,支出,食品饮料,食品饮料,0,,,5,2026-03-18 11:43:04,2026-03-18 11:43:04,2026-03-20 11:32:12
544,2025-01-22,173.88,交通,周三，仪陇-重庆西，悦姐给妈妈买了件衣服,支出,交通,交通,0,,,5,2026-03-18 11:43:04,2026-03-18 11:43:04,2026-03-20 11:32:12
550,2025-01-21,40.0,悦姐带给gay和dmy礼物,周二，张悦妈妈给我600块钱红包,支出,亲友转账,亲友转账,0,,,5,2026-03-18 11:43:04,2026-03-18 11:43:04,2026-03-20 11:32:12
549,2025-01-21,498.0,中药,周二，张悦妈妈给我600块钱红包,支出,生活支出,生活支出,0,,,5,2026-03-18 11:43:04,2026-03-18 11:43:04,2026-03-20 14:56:39
551,2025-01-20,136.0,家里红酒,周一，张悦大姨给我600块钱红包,支出,食品饮料,食品饮料,0,,,5,2026-03-18 11:43:04,2026-03-18 11:43:04,2026-03-20 11:32:12
553,2025-01-19,140.0,悦姐妈妈耳坠,周天,支出,亲友转账,亲友转账,0,,,5,2026-03-18 11:43:04,2026-03-18 11:43:04,2026-03-20 11:32:12
552,2025-01-19,150.0,悦姐和大姨家牛奶,周天,支出,食品饮料,食品饮料,0,,,5,2026-03-18 11:43:04,2026-03-18 11:43:04,2026-03-20 11:32:12
555,2025-01-17,22.0,悦姐毛巾,周五，看中医,支出,亲友转账,亲友转账,0,,,5,2026-03-18 11:43:04,2026-03-18 11:43:04,2026-03-20 11:32:12
554,2025-01-17,108.0,中药,周五，看中医,支出,生活支出,生活支出,0,,,5,2026-03-18 11:43:04,2026-03-18 11:43:04,2026-03-20 14:56:39
557,2025-01-16,56.0,保暖背心,周四,支出,服饰,服饰,0,,,5,2026-03-18 11:43:04,2026-03-18 11:43:04,2026-03-20 11:32:12
556,2025-01-16,261.6,红酒-给悦姐家,周四,支出,亲友转账,亲友转账,0,,,5,2026-03-18 11:43:04,2026-03-18 11:43:04,2026-03-20 11:32:12
560,2025-01-15,30.0,地铁,飞重庆，到悦姐家里咯,支出,交通,交通,0,,,5,2026-03-18 11:43:04,2026-03-18 11:43:04,2026-03-20 11:32:12
559,2025-01-15,28.0,晚餐,飞重庆，到悦姐家里咯,支出,食品饮料,食品饮料,0,,,5,2026-03-18 11:43:04,2026-03-18 11:43:04,2026-03-20 11:32:12
558,2025-01-15,900.0,机票,飞重庆，到悦姐家里咯,支出,交通,交通,0,,,5,2026-03-18 11:43:04,2026-03-18 11:43:04,2026-03-20 11:32:12
561,2025-01-14,95.0,攀岩,攀岩,支出,娱乐/运动,娱乐/运动,0,,,5,2026-03-18 11:43:04,2026-03-18 11:43:04,2026-03-20 11:32:12
565,2025-01-12,18.0,晚餐,周天，和严逛慕尼黑展览,支出,食品饮料,食品饮料,0,,,5,2026-03-18 11:43:04,2026-03-18 11:43:04,2026-03-20 11:32:12
564,2025-01-12,400.0,围巾,周天，和严逛慕尼黑展览,支出,服饰,服饰,0,,,5,2026-03-18 11:43:04,2026-03-18 11:43:04,2026-03-20 11:32:12
563,2025-01-12,360.0,甜点-寄家里,周天，和严逛慕尼黑展览,支出,食品饮料,食品饮料,0,,,5,2026-03-18 11:43:04,2026-03-18 11:43:04,2026-03-20 11:32:12
562,2025-01-12,48.0,午餐,周天，和严逛慕尼黑展览,支出,食品饮料,食品饮料,0,,,5,2026-03-18 11:43:04,2026-03-18 11:43:04,2026-03-20 11:32:12
571,2025-01-11,25.47,打车,周六，滑冰，和江中宇约麻将,支出,交通,交通,0,,,5,2026-03-18 11:43:04,2026-03-18 11:43:04,2026-03-20 11:32:12
570,2025-01-11,68.0,麻将,周六，滑冰，和江中宇约麻将,支出,娱乐/运动,娱乐/运动,0,,,5,2026-03-18 11:43:04,2026-03-18 11:43:04,2026-03-20 11:32:12
569,2025-01-11,330.0,晚餐,周六，滑冰，和江中宇约麻将,支出,食品饮料,食品饮料,0,,,5,2026-03-18 11:43:04,2026-03-18 11:43:04,2026-03-20 11:32:12
568,2025-01-11,70.0,滑冰,周六，滑冰，和江中宇约麻将,支出,娱乐/运动,娱乐/运动,0,,,5,2026-03-18 11:43:04,2026-03-18 11:43:04,2026-03-20 11:32:12
567,2025-01-11,60.0,超市,周六，滑冰，和江中宇约麻将,支出,食品饮料,食品饮料,0,,,5,2026-03-18 11:43:04,2026-03-18 11:43:04,2026-03-20 11:32:12
566,2025-01-11,60.0,午餐,周六，滑冰，和江中宇约麻将,支出,食品饮料,食品饮料,0,,,5,2026-03-18 11:43:04,2026-03-18 11:43:04,2026-03-20 11:32:12
577,2025-01-10,2000.0,妈给的生活费,悦姐搬家,收入,亲友转账,亲友转账,0,,,5,2026-03-18 11:43:04,2026-03-18 11:43:04,2026-03-20 11:32:12
576,2025-01-10,52.64,悦姐的收纳,悦姐搬家,支出,亲友转账,亲友转账,0,,,5,2026-03-18 11:43:04,2026-03-18 11:43:04,2026-03-20 11:32:12
575,2025-01-10,6.0,打车,悦姐搬家,支出,交通,交通,0,,,5,2026-03-18 11:43:04,2026-03-18 11:43:04,2026-03-20 11:32:12
574,2025-01-10,33.0,滑雪视频,悦姐搬家,支出,娱乐/运动,娱乐/运动,0,,,5,2026-03-18 11:43:04,2026-03-18 11:43:04,2026-03-20 11:32:12
573,2025-01-10,164.0,酒店,悦姐搬家,支出,住宿,住宿,0,,,5,2026-03-18 11:43:04,2026-03-18 11:43:04,2026-03-20 11:32:12
572,2025-01-10,79.0,晚餐,悦姐搬家,支出,食品饮料,食品饮料,0,,,5,2026-03-18 11:43:04,2026-03-18 11:43:04,2026-03-20 11:32:12
583,2025-01-09,120.0,修无人机,和博哥、王煜滑雪，校园卡丢了,支出,娱乐/运动,娱乐/运动,0,,,5,2026-03-18 11:43:04,2026-03-18 11:43:04,2026-03-20 11:32:12
582,2025-01-09,15.0,柜子,和博哥、王煜滑雪，校园卡丢了,支出,生活支出,生活支出,0,,,5,2026-03-18 11:43:04,2026-03-18 11:43:04,2026-03-20 14:56:39
581,2025-01-09,56.9,晚餐,滑雪，校园卡丢了,支出,食品饮料,食品饮料,0,,,5,2026-03-18 11:43:04,2026-03-18 11:43:04,2026-03-20 11:32:12
580,2025-01-09,18.0,早餐,滑雪，校园卡丢了,支出,食品饮料,食品饮料,0,,,5,2026-03-18 11:43:04,2026-03-18 11:43:04,2026-03-20 11:32:12
579,2025-01-09,7.0,水,滑雪，校园卡丢了,支出,食品饮料,食品饮料,0,,,5,2026-03-18 11:43:04,2026-03-18 11:43:04,2026-03-20 11:32:12
578,2025-01-09,225.0,滑雪,滑雪，校园卡丢了,支出,娱乐/运动,娱乐/运动,0,,,5,2026-03-18 11:43:04,2026-03-18 11:43:04,2026-03-20 11:32:12
587,2025-01-08,67.95,博哥买的肯德基,中期答辩,支出,食品饮料,食品饮料,0,,,5,2026-03-18 11:43:04,2026-03-18 11:43:04,2026-03-20 11:32:12
586,2025-01-08,165.0,滑雪,中期答辩,支出,娱乐/运动,娱乐/运动,0,,,5,2026-03-18 11:43:04,2026-03-18 11:43:04,2026-03-20 11:32:12
585,2025-01-08,65.3,酒店,中期答辩,支出,住宿,住宿,0,,,5,2026-03-18 11:43:04,2026-03-18 11:43:04,2026-03-20 11:32:12
584,2025-01-08,100.0,充卡,中期答辩,支出,食品饮料,食品饮料,0,,,5,2026-03-18 11:43:04,2026-03-18 11:43:04,2026-03-20 11:32:12
589,2025-01-05,88.5,午餐晚餐,周日，回校,支出,食品饮料,食品饮料,0,,,5,2026-03-18 11:43:04,2026-03-18 11:43:04,2026-03-20 11:32:12
588,2025-01-05,10.0,交通,周日，回校,支出,交通,交通,0,,,5,2026-03-18 11:43:04,2026-03-18 11:43:04,2026-03-20 11:32:12
591,2025-01-04,32.0,午餐,和gay dmy 聪哥在民宿快乐一天,支出,食品饮料,食品饮料,0,,,5,2026-03-18 11:43:04,2026-03-18 11:43:04,2026-03-20 11:32:12
590,2025-01-04,144.0,王肖旭生日礼物,和gay dmy 聪哥在民宿快乐一天,支出,社交,社交,0,,,5,2026-03-18 11:43:04,2026-03-18 11:43:04,2026-03-20 11:32:12
592,2025-01-02,72.0,午餐,周四，和博哥煜吃饭，约了滑雪,支出,食品饮料,食品饮料,0,,,5,2026-03-18 11:43:04,2026-03-18 11:43:04,2026-03-20 11:32:12
596,2025-01-01,600.0,奖学金,周三跨年,收入,工资,工资,0,,,5,2026-03-18 11:43:04,2026-03-18 11:43:04,2026-03-20 11:32:12
595,2025-01-01,149.0,午餐,周三跨年,支出,食品饮料,食品饮料,0,,,5,2026-03-18 11:43:04,2026-03-18 11:43:04,2026-03-20 11:32:12
594,2025-01-01,37.0,菠萝蜜,周三跨年,支出,食品饮料,食品饮料,0,,,5,2026-03-18 11:43:04,2026-03-18 11:43:04,2026-03-20 11:32:12
593,2025-01-01,12.0,电脑键盘保护膜,周三跨年,支出,生活支出,生活支出,0,,,5,2026-03-18 11:43:04,2026-03-18 11:43:04,2026-03-20 14:56:39
602,2024-12-31,81.0,交通,问山跨年,支出,交通,交通,0,,,6,2026-03-20 14:32:28,2026-03-20 14:32:28,2026-03-20 14:32:28
601,2024-12-31,15.0,粉袋,问山跨年,支出,娱乐/运动,娱乐/运动,0,,,6,2026-03-20 14:32:28,2026-03-20 14:32:28,2026-03-20 14:32:28
600,2024-12-31,99.0,问山,问山跨年,支出,娱乐/运动,娱乐/运动,0,,,6,2026-03-20 14:32:28,2026-03-20 14:32:28,2026-03-20 14:32:28
599,2024-12-31,1000.0,组会劳务费,问山跨年,收入,工资,工资,0,,,6,2026-03-20 14:32:28,2026-03-20 14:32:28,2026-03-20 14:32:28
598,2024-12-31,52.8,6-12月校园单车,问山跨年,支出,交通,交通,0,,,6,2026-03-20 14:32:28,2026-03-20 14:32:28,2026-03-20 14:32:28
597,2024-12-31,72.0,iCloud,问山跨年,支出,虚拟充值/通讯,虚拟充值/通讯,0,,,6,2026-03-20 14:32:28,2026-03-20 14:32:28,2026-03-20 14:32:28
605,2024-12-29,91.1,外卖+日用品,周天,支出,食品饮料,食品饮料,0,,,6,2026-03-20 14:32:28,2026-03-20 14:32:28,2026-03-20 14:32:28
604,2024-12-29,6.0,洗衣服,周天,支出,服饰,服饰,0,,,6,2026-03-20 14:32:28,2026-03-20 14:32:28,2026-03-20 14:32:28
603,2024-12-29,24.0,外卖日用品,周天,支出,食品饮料,食品饮料,0,,,6,2026-03-20 14:32:28,2026-03-20 14:32:28,2026-03-20 14:32:28
608,2024-12-27,23.5,晚餐,周五，香蕉攀岩,支出,食品饮料,食品饮料,0,,,6,2026-03-20 14:32:28,2026-03-20 14:32:28,2026-03-20 14:32:28
607,2024-12-27,5.0,饮料,周五，香蕉攀岩,支出,食品饮料,食品饮料,0,,,6,2026-03-20 14:32:28,2026-03-20 14:32:28,2026-03-20 14:32:28
606,2024-12-27,76.5,攀岩,周五，香蕉攀岩,支出,娱乐/运动,娱乐/运动,0,,,6,2026-03-20 14:32:28,2026-03-20 14:32:28,2026-03-20 14:32:28
609,2024-12-26,100.0,充卡,周四,支出,食品饮料,食品饮料,0,,,6,2026-03-20 14:32:28,2026-03-20 14:32:28,2026-03-20 14:32:28
612,2024-12-25,36.6,水果,旅游标签-（洛阳），周三，返程回北京，洛阳花费4328.2,支出,食品饮料,食品饮料,1,洛阳,江中宇，李菁菁、悦姐,6,2026-03-20 14:32:28,2026-03-20 14:32:28,2026-04-29 17:46:59
611,2024-12-25,736.0,高铁,旅游标签-（洛阳），周三，返程回北京，洛阳花费4328.2,支出,交通,交通,1,洛阳,江中宇，李菁菁、悦姐,6,2026-03-20 14:32:28,2026-03-20 14:32:28,2026-04-29 17:46:59
610,2024-12-25,59.0,午餐,旅游标签-（洛阳），周三，返程回北京，洛阳花费4328.2,支出,食品饮料,食品饮料,1,洛阳,江中宇，李菁菁、悦姐,6,2026-03-20 14:32:28,2026-03-20 14:32:28,2026-04-29 17:46:59
615,2024-12-24,82.6,甜点,旅游标签-（洛阳），周二,支出,食品饮料,食品饮料,1,洛阳,江中宇，李菁菁、悦姐,6,2026-03-20 14:32:28,2026-03-20 14:32:28,2026-04-29 17:46:59
614,2024-12-24,49.0,晚餐,旅游标签-（洛阳），周二,支出,食品饮料,食品饮料,1,洛阳,江中宇，李菁菁、悦姐,6,2026-03-20 14:32:28,2026-03-20 14:32:28,2026-04-29 17:46:59
613,2024-12-24,57.0,午餐,旅游标签-（洛阳），周二,支出,食品饮料,食品饮料,1,洛阳,江中宇，李菁菁、悦姐,6,2026-03-20 14:32:28,2026-03-20 14:32:28,2026-04-29 17:46:59
622,2024-12-23,200.0,妈给的红包,旅游标签-（洛阳），周一,收入,亲友转账,亲友转账,1,洛阳,江中宇，李菁菁、悦姐,6,2026-03-20 14:32:28,2026-03-20 14:32:28,2026-04-29 17:46:59
621,2024-12-23,45.0,晚餐,旅游标签-（洛阳），周一,支出,食品饮料,食品饮料,1,洛阳,江中宇，李菁菁、悦姐,6,2026-03-20 14:32:28,2026-03-20 14:32:28,2026-04-29 17:46:59
620,2024-12-23,10.0,交通,旅游标签-（洛阳），周一,支出,交通,交通,1,洛阳,江中宇，李菁菁、悦姐,6,2026-03-20 14:32:28,2026-03-20 14:32:28,2026-04-29 17:46:59
619,2024-12-23,75.0,午餐,旅游标签-（洛阳），周一,支出,食品饮料,食品饮料,1,洛阳,江中宇，李菁菁、悦姐,6,2026-03-20 14:32:28,2026-03-20 14:32:28,2026-04-29 17:46:59
618,2024-12-23,139.0,妆造,旅游标签-（洛阳），周一,支出,娱乐/运动,娱乐/运动,0,,,6,2026-03-20 14:32:28,2026-03-20 14:32:28,2026-03-20 14:32:28
617,2024-12-23,180.0,酒店,旅游标签-（洛阳），周一,支出,住宿,住宿,1,洛阳,江中宇，李菁菁、悦姐,6,2026-03-20 14:32:28,2026-03-20 14:32:28,2026-04-29 17:46:59
616,2024-12-23,1469.0,和江中宇A的钱,旅游标签-（洛阳），周一,支出,娱乐/运动,娱乐/运动,0,,,6,2026-03-20 14:32:28,2026-03-20 14:32:28,2026-03-20 14:32:28
626,2024-12-22,30.0,彩票,旅游标签-（洛阳），周天，老君山，炸机,支出,娱乐/运动,娱乐/运动,1,洛阳,江中宇，李菁菁、悦姐,6,2026-03-20 14:32:28,2026-03-20 14:32:28,2026-04-29 17:46:59
625,2024-12-22,12.0,吃喝,旅游标签-（洛阳），周天，老君山，炸机,支出,食品饮料,食品饮料,1,洛阳,江中宇，李菁菁、悦姐,6,2026-03-20 14:32:28,2026-03-20 14:32:28,2026-04-29 17:46:59
624,2024-12-22,200.0,炸机感谢费,旅游标签-（洛阳），周天，老君山，炸机,支出,生活支出,生活支出,0,,,6,2026-03-20 14:32:28,2026-03-20 14:32:28,2026-03-20 14:32:28
623,2024-12-22,256.0,索道,旅游标签-（洛阳），周天，老君山，炸机,支出,娱乐/运动,娱乐/运动,0,,,6,2026-03-20 14:32:28,2026-03-20 14:32:28,2026-03-20 14:32:28
630,2024-12-21,45.0,袜子和毛巾,旅游标签-（洛阳），周六，出发洛阳，洛阳博物馆，龙门石窟，小吃街,支出,服饰,服饰,1,洛阳,江中宇，李菁菁、悦姐,6,2026-03-20 14:32:28,2026-03-20 14:32:28,2026-04-29 17:46:59
629,2024-12-21,25.0,手串-gay,旅游标签-（洛阳），周六，出发洛阳，洛阳博物馆，龙门石窟，小吃街,支出,娱乐/运动,娱乐/运动,1,洛阳,江中宇，李菁菁、悦姐,6,2026-03-20 14:32:28,2026-03-20 14:32:28,2026-04-29 17:46:59
628,2024-12-21,42.0,早餐,旅游标签-（洛阳），周六，出发洛阳，洛阳博物馆，龙门石窟，小吃街,支出,食品饮料,食品饮料,1,洛阳,江中宇，李菁菁、悦姐,6,2026-03-20 14:32:28,2026-03-20 14:32:28,2026-04-29 17:46:59
627,2024-12-21,780.0,高铁,旅游标签-（洛阳），周六，出发洛阳，洛阳博物馆，龙门石窟，小吃街,支出,交通,交通,1,洛阳,江中宇，李菁菁、悦姐,6,2026-03-20 14:32:28,2026-03-20 14:32:28,2026-04-29 17:46:59
632,2024-12-20,12000.0,奖学金,周五，来地大攀岩蹭墙,收入,工资,工资,0,,,6,2026-03-20 14:32:28,2026-03-20 14:32:28,2026-03-20 14:32:28
631,2024-12-20,4000.0,妈妈给的生活费,周五，来地大攀岩蹭墙,收入,亲友转账,亲友转账,0,,,6,2026-03-20 14:32:28,2026-03-20 14:32:28,2026-03-20 14:32:28
633,2024-12-19,23.0,晚餐,中午导师包了盒饭，晚上和炮灰联盟玩郁金香,支出,食品饮料,食品饮料,0,,,6,2026-03-20 14:32:28,2026-03-20 14:32:28,2026-03-20 14:32:28
636,2024-12-18,200.0,悦学姐,周三，vekuant vaze教授来了,收入,亲友转账,亲友转账,0,,,6,2026-03-20 14:32:28,2026-03-20 14:32:28,2026-03-20 14:32:28
635,2024-12-18,183.0,鞋和衣服,周三，vekuant vaze教授来了,支出,服饰,服饰,0,,,6,2026-03-20 14:32:28,2026-03-20 14:32:28,2026-03-20 14:32:28
634,2024-12-18,19.0,充卡,周三，vekuant vaze教授来了,支出,食品饮料,食品饮料,0,,,6,2026-03-20 14:32:28,2026-03-20 14:32:28,2026-03-20 14:32:28
639,2024-12-16,212.0,酒店,周一，爬先锋岩馆,支出,住宿,住宿,0,,,6,2026-03-20 14:32:28,2026-03-20 14:32:28,2026-03-20 14:32:28
638,2024-12-16,24.0,交通,周一，爬先锋岩馆,支出,交通,交通,0,,,6,2026-03-20 14:32:28,2026-03-20 14:32:28,2026-03-20 14:32:28
637,2024-12-16,18.8,晚餐,周一，爬先锋岩馆,支出,食品饮料,食品饮料,0,,,6,2026-03-20 14:32:28,2026-03-20 14:32:28,2026-03-20 14:32:28
640,2024-12-14,20.0,茶叶,周六,支出,食品饮料,食品饮料,0,,,6,2026-03-20 14:32:28,2026-03-20 14:32:28,2026-03-20 14:32:28
641,2024-12-13,378.0,晚餐,周五，和江中宇和袁悦吃饭,支出,食品饮料,食品饮料,0,,,6,2026-03-20 14:32:28,2026-03-20 14:32:28,2026-03-20 14:32:28
643,2024-12-12,8.9,温度计,周四，和gay和聪哥桌游,支出,生活支出,生活支出,0,,,6,2026-03-20 14:32:28,2026-03-20 14:32:28,2026-03-20 14:32:28
642,2024-12-12,20.0,桌游,周四，和gay和聪哥桌游,支出,娱乐/运动,娱乐/运动,0,,,6,2026-03-20 14:32:28,2026-03-20 14:32:28,2026-03-20 14:32:28
646,2024-12-11,30.0,橘子,周三，赵晓军老师来组会了，晚上疯狂的做爱到全身虚脱的25分钟,支出,食品饮料,食品饮料,0,,,6,2026-03-20 14:32:28,2026-03-20 14:32:28,2026-03-20 14:32:28
645,2024-12-11,40.0,晚餐,周三，赵晓军老师来组会了，晚上疯狂的做爱到全身虚脱的25分钟,支出,食品饮料,食品饮料,0,,,6,2026-03-20 14:32:28,2026-03-20 14:32:28,2026-03-20 14:32:28
644,2024-12-11,14.0,午餐,周三，赵晓军老师来组会了，晚上疯狂的做爱到全身虚脱的25分钟,支出,食品饮料,食品饮料,0,,,6,2026-03-20 14:32:28,2026-03-20 14:32:28,2026-03-20 14:32:28
647,2024-12-10,28.0,打车,周二，取护照,支出,交通,交通,0,,,6,2026-03-20 14:32:28,2026-03-20 14:32:28,2026-03-20 14:32:28
650,2024-12-09,200.0,饭卡,周一,支出,食品饮料,食品饮料,0,,,6,2026-03-20 14:32:28,2026-03-20 14:32:28,2026-03-20 14:32:28
649,2024-12-09,15.6,晚餐,周一,支出,食品饮料,食品饮料,0,,,6,2026-03-20 14:32:28,2026-03-20 14:32:28,2026-03-20 14:32:28
648,2024-12-09,44.0,午餐,周一,支出,食品饮料,食品饮料,0,,,6,2026-03-20 14:32:28,2026-03-20 14:32:28,2026-03-20 14:32:28
652,2024-12-08,228.0,酒店,周天，和gay聪哥桌游,支出,住宿,住宿,0,,,6,2026-03-20 14:32:28,2026-03-20 14:32:28,2026-03-20 14:32:28
651,2024-12-08,367.0,聚餐,周天，和gay聪哥桌游,支出,食品饮料,食品饮料,0,,,6,2026-03-20 14:32:28,2026-03-20 14:32:28,2026-03-20 14:32:28
655,2024-12-07,18.0,交通,周六，参加首高攀岩锦标赛,支出,交通,交通,0,,,6,2026-03-20 14:32:28,2026-03-20 14:32:28,2026-03-20 14:32:28
654,2024-12-07,44.5,晚餐,周六，参加首高攀岩锦标赛,支出,食品饮料,食品饮料,0,,,6,2026-03-20 14:32:28,2026-03-20 14:32:28,2026-03-20 14:32:28
653,2024-12-07,76.0,午餐,周六，参加首高攀岩锦标赛,支出,食品饮料,食品饮料,0,,,6,2026-03-20 14:32:28,2026-03-20 14:32:28,2026-03-20 14:32:28
658,2024-12-06,2.0,爱奇艺会员,周五，看完Clannad，工商信用卡到了,支出,虚拟充值/通讯,虚拟充值/通讯,0,,,6,2026-03-20 14:32:28,2026-03-20 14:32:28,2026-03-20 14:32:28
657,2024-12-06,8.0,消毒片,周五，看完Clannad，工商信用卡到了,支出,生活支出,生活支出,0,,,6,2026-03-20 14:32:28,2026-03-20 14:32:28,2026-03-20 14:32:28
656,2024-12-06,185.0,王亿洋生日礼物,周五，看完Clannad，工商信用卡到了,支出,亲友转账,亲友转账,0,,,6,2026-03-20 14:32:28,2026-03-20 14:32:28,2026-03-20 14:32:28
663,2024-12-05,120.0,桌游,周四，惑星桌游,支出,娱乐/运动,娱乐/运动,0,,,6,2026-03-20 14:32:28,2026-03-20 14:32:28,2026-03-20 14:32:28
662,2024-12-05,57.5,按摩,周四，惑星桌游,支出,生活支出,生活支出,0,,,6,2026-03-20 14:32:28,2026-03-20 14:32:28,2026-03-20 14:32:28
661,2024-12-05,88.0,电影,周四，惑星桌游,支出,娱乐/运动,娱乐/运动,0,,,6,2026-03-20 14:32:28,2026-03-20 14:32:28,2026-03-20 14:32:28
660,2024-12-05,11.2,奶茶,周四，惑星桌游,支出,食品饮料,食品饮料,0,,,6,2026-03-20 14:32:28,2026-03-20 14:32:28,2026-03-20 14:32:28
659,2024-12-05,16.8,镁粉,周四，惑星桌游,支出,娱乐/运动,娱乐/运动,0,,,6,2026-03-20 14:32:28,2026-03-20 14:32:28,2026-03-20 14:32:28
665,2024-12-04,52.0,午餐,周三，和袁和江中宇吃饭,支出,食品饮料,食品饮料,0,,,6,2026-03-20 14:32:28,2026-03-20 14:32:28,2026-03-20 14:32:28
664,2024-12-04,140.5,铜锅涮肉,周三，和袁和江中宇吃饭,支出,食品饮料,食品饮料,0,,,6,2026-03-20 14:32:28,2026-03-20 14:32:28,2026-03-20 14:32:28
666,2024-12-03,226.0,酒店,周二，看完都铎王朝,支出,住宿,住宿,0,,,6,2026-03-20 14:32:28,2026-03-20 14:32:28,2026-03-20 14:32:28
668,2024-12-02,6.0,洗衣服,周一,支出,服饰,服饰,0,,,6,2026-03-20 14:32:28,2026-03-20 14:32:28,2026-03-20 14:32:28
667,2024-12-02,149.5,果蔬好,周一,支出,食品饮料,食品饮料,0,,,6,2026-03-20 14:32:28,2026-03-20 14:32:28,2026-03-20 14:32:28
672,2024-12-01,101.0,坚果,周天，岩时练速度道,支出,食品饮料,食品饮料,0,,,6,2026-03-20 14:32:28,2026-03-20 14:32:28,2026-03-20 14:32:28
671,2024-12-01,8.0,一次性手套,周天，岩时练速度道,支出,服饰,服饰,0,,,6,2026-03-20 14:32:28,2026-03-20 14:32:28,2026-03-20 14:32:28
670,2024-12-01,234.5,衬衫,周天，岩时练速度道,支出,服饰,服饰,0,,,6,2026-03-20 14:32:28,2026-03-20 14:32:28,2026-03-20 14:32:28
669,2024-12-01,90.0,攀岩,周天，岩时练速度道,支出,娱乐/运动,娱乐/运动,0,,,6,2026-03-20 14:32:28,2026-03-20 14:32:28,2026-03-20 14:32:28
674,2024-11-30,57.0,晚餐,周六休息,支出,食品饮料,食品饮料,0,,,6,2026-03-20 14:32:28,2026-03-20 14:32:28,2026-03-20 14:32:28
673,2024-11-30,31.0,午餐,周六休息,支出,食品饮料,食品饮料,0,,,6,2026-03-20 14:32:28,2026-03-20 14:32:28,2026-03-20 14:32:28
680,2024-11-29,12.0,晚餐,周五，去甘家口办护照，体检，去地大参观,支出,食品饮料,食品饮料,0,,,6,2026-03-20 14:32:28,2026-03-20 14:32:28,2026-03-20 14:32:28
679,2024-11-29,78.7,甜点,周五，去甘家口办护照，体检，去地大参观,支出,食品饮料,食品饮料,0,,,6,2026-03-20 14:32:28,2026-03-20 14:32:28,2026-03-20 14:32:28
678,2024-11-29,10.0,交通,周五，去甘家口办护照，体检，去地大参观,支出,交通,交通,0,,,6,2026-03-20 14:32:28,2026-03-20 14:32:28,2026-03-20 14:32:28
677,2024-11-29,25.0,午餐,周五，去甘家口办护照，体检，去地大参观,支出,食品饮料,食品饮料,0,,,6,2026-03-20 14:32:28,2026-03-20 14:32:28,2026-03-20 14:32:28
676,2024-11-29,120.0,护照,周五，去甘家口办护照，体检，去地大参观,支出,学习/培训/办公,学习/培训/办公,0,,,6,2026-03-20 14:32:28,2026-03-20 14:32:28,2026-03-20 14:32:28
675,2024-11-29,38.79,打车,周五，去甘家口办护照，体检，去地大参观,支出,交通,交通,0,,,6,2026-03-20 14:32:28,2026-03-20 14:32:28,2026-03-20 14:32:28
682,2024-11-28,31.5,晚餐,周四，去攀岩馆,支出,食品饮料,食品饮料,0,,,6,2026-03-20 14:32:28,2026-03-20 14:32:28,2026-03-20 14:32:28
681,2024-11-28,47.0,攀岩,周四，去攀岩馆,支出,娱乐/运动,娱乐/运动,0,,,6,2026-03-20 14:32:28,2026-03-20 14:32:28,2026-03-20 14:32:28
683,2024-11-27,1000.0,妈给的生活费,周三,收入,亲友转账,亲友转账,0,,,6,2026-03-20 14:32:28,2026-03-20 14:32:28,2026-03-20 14:32:28
685,2024-11-26,49.0,晚餐,周二，找江中宇吃饭，头脑清醒非常厉害，准备去马来西亚,支出,食品饮料,食品饮料,0,,,6,2026-03-20 14:32:28,2026-03-20 14:32:28,2026-03-20 14:32:28
684,2024-11-26,11.0,午餐,周二，找江中宇吃饭，头脑清醒非常厉害，准备去马来西亚,支出,食品饮料,食品饮料,0,,,6,2026-03-20 14:32:28,2026-03-20 14:32:28,2026-03-20 14:32:28
688,2024-11-25,45.0,攀岩,周一，签三方搞定，寄出，秋招结束，带山盟训练，准备打比赛,支出,娱乐/运动,娱乐/运动,0,,,6,2026-03-20 14:32:28,2026-03-20 14:32:28,2026-03-20 14:32:28
687,2024-11-25,60.0,秋裤,周一，签三方搞定，寄出，秋招结束，带山盟训练，准备打比赛,支出,服饰,服饰,0,,,6,2026-03-20 14:32:28,2026-03-20 14:32:28,2026-03-20 14:32:28
686,2024-11-25,32.5,午餐,周一，签三方搞定，寄出，秋招结束，带山盟训练，准备打比赛,支出,食品饮料,食品饮料,0,,,6,2026-03-20 14:32:28,2026-03-20 14:32:28,2026-03-20 14:32:28
690,2024-11-24,252.0,酒店,周天，uno,支出,住宿,住宿,0,,,6,2026-03-20 14:32:28,2026-03-20 14:32:28,2026-03-20 14:32:28
689,2024-11-24,985.5,羽绒服,周天，uno,支出,服饰,服饰,0,,,6,2026-03-20 14:32:28,2026-03-20 14:32:28,2026-03-20 14:32:28
692,2024-11-23,150.0,酒店,周六，找gay玩，uno,支出,住宿,住宿,0,,,6,2026-03-20 14:32:28,2026-03-20 14:32:28,2026-03-20 14:32:28
691,2024-11-23,49.03,交通,周六，找gay玩，uno,支出,交通,交通,0,,,6,2026-03-20 14:32:28,2026-03-20 14:32:28,2026-03-20 14:32:28
694,2024-11-22,300.0,晚餐,周五,支出,食品饮料,食品饮料,0,,,6,2026-03-20 14:32:28,2026-03-20 14:32:28,2026-03-20 14:32:28
693,2024-11-22,43.83,袜子,周五,支出,服饰,服饰,0,,,6,2026-03-20 14:32:28,2026-03-20 14:32:28,2026-03-20 14:32:28
696,2024-11-21,1000.0,妈-生活费,周四,收入,亲友转账,亲友转账,0,,,6,2026-03-20 14:32:28,2026-03-20 14:32:28,2026-03-20 14:32:28
695,2024-11-21,42.0,晚餐,周四,支出,食品饮料,食品饮料,0,,,6,2026-03-20 14:32:28,2026-03-20 14:32:28,2026-03-20 14:32:28
697,2024-11-19,2000.0,爸,周二,收入,亲友转账,亲友转账,0,,,6,2026-03-20 14:32:28,2026-03-20 14:32:28,2026-03-20 14:32:28
698,2024-11-18,45.3,晚餐,周一，百信开奖，准备签了,支出,食品饮料,食品饮料,0,,,6,2026-03-20 14:32:28,2026-03-20 14:32:28,2026-03-20 14:32:28
700,2024-11-17,10.0,交通,周天，找王硕试衣服,支出,交通,交通,0,,,6,2026-03-20 14:32:28,2026-03-20 14:32:28,2026-03-20 14:32:28
699,2024-11-17,40.0,午餐,周天，找王硕试衣服,支出,食品饮料,食品饮料,0,,,6,2026-03-20 14:32:28,2026-03-20 14:32:28,2026-03-20 14:32:28
704,2024-11-16,37.0,酸奶,周六，看大笑脱口秀,支出,食品饮料,食品饮料,0,,,6,2026-03-20 14:32:28,2026-03-20 14:32:28,2026-03-20 14:32:28
703,2024-11-16,66.33,晚餐,周六，看大笑脱口秀,支出,食品饮料,食品饮料,0,,,6,2026-03-20 14:32:28,2026-03-20 14:32:28,2026-03-20 14:32:28
702,2024-11-16,44.0,午餐,周六，看大笑脱口秀,支出,食品饮料,食品饮料,0,,,6,2026-03-20 14:32:28,2026-03-20 14:32:28,2026-03-20 14:32:28
701,2024-11-16,99.0,脱口秀,周六，看大笑脱口秀,支出,娱乐/运动,娱乐/运动,0,,,6,2026-03-20 14:32:28,2026-03-20 14:32:28,2026-03-20 14:32:28
708,2024-11-15,35.0,ps5,周五,支出,娱乐/运动,娱乐/运动,0,,,6,2026-03-20 14:32:28,2026-03-20 14:32:28,2026-03-20 14:32:28
707,2024-11-15,35.0,剪发,周五,支出,生活支出,生活支出,0,,,6,2026-03-20 14:32:28,2026-03-20 14:32:28,2026-03-20 14:32:28
706,2024-11-15,139.0,晚餐,周五,支出,食品饮料,食品饮料,0,,,6,2026-03-20 14:32:28,2026-03-20 14:32:28,2026-03-20 14:32:28
705,2024-11-15,220.0,酒店,周五,支出,住宿,住宿,0,,,6,2026-03-20 14:32:28,2026-03-20 14:32:28,2026-03-20 14:32:28
709,2024-11-14,32.0,晚餐,周四,支出,食品饮料,食品饮料,0,,,6,2026-03-20 14:32:28,2026-03-20 14:32:28,2026-03-20 14:32:28
712,2024-11-12,81.0,悦学姐坚果,接到百信电话，说下周一发offer下周二沟通薪资，这几天一直熬夜，太废物了,支出,亲友转账,亲友转账,0,,,6,2026-03-20 14:32:28,2026-03-20 14:32:28,2026-03-20 14:32:28
711,2024-11-12,80.0,饼干,接到百信电话，说下周一发offer下周二沟通薪资，这几天一直熬夜，太废物了,支出,食品饮料,食品饮料,0,,,6,2026-03-20 14:32:28,2026-03-20 14:32:28,2026-03-20 14:32:28
710,2024-11-12,40.0,妈-饼干,接到百信电话，说下周一发offer下周二沟通薪资，这几天一直熬夜，太废物了,支出,亲友转账,亲友转账,0,,,6,2026-03-20 14:32:28,2026-03-20 14:32:28,2026-03-20 14:32:28
713,2024-11-11,83.5,晚餐,周一,支出,食品饮料,食品饮料,0,,,6,2026-03-20 14:32:28,2026-03-20 14:32:28,2026-03-20 14:32:28
717,2024-11-09,383.0,晚餐-请客,周六，和1625聚餐，请大家吃饭,支出,食品饮料,食品饮料,0,,,6,2026-03-20 14:32:28,2026-03-20 14:32:28,2026-03-20 14:32:28
716,2024-11-09,78.0,午餐,周六，和1625聚餐，请大家吃饭,支出,食品饮料,食品饮料,0,,,6,2026-03-20 14:32:28,2026-03-20 14:32:28,2026-03-20 14:32:28
715,2024-11-09,12.0,耳机,周六，和1625聚餐，请大家吃饭,支出,生活支出,生活支出,0,,,6,2026-03-20 14:32:28,2026-03-20 14:32:28,2026-03-20 14:32:28
714,2024-11-09,95.0,KTV,周六，和1625聚餐，请大家吃饭,支出,娱乐/运动,娱乐/运动,0,,,6,2026-03-20 14:32:28,2026-03-20 14:32:28,2026-03-20 14:32:28
721,2024-11-08,1288.0,爸妈姐红包,周五，百信银行公示拟录取！芜湖,收入,亲友转账,亲友转账,0,,,6,2026-03-20 14:32:28,2026-03-20 14:32:28,2026-03-20 14:32:28
720,2024-11-08,291.0,酒店,周五，百信银行公示拟录取！芜湖,支出,住宿,住宿,0,,,6,2026-03-20 14:32:28,2026-03-20 14:32:28,2026-03-20 14:32:28
719,2024-11-08,25.0,晚餐,周五，百信银行公示拟录取！芜湖,支出,食品饮料,食品饮料,0,,,6,2026-03-20 14:32:28,2026-03-20 14:32:28,2026-03-20 14:32:28
718,2024-11-08,54.0,午餐,周五，百信银行公示拟录取！芜湖,支出,食品饮料,食品饮料,0,,,6,2026-03-20 14:32:28,2026-03-20 14:32:28,2026-03-20 14:32:28
724,2024-11-07,246.5,晚餐,周四，去欢乐谷玩,支出,食品饮料,食品饮料,0,,,6,2026-03-20 14:32:28,2026-03-20 14:32:28,2026-03-20 14:32:28
723,2024-11-07,10.0,交通,周四，去欢乐谷玩,支出,交通,交通,0,,,6,2026-03-20 14:32:28,2026-03-20 14:32:28,2026-03-20 14:32:28
722,2024-11-07,198.0,门票,周四，去欢乐谷玩,支出,娱乐/运动,娱乐/运动,0,,,6,2026-03-20 14:32:28,2026-03-20 14:32:28,2026-03-20 14:32:28
726,2024-11-06,40.0,姐-布朗尼饼干,周三，组会，乒乓球，麻将,支出,亲友转账,亲友转账,0,,,6,2026-03-20 14:32:28,2026-03-20 14:32:28,2026-03-20 14:32:28
725,2024-11-06,12.5,给老师买花道歉,周三，组会，乒乓球，麻将,支出,社交,社交,0,,,6,2026-03-20 14:32:28,2026-03-20 14:32:28,2026-03-20 14:32:28
727,2024-11-05,29.0,晚餐,周二，湖南银行面试，脖子上长了个火疖子，抹了药，乳酸依沙吖啶溶液,支出,食品饮料,食品饮料,0,,,6,2026-03-20 14:32:28,2026-03-20 14:32:28,2026-03-20 14:32:28
729,2024-11-03,97.5,晚餐,周天，和老严见他的朋友王硕和刘箐箐，体验不错，她在腾讯pcg实习，逻辑很清晰，点出我的无欲望困惑有点像中间夫妻的意思，但仍然是求变的，并非非必要不做事,支出,食品饮料,食品饮料,0,,,6,2026-03-20 14:32:28,2026-03-20 14:32:28,2026-03-20 14:32:28
728,2024-11-03,80.5,午餐,周天，和老严见他的朋友王硕和刘箐箐，体验不错，她在腾讯pcg实习，逻辑很清晰，点出我的无欲望困惑有点像中间夫妻的意思，但仍然是求变的，并非非必要不做事,支出,食品饮料,食品饮料,0,,,6,2026-03-20 14:32:28,2026-03-20 14:32:28,2026-03-20 14:32:28
732,2024-11-02,96.0,午餐,周六，阿瓦隆，T1五连冠,支出,食品饮料,食品饮料,0,,,6,2026-03-20 14:32:28,2026-03-20 14:32:28,2026-03-20 14:32:28
731,2024-11-02,338.0,酒店,周六，阿瓦隆，T1五连冠,支出,住宿,住宿,0,,,6,2026-03-20 14:32:28,2026-03-20 14:32:28,2026-03-20 14:32:28
730,2024-11-02,49.0,交通,周六，阿瓦隆，T1五连冠,支出,交通,交通,0,,,6,2026-03-20 14:32:28,2026-03-20 14:32:28,2026-03-20 14:32:28
737,2024-11-01,600.0,研究生每月奖学金,周五,收入,工资,工资,0,,,6,2026-03-20 14:32:28,2026-03-20 14:32:28,2026-03-20 14:32:28
736,2024-11-01,106.0,晚餐,周五,支出,食品饮料,食品饮料,0,,,6,2026-03-20 14:32:28,2026-03-20 14:32:28,2026-03-20 14:32:28
735,2024-11-01,261.0,酒店,周五,支出,住宿,住宿,0,,,6,2026-03-20 14:32:28,2026-03-20 14:32:28,2026-03-20 14:32:28
734,2024-11-01,30.0,乒乓球,周五,支出,娱乐/运动,娱乐/运动,0,,,6,2026-03-20 14:32:28,2026-03-20 14:32:28,2026-03-20 14:32:28
733,2024-11-01,300.0,充校园卡,周五,支出,食品饮料,食品饮料,0,,,6,2026-03-20 14:32:28,2026-03-20 14:32:28,2026-03-20 14:32:28
741,2024-10-30,44.0,晚餐,周三，长鑫存储二面，晚上收到顺丰offer,支出,食品饮料,食品饮料,0,,,6,2026-03-20 14:32:28,2026-03-20 14:32:28,2026-03-20 14:32:28
740,2024-10-30,116.0,钟点房,周三，长鑫存储二面，晚上收到顺丰offer,支出,住宿,住宿,0,,,6,2026-03-20 14:32:28,2026-03-20 14:32:28,2026-03-20 14:32:28
739,2024-10-30,96.0,小玩具,周三，长鑫存储二面，晚上收到顺丰offer,支出,生活支出,生活支出,0,,,6,2026-03-20 14:32:28,2026-03-20 14:32:28,2026-03-20 14:32:28
738,2024-10-30,182.0,套套,周三，长鑫存储二面，晚上收到顺丰offer,支出,生活支出,生活支出,0,,,6,2026-03-20 14:32:28,2026-03-20 14:32:28,2026-03-20 14:32:28
743,2024-10-29,200.0,悦学姐校园卡,周二，再次顺丰终面，下午面百信银行，群面感觉控场了完全拿捏,支出,亲友转账,亲友转账,0,,,6,2026-03-20 14:32:28,2026-03-20 14:32:28,2026-03-20 14:32:28
742,2024-10-29,42.0,打车,周二，再次顺丰终面，下午面百信银行，群面感觉控场了完全拿捏,支出,交通,交通,0,,,6,2026-03-20 14:32:28,2026-03-20 14:32:28,2026-03-20 14:32:28
745,2024-10-28,30.0,打车,周一回家待一天，不出差咯，晚上回北京，下午接受科大讯飞的意向,支出,交通,交通,0,,,6,2026-03-20 14:32:28,2026-03-20 14:32:28,2026-03-20 14:32:28
744,2024-10-28,452.0,高铁,周一回家待一天，不出差咯，晚上回北京，下午接受科大讯飞的意向,支出,交通,交通,0,,,6,2026-03-20 14:32:28,2026-03-20 14:32:28,2026-03-20 14:32:28
750,2024-10-27,95.0,高铁,周天，联宝科技财务岗的数据分析终面，中国电信的笔试时间冲突了，申请下一批笔试了，放弃了深信服，放弃了华夏银行笔测,支出,交通,交通,0,,,6,2026-03-20 14:32:28,2026-03-20 14:32:28,2026-03-20 14:32:28
749,2024-10-27,85.0,妈妈的花,周天，联宝科技财务岗的数据分析终面，中国电信的笔试时间冲突了，申请下一批笔试了，放弃了深信服，放弃了华夏银行笔测,支出,亲友转账,亲友转账,0,,,6,2026-03-20 14:32:28,2026-03-20 14:32:28,2026-03-20 14:32:28
748,2024-10-27,93.0,给妈带甜点,周天，联宝科技财务岗的数据分析终面，中国电信的笔试时间冲突了，申请下一批笔试了，放弃了深信服，放弃了华夏银行笔测,支出,亲友转账,亲友转账,0,,,6,2026-03-20 14:32:28,2026-03-20 14:32:28,2026-03-20 14:32:28
747,2024-10-27,103.43,打车,周天，联宝科技财务岗的数据分析终面，中国电信的笔试时间冲突了，申请下一批笔试了，放弃了深信服，放弃了华夏银行笔测,支出,交通,交通,0,,,6,2026-03-20 14:32:28,2026-03-20 14:32:28,2026-03-20 14:32:28
746,2024-10-27,46.5,赵东杰生日,周天，联宝科技财务岗的数据分析终面，中国电信的笔试时间冲突了，申请下一批笔试了，放弃了深信服，放弃了华夏银行笔测,支出,社交,社交,0,,,6,2026-03-20 14:32:28,2026-03-20 14:32:28,2026-03-20 14:32:28
751,2024-10-26,443.0,高铁,周六，中国移动笔试，拒了中国银行的笔试，408考不来,支出,交通,交通,0,,,6,2026-03-20 14:32:28,2026-03-20 14:32:28,2026-03-20 14:32:28
753,2024-10-25,31.0,麻将,周五，收到科大讯飞offer，和百信银行终面，去办公楼进不去，错过中信银行笔试，头疼，晚上打麻将,支出,娱乐/运动,娱乐/运动,0,,,6,2026-03-20 14:32:28,2026-03-20 14:32:28,2026-03-20 14:32:28
752,2024-10-25,40.0,打车,周五，收到科大讯飞offer，和百信银行终面，去办公楼进不去，错过中信银行笔试，头疼，晚上打麻将,支出,交通,交通,0,,,6,2026-03-20 14:32:28,2026-03-20 14:32:28,2026-03-20 14:32:28
755,2024-10-24,100.0,悦学姐,二辩开题，顺丰终面，兴业银行笔测,支出,亲友转账,亲友转账,0,,,6,2026-03-20 14:32:28,2026-03-20 14:32:28,2026-03-20 14:32:28
754,2024-10-24,12.0,甜点,二辩开题，顺丰终面，兴业银行笔测,支出,食品饮料,食品饮料,0,,,6,2026-03-20 14:32:28,2026-03-20 14:32:28,2026-03-20 14:32:28
758,2024-10-23,20.0,毕业照,组会，毕业照登记，长芯存储面试,支出,生活支出,生活支出,0,,,6,2026-03-20 14:32:28,2026-03-20 14:32:28,2026-03-20 14:32:28
757,2024-10-23,32.0,晚餐,组会，毕业照登记，长芯存储面试,支出,食品饮料,食品饮料,0,,,6,2026-03-20 14:32:28,2026-03-20 14:32:28,2026-03-20 14:32:28
756,2024-10-23,96.0,钟点房,组会，毕业照登记，长芯存储面试,支出,住宿,住宿,0,,,6,2026-03-20 14:32:28,2026-03-20 14:32:28,2026-03-20 14:32:28
761,2024-10-21,60.0,晚餐,周一，顺丰二面，乒乓球,支出,食品饮料,食品饮料,0,,,6,2026-03-20 14:32:28,2026-03-20 14:32:28,2026-03-20 14:32:28
760,2024-10-21,34.0,水果,周一，顺丰二面，乒乓球,支出,食品饮料,食品饮料,0,,,6,2026-03-20 14:32:28,2026-03-20 14:32:28,2026-03-20 14:32:28
759,2024-10-21,15.0,乒乓球,周一，顺丰二面，乒乓球,支出,娱乐/运动,娱乐/运动,0,,,6,2026-03-20 14:32:28,2026-03-20 14:32:28,2026-03-20 14:32:28
762,2024-10-20,5000.0,爸妈一起发了钱,周天,收入,亲友转账,亲友转账,0,,,6,2026-03-20 14:32:28,2026-03-20 14:32:28,2026-03-20 14:32:28
764,2024-10-19,520.0,悦学姐买衣服,周六，打车去百信银行面试，一二面走完，感觉很有希望,支出,亲友转账,亲友转账,0,,,6,2026-03-20 14:32:28,2026-03-20 14:32:28,2026-03-20 14:32:28
763,2024-10-19,52.0,打车,周六，打车去百信银行面试，一二面走完，感觉很有希望,支出,交通,交通,0,,,6,2026-03-20 14:32:28,2026-03-20 14:32:28,2026-03-20 14:32:28
766,2024-10-17,258.0,晚餐-潮汕牛肉火锅,,支出,食品饮料,食品饮料,0,,,6,2026-03-20 14:32:28,2026-03-20 14:32:28,2026-03-20 14:32:28
765,2024-10-17,9.9,买牙膏,,支出,生活支出,生活支出,0,,,6,2026-03-20 14:32:28,2026-03-20 14:32:28,2026-03-20 14:32:28
767,2024-10-15,1900.0,realme GT5,写论文,支出,生活支出,生活支出,0,,,6,2026-03-20 14:32:28,2026-03-20 14:32:28,2026-03-20 14:32:28
768,2024-10-14,15.0,乒乓球,姐给我转了2k，一共在我这里存了4k,支出,娱乐/运动,娱乐/运动,0,,,6,2026-03-20 14:32:28,2026-03-20 14:32:28,2026-03-20 14:32:28
770,2024-10-13,500.0,充卡,周日，郭川东请吃饭，下午打麻将，悦姐最高赢了四百多分，晚上Mojar阿瓦隆,支出,食品饮料,食品饮料,0,,,6,2026-03-20 14:32:28,2026-03-20 14:32:28,2026-03-20 14:32:28
769,2024-10-13,195.06,社交,周日，郭川东请吃饭，下午打麻将，悦姐最高赢了四百多分，晚上Mojar阿瓦隆,支出,社交,社交,0,,,6,2026-03-20 14:32:28,2026-03-20 14:32:28,2026-03-20 14:32:28
772,2024-10-12,560.0,悦学姐,晚上打麻将，赢了哦，wbg进入2-2,收入,亲友转账,亲友转账,0,,,6,2026-03-20 14:32:28,2026-03-20 14:32:28,2026-03-20 14:32:28
771,2024-10-12,24.0,甜点,晚上打麻将，赢了哦，wbg进入2-2,支出,食品饮料,食品饮料,0,,,6,2026-03-20 14:32:28,2026-03-20 14:32:28,2026-03-20 14:32:28
773,2024-10-10,47.0,肖勋忞生日礼物,一等奖学金！被原爽这b人狠狠恶心到了,支出,社交,社交,0,,,6,2026-03-20 14:32:28,2026-03-20 14:32:28,2026-03-20 14:32:28
774,2024-10-09,1065.0,投资亏损,奖学金有机会！导师那里要了4分的项目分，悦学姐亏掉150美金，她又充了150美金,支出,娱乐/运动,娱乐/运动,0,,,6,2026-03-20 14:32:28,2026-03-20 14:32:28,2026-03-20 14:32:28
776,2024-10-08,533.5,投资亏损,A50在空，开成exness的户和嘉盛和澳汇的户，150美金亏完了方向反了，我的专业成绩是倒数第一…我的奖学金怎么办,支出,娱乐/运动,娱乐/运动,0,,,6,2026-03-20 14:32:28,2026-03-20 14:32:28,2026-03-20 14:32:28
775,2024-10-08,114.0,钟点房,A50在空，开成exness的户和嘉盛和澳汇的户，150美金亏完了方向反了，我的专业成绩是倒数第一…我的奖学金怎么办,支出,住宿,住宿,0,,,6,2026-03-20 14:32:28,2026-03-20 14:32:28,2026-03-20 14:32:28
777,2024-10-07,53.0,晚餐,亏掉27美金,支出,食品饮料,食品饮料,0,,,6,2026-03-20 14:32:28,2026-03-20 14:32:28,2026-03-20 14:32:28
780,2024-10-06,35.0,剪头,晚上研究嘉盛、澳汇开户,支出,生活支出,生活支出,0,,,6,2026-03-20 14:32:28,2026-03-20 14:32:28,2026-03-20 14:32:28
779,2024-10-06,45.0,饼干,晚上研究嘉盛、澳汇开户,支出,食品饮料,食品饮料,0,,,6,2026-03-20 14:32:28,2026-03-20 14:32:28,2026-03-20 14:32:28
778,2024-10-06,100.0,悦学姐坚果,晚上研究嘉盛、澳汇开户,支出,亲友转账,亲友转账,0,,,6,2026-03-20 14:32:28,2026-03-20 14:32:28,2026-03-20 14:32:28
781,2024-10-04,252.0,午餐-潮汕牛肉火锅自助,,支出,食品饮料,食品饮料,0,,,6,2026-03-20 14:32:28,2026-03-20 14:32:28,2026-03-20 14:32:28
784,2024-10-02,300.0,校园卡,打乒乓球两个半小时，200个俯卧撑，冲了黄氏牛奶300块钱,支出,食品饮料,食品饮料,0,,,6,2026-03-20 14:32:28,2026-03-20 14:32:28,2026-03-20 14:32:28
783,2024-10-02,15.0,乒乓球,打乒乓球两个半小时，200个俯卧撑，冲了黄氏牛奶300块钱,支出,娱乐/运动,娱乐/运动,0,,,6,2026-03-20 14:32:28,2026-03-20 14:32:28,2026-03-20 14:32:28
782,2024-10-02,300.0,黄氏甜品,打乒乓球两个半小时，200个俯卧撑，冲了黄氏牛奶300块钱,支出,食品饮料,食品饮料,0,,,6,2026-03-20 14:32:28,2026-03-20 14:32:28,2026-03-20 14:32:28
1680,2024-10-01,915.0,机票,,支出,交通,交通,1,烟台,悦姐,8,2026-03-20 14:49:32,2026-03-20 14:49:32,2026-03-20 14:50:41
1679,2024-10-01,24.0,腾讯会员＋电影,,支出,娱乐/运动,娱乐/运动,1,烟台,悦姐,8,2026-03-20 14:49:32,2026-03-20 14:49:32,2026-03-20 14:50:41
1678,2024-10-01,28.0,地铁,,支出,交通,交通,1,烟台,悦姐,8,2026-03-20 14:49:32,2026-03-20 14:49:32,2026-03-20 14:50:41
1677,2024-10-01,62.0,打车,,支出,交通,交通,1,烟台,悦姐,8,2026-03-20 14:49:32,2026-03-20 14:49:32,2026-03-20 14:50:41
1676,2024-10-01,36.0,早餐,,支出,食品饮料,食品饮料,1,烟台,悦姐,8,2026-03-20 14:49:32,2026-03-20 14:49:32,2026-03-20 14:50:41
1654,2024-10-01,34.0,泡面,郭川东生日，返程，早上肚子疼死了，早上没赶上我的榴莲蛋糕，轮渡上船要提前半小时，下船需要40分钟，在船上餐厅上看海看电影，甲板风太大了，大连港新港下船后有接驳车，可以去大连北站然后打车去买榴莲千层，然后去机场,支出,娱乐/运动,娱乐/运动,1,烟台,悦姐,8,2026-03-20 14:49:32,2026-03-20 14:49:32,2026-03-20 14:50:41
1653,2024-10-01,61.0,打车地铁,郭川东生日，返程，早上肚子疼死了，早上没赶上我的榴莲蛋糕，轮渡上船要提前半小时，下船需要40分钟，在船上餐厅上看海看电影，甲板风太大了，大连港新港下船后有接驳车，可以去大连北站然后打车去买榴莲千层，然后去机场,支出,交通,交通,1,烟台,悦姐,8,2026-03-20 14:49:32,2026-03-20 14:49:32,2026-03-20 14:50:41
1652,2024-10-01,52.5,甜点,郭川东生日，返程，早上肚子疼死了，早上没赶上我的榴莲蛋糕，轮渡上船要提前半小时，下船需要40分钟，在船上餐厅上看海看电影，甲板风太大了，大连港新港下船后有接驳车，可以去大连北站然后打车去买榴莲千层，然后去机场,支出,食品饮料,食品饮料,1,烟台,悦姐,8,2026-03-20 14:49:32,2026-03-20 14:49:32,2026-03-20 14:50:41
1651,2024-10-01,512.0,轮渡,郭川东生日，返程，早上肚子疼死了，早上没赶上我的榴莲蛋糕，轮渡上船要提前半小时，下船需要40分钟，在船上餐厅上看海看电影，甲板风太大了，大连港新港下船后有接驳车，可以去大连北站然后打车去买榴莲千层，然后去机场,支出,交通,交通,1,烟台,悦姐,8,2026-03-20 14:49:32,2026-03-20 14:49:32,2026-03-20 14:50:41
1682,2024-09-30,98.0,晚餐,,支出,食品饮料,食品饮料,1,烟台,悦姐,8,2026-03-20 14:49:32,2026-03-20 14:49:32,2026-03-20 14:50:41
1681,2024-09-30,244.0,酒店,,支出,住宿,住宿,1,烟台,悦姐,8,2026-03-20 14:49:32,2026-03-20 14:49:32,2026-03-20 14:50:41
1658,2024-09-30,167.6,酒店,赶海，在黄海明珠，下午下了大雨，晚上点外卖吃麻辣鸡,支出,住宿,住宿,1,烟台,悦姐,8,2026-03-20 14:49:32,2026-03-20 14:49:32,2026-03-20 14:50:41
1657,2024-09-30,16.0,水,赶海，在黄海明珠，下午下了大雨，晚上点外卖吃麻辣鸡,支出,食品饮料,食品饮料,1,烟台,悦姐,8,2026-03-20 14:49:32,2026-03-20 14:49:32,2026-03-20 14:50:41
1656,2024-09-30,218.0,午餐,赶海，在黄海明珠，下午下了大雨，晚上点外卖吃麻辣鸡,支出,食品饮料,食品饮料,1,烟台,悦姐,8,2026-03-20 14:49:32,2026-03-20 14:49:32,2026-03-20 14:50:41
1655,2024-09-30,45.8,甜点,赶海，在黄海明珠，下午下了大雨，晚上点外卖吃麻辣鸡,支出,娱乐/运动,娱乐/运动,1,烟台,悦姐,8,2026-03-20 14:49:32,2026-03-20 14:49:32,2026-03-20 14:50:41
1687,2024-09-29,36.0,早餐,,支出,食品饮料,食品饮料,1,烟台,悦姐,8,2026-03-20 14:49:32,2026-03-20 14:49:32,2026-03-20 14:50:41
1686,2024-09-29,100.0,海鲜,,支出,食品饮料,食品饮料,1,烟台,悦姐,8,2026-03-20 14:49:32,2026-03-20 14:49:32,2026-03-20 14:50:41
1685,2024-09-29,35.0,海鲜加工费,,支出,食品饮料,食品饮料,1,烟台,悦姐,8,2026-03-20 14:49:32,2026-03-20 14:49:32,2026-03-20 14:50:41
1684,2024-09-29,20.0,葡萄,,支出,食品饮料,食品饮料,1,烟台,悦姐,8,2026-03-20 14:49:32,2026-03-20 14:49:32,2026-03-20 14:50:41
1683,2024-09-29,44.0,西瓜汁＋炒酸奶,,支出,食品饮料,食品饮料,1,烟台,悦姐,8,2026-03-20 14:49:32,2026-03-20 14:49:32,2026-03-20 14:50:41
1662,2024-09-29,156.7,酒店,养马岛好玩，下午在养马岛入口处买了新鲜海鲜，两个梭子蟹才45块钱，40块钱一斤！然后找了海鲜加工，35块钱，加工了两个梭子蟹，4个扇贝，4个猫眼螺，4个鲍鱼，10个扇贝，晚上吃牟平的荣发烧烤，朵雅酒店真不错,支出,住宿,住宿,1,烟台,悦姐,8,2026-03-20 14:49:32,2026-03-20 14:49:32,2026-03-20 14:50:41
1661,2024-09-29,8.5,西瓜,养马岛好玩，下午在养马岛入口处买了新鲜海鲜，两个梭子蟹才45块钱，40块钱一斤！然后找了海鲜加工，35块钱，加工了两个梭子蟹，4个扇贝，4个猫眼螺，4个鲍鱼，10个扇贝，晚上吃牟平的荣发烧烤，朵雅酒店真不错,支出,食品饮料,食品饮料,1,烟台,悦姐,8,2026-03-20 14:49:32,2026-03-20 14:49:32,2026-03-20 14:50:41
1660,2024-09-29,228.0,晚餐,养马岛好玩，下午在养马岛入口处买了新鲜海鲜，两个梭子蟹才45块钱，40块钱一斤！然后找了海鲜加工，35块钱，加工了两个梭子蟹，4个扇贝，4个猫眼螺，4个鲍鱼，10个扇贝，晚上吃牟平的荣发烧烤，朵雅酒店真不错,支出,食品饮料,食品饮料,1,烟台,悦姐,8,2026-03-20 14:49:32,2026-03-20 14:49:32,2026-03-20 14:50:41
1659,2024-09-29,12.0,水,养马岛好玩，下午在养马岛入口处买了新鲜海鲜，两个梭子蟹才45块钱，40块钱一斤！然后找了海鲜加工，35块钱，加工了两个梭子蟹，4个扇贝，4个猫眼螺，4个鲍鱼，10个扇贝，晚上吃牟平的荣发烧烤，朵雅酒店真不错,支出,食品饮料,食品饮料,1,烟台,悦姐,8,2026-03-20 14:49:32,2026-03-20 14:49:32,2026-03-20 14:50:41
1689,2024-09-28,18.0,打车,,支出,交通,交通,1,烟台,悦姐,8,2026-03-20 14:49:32,2026-03-20 14:49:32,2026-03-20 14:50:41
1688,2024-09-28,7.0,生煎包,,支出,食品饮料,食品饮料,1,烟台,悦姐,8,2026-03-20 14:49:32,2026-03-20 14:49:32,2026-03-20 14:50:41
1669,2024-09-28,72.6,内存卡,李昌朔生日，中午吃清泉宾馆，下午骑车去金沙滩，晚上吃南洪街的麻辣鸡和灌汤包，晚上外卖了内存卡,支出,生活支出,生活支出,1,烟台,悦姐,8,2026-03-20 14:49:32,2026-03-20 14:49:32,2026-03-20 14:50:41
1668,2024-09-28,95.0,晚餐,李昌朔生日，中午吃清泉宾馆，下午骑车去金沙滩，晚上吃南洪街的麻辣鸡和灌汤包，晚上外卖了内存卡,支出,食品饮料,食品饮料,1,烟台,悦姐,8,2026-03-20 14:49:32,2026-03-20 14:49:32,2026-03-20 14:50:41
1667,2024-09-28,64.5,榴莲,李昌朔生日，中午吃清泉宾馆，下午骑车去金沙滩，晚上吃南洪街的麻辣鸡和灌汤包，晚上外卖了内存卡,支出,食品饮料,食品饮料,1,烟台,悦姐,8,2026-03-20 14:49:32,2026-03-20 14:49:32,2026-03-20 14:50:41
1666,2024-09-28,93.5,超市,李昌朔生日，中午吃清泉宾馆，下午骑车去金沙滩，晚上吃南洪街的麻辣鸡和灌汤包，晚上外卖了内存卡,支出,食品饮料,食品饮料,1,烟台,悦姐,8,2026-03-20 14:49:32,2026-03-20 14:49:32,2026-03-20 14:50:41
1665,2024-09-28,168.0,午餐,李昌朔生日，中午吃清泉宾馆，下午骑车去金沙滩，晚上吃南洪街的麻辣鸡和灌汤包，晚上外卖了内存卡,支出,食品饮料,食品饮料,1,烟台,悦姐,8,2026-03-20 14:49:32,2026-03-20 14:49:32,2026-03-20 14:50:41
1664,2024-09-28,20.0,铲子,李昌朔生日，中午吃清泉宾馆，下午骑车去金沙滩，晚上吃南洪街的麻辣鸡和灌汤包，晚上外卖了内存卡,支出,娱乐/运动,娱乐/运动,1,烟台,悦姐,8,2026-03-20 14:49:32,2026-03-20 14:49:32,2026-03-20 14:50:41
1663,2024-09-28,59.0,晚餐,李昌朔生日，中午吃清泉宾馆，下午骑车去金沙滩，晚上吃南洪街的麻辣鸡和灌汤包，晚上外卖了内存卡,支出,食品饮料,食品饮料,1,烟台,悦姐,8,2026-03-20 14:49:32,2026-03-20 14:49:32,2026-03-20 14:50:41
1694,2024-09-27,15.0,烧烤,,支出,食品饮料,食品饮料,1,烟台,悦姐,8,2026-03-20 14:49:32,2026-03-20 14:49:32,2026-03-20 14:50:41
1693,2024-09-27,151.0,酒店,,支出,住宿,住宿,1,烟台,悦姐,8,2026-03-20 14:49:32,2026-03-20 14:49:32,2026-03-20 14:50:41
1692,2024-09-27,177.0,电动车租赁,,支出,交通,交通,1,烟台,悦姐,8,2026-03-20 14:49:32,2026-03-20 14:49:32,2026-03-20 14:50:41
1691,2024-09-27,784.0,高铁,,支出,交通,交通,1,烟台,悦姐,8,2026-03-20 14:49:32,2026-03-20 14:49:32,2026-03-20 14:50:41
1690,2024-09-27,4.0,地铁,,支出,交通,交通,1,烟台,悦姐,8,2026-03-20 14:49:32,2026-03-20 14:49:32,2026-03-20 14:50:41
1675,2024-09-27,9.9,打车,周五，去烟台，看完红莲馆事件，开题挂了，准备10-24的二辩，晚上租电动车后,支出,交通,交通,1,烟台,悦姐,8,2026-03-20 14:49:32,2026-03-20 14:49:32,2026-03-20 14:50:41
1674,2024-09-27,35.0,gay礼物,周五，去烟台，看完红莲馆事件，开题挂了，准备10-24的二辩，晚上租电动车后,支出,社交,社交,1,烟台,悦姐,8,2026-03-20 14:49:32,2026-03-20 14:49:32,2026-03-20 14:50:41
1673,2024-09-27,61.0,饮料,周五，去烟台，看完红莲馆事件，开题挂了，准备10-24的二辩，晚上租电动车后,支出,食品饮料,食品饮料,1,烟台,悦姐,8,2026-03-20 14:49:32,2026-03-20 14:49:32,2026-03-20 14:50:41
1672,2024-09-27,41.39,情趣内衣,周五，去烟台，看完红莲馆事件，开题挂了，准备10-24的二辩，晚上租电动车后,支出,服饰,服饰,1,烟台,悦姐,8,2026-03-20 14:49:32,2026-03-20 14:49:32,2026-03-20 14:50:41
1671,2024-09-27,153.86,晚餐,周五，去烟台，看完红莲馆事件，开题挂了，准备10-24的二辩，晚上租电动车后,支出,食品饮料,食品饮料,1,烟台,悦姐,8,2026-03-20 14:49:32,2026-03-20 14:49:32,2026-03-20 14:50:41
1670,2024-09-27,272.0,午餐,周五，去烟台，看完红莲馆事件，开题挂了，准备10-24的二辩，晚上租电动车后,支出,娱乐/运动,娱乐/运动,1,烟台,悦姐,8,2026-03-20 14:49:32,2026-03-20 14:49:32,2026-03-20 14:50:41
814,2024-09-26,57.0,东方树叶,开题,支出,食品饮料,食品饮料,0,,,6,2026-03-20 14:32:28,2026-03-20 14:32:28,2026-03-20 14:32:28
815,2024-09-25,24.5,麻将,周三，晚上打麻将,支出,娱乐/运动,娱乐/运动,0,,,6,2026-03-20 14:32:28,2026-03-20 14:32:28,2026-03-20 14:32:28
816,2024-09-24,395.0,悦学姐礼物-韶音耳机,周二，面试顺丰群面，下午准备开题报告,支出,亲友转账,亲友转账,0,,,6,2026-03-20 14:32:28,2026-03-20 14:32:28,2026-03-20 14:32:28
817,2024-09-23,32.5,燕麦+奶粉,周一，恢复跑步,支出,食品饮料,食品饮料,0,,,6,2026-03-20 14:32:28,2026-03-20 14:32:28,2026-03-20 14:32:28
819,2024-09-22,3000.0,妈发的钱,周天，和陈建菲和老严去大跃啤酒看曼联踢阿森纳，2-2，阿森纳一人被红牌罚下，守门60分钟，最后一分钟被追平了，感觉曼联一般般,收入,亲友转账,亲友转账,0,,,6,2026-03-20 14:32:28,2026-03-20 14:32:28,2026-03-20 14:32:28
818,2024-09-22,98.0,足球观赛,周天，和陈建菲和老严去大跃啤酒看曼联踢阿森纳，2-2，阿森纳一人被红牌罚下，守门60分钟，最后一分钟被追平了，感觉曼联一般般,支出,娱乐/运动,娱乐/运动,0,,,6,2026-03-20 14:32:28,2026-03-20 14:32:28,2026-03-20 14:32:28
822,2024-09-20,120.0,钟点房,周五，离职,支出,住宿,住宿,0,,,6,2026-03-20 14:32:28,2026-03-20 14:32:28,2026-03-20 14:32:28
821,2024-09-20,250.0,晚餐,周五，离职,支出,食品饮料,食品饮料,0,,,6,2026-03-20 14:32:28,2026-03-20 14:32:28,2026-03-20 14:32:28
820,2024-09-20,51.0,午餐,周五，离职,支出,食品饮料,食品饮料,0,,,6,2026-03-20 14:32:28,2026-03-20 14:32:28,2026-03-20 14:32:28
823,2024-09-19,300.0,充饭卡,周四,支出,食品饮料,食品饮料,0,,,6,2026-03-20 14:32:28,2026-03-20 14:32:28,2026-03-20 14:32:28
826,2024-09-15,420.5,和gay任聪过中秋,周天，去西山，和gay和任聪住民宿，爬西山，见到蜂鸟和萤火虫！开心，晚上请我们吃了左庭右院，我们请了盒马和酒店，在西山上买了蜂蜜,支出,娱乐/运动,娱乐/运动,0,,,6,2026-03-20 14:32:28,2026-03-20 14:32:28,2026-03-20 14:32:28
825,2024-09-15,12.81,花露水,周天，去西山，和gay和任聪住民宿，爬西山，见到蜂鸟和萤火虫！开心，晚上请我们吃了左庭右院，我们请了盒马和酒店，在西山上买了蜂蜜,支出,生活支出,生活支出,0,,,6,2026-03-20 14:32:28,2026-03-20 14:32:28,2026-03-20 14:32:28
824,2024-09-15,293.0,蜂蜜,周天，去西山，和gay和任聪住民宿，爬西山，见到蜂鸟和萤火虫！开心，晚上请我们吃了左庭右院，我们请了盒马和酒店，在西山上买了蜂蜜,支出,食品饮料,食品饮料,0,,,6,2026-03-20 14:32:28,2026-03-20 14:32:28,2026-03-20 14:32:28
828,2024-09-14,46.9,每日坚果,周六，HR大部门团建划龙舟，BBQ,支出,食品饮料,食品饮料,0,,,6,2026-03-20 14:32:28,2026-03-20 14:32:28,2026-03-20 14:32:28
827,2024-09-14,300.0,悦学姐饭卡,周六，HR大部门团建划龙舟，BBQ,支出,亲友转账,亲友转账,0,,,6,2026-03-20 14:32:28,2026-03-20 14:32:28,2026-03-20 14:32:28
829,2024-09-13,150.0,充卡,周五，bank去吃饭，科大讯飞hr终面,支出,食品饮料,食品饮料,0,,,6,2026-03-20 14:32:28,2026-03-20 14:32:28,2026-03-20 14:32:28
838,2024-09-12,199.68,盒马,送子轩礼物，中午吃蛋糕，中午和theo bank聊天，下午回宿舍收拾东西，晚上和悦姐逛盒马，出去住，下午接到科大讯飞HR面邀请，约了第二天，发生日朋友圈！收到江中宇的热感杯礼物，赵东杰的钢琴生日歌加月饼，李昌朔的猕猴桃,支出,食品饮料,食品饮料,0,,,6,2026-03-20 14:32:28,2026-03-20 14:32:28,2026-03-20 14:32:28
837,2024-09-12,127.34,情趣小鸟玩具加衣服,送子轩礼物，中午吃蛋糕，中午和theo bank聊天，下午回宿舍收拾东西，晚上和悦姐逛盒马，出去住，下午接到科大讯飞HR面邀请，约了第二天，发生日朋友圈！收到江中宇的热感杯礼物，赵东杰的钢琴生日歌加月饼，李昌朔的猕猴桃,支出,娱乐/运动,娱乐/运动,0,,,6,2026-03-20 14:32:28,2026-03-20 14:32:28,2026-03-20 14:32:28
836,2024-09-12,7.74,悦学姐分装瓶,送子轩礼物，中午吃蛋糕，中午和theo bank聊天，下午回宿舍收拾东西，晚上和悦姐逛盒马，出去住，下午接到科大讯飞HR面邀请，约了第二天，发生日朋友圈！收到江中宇的热感杯礼物，赵东杰的钢琴生日歌加月饼，李昌朔的猕猴桃,支出,亲友转账,亲友转账,0,,,6,2026-03-20 14:32:28,2026-03-20 14:32:28,2026-03-20 14:32:28
835,2024-09-12,235.0,酒店,送子轩礼物，中午吃蛋糕，中午和theo bank聊天，下午回宿舍收拾东西，晚上和悦姐逛盒马，出去住，下午接到科大讯飞HR面邀请，约了第二天，发生日朋友圈！收到江中宇的热感杯礼物，赵东杰的钢琴生日歌加月饼，李昌朔的猕猴桃,支出,住宿,住宿,0,,,6,2026-03-20 14:32:28,2026-03-20 14:32:28,2026-03-20 14:32:28
834,2024-09-12,520.0,悦学姐生日红包,送子轩礼物，中午吃蛋糕，中午和theo bank聊天，下午回宿舍收拾东西，晚上和悦姐逛盒马，出去住，下午接到科大讯飞HR面邀请，约了第二天，发生日朋友圈！收到江中宇的热感杯礼物，赵东杰的钢琴生日歌加月饼，李昌朔的猕猴桃,收入,亲友转账,亲友转账,0,,,6,2026-03-20 14:32:28,2026-03-20 14:32:28,2026-03-20 14:32:28
833,2024-09-12,38.88,魏云浩生日红包,送子轩礼物，中午吃蛋糕，中午和theo bank聊天，下午回宿舍收拾东西，晚上和悦姐逛盒马，出去住，下午接到科大讯飞HR面邀请，约了第二天，发生日朋友圈！收到江中宇的热感杯礼物，赵东杰的钢琴生日歌加月饼，李昌朔的猕猴桃,收入,亲友转账,亲友转账,0,,,6,2026-03-20 14:32:28,2026-03-20 14:32:28,2026-03-20 14:32:28
832,2024-09-12,166.66,小姨生日红包,送子轩礼物，中午吃蛋糕，中午和theo bank聊天，下午回宿舍收拾东西，晚上和悦姐逛盒马，出去住，下午接到科大讯飞HR面邀请，约了第二天，发生日朋友圈！收到江中宇的热感杯礼物，赵东杰的钢琴生日歌加月饼，李昌朔的猕猴桃,收入,亲友转账,亲友转账,0,,,6,2026-03-20 14:32:28,2026-03-20 14:32:28,2026-03-20 14:32:28
831,2024-09-12,600.0,姐的生日红包,送子轩礼物，中午吃蛋糕，中午和theo bank聊天，下午回宿舍收拾东西，晚上和悦姐逛盒马，出去住，下午接到科大讯飞HR面邀请，约了第二天，发生日朋友圈！收到江中宇的热感杯礼物，赵东杰的钢琴生日歌加月饼，李昌朔的猕猴桃,收入,亲友转账,亲友转账,0,,,6,2026-03-20 14:32:28,2026-03-20 14:32:28,2026-03-20 14:32:28
830,2024-09-12,600.0,爸的生日红包,送子轩礼物，中午吃蛋糕，中午和theo bank聊天，下午回宿舍收拾东西，晚上和悦姐逛盒马，出去住，下午接到科大讯飞HR面邀请，约了第二天，发生日朋友圈！收到江中宇的热感杯礼物，赵东杰的钢琴生日歌加月饼，李昌朔的猕猴桃,收入,亲友转账,亲友转账,0,,,6,2026-03-20 14:32:28,2026-03-20 14:32:28,2026-03-20 14:32:28
840,2024-09-11,11.09,耳机,打乒乓球，开组会老师不给我题目，下午上班,支出,生活支出,生活支出,0,,,6,2026-03-20 14:32:28,2026-03-20 14:32:28,2026-03-20 14:32:28
839,2024-09-11,68.0,午餐,打乒乓球，开组会老师不给我题目，下午上班,支出,食品饮料,食品饮料,0,,,6,2026-03-20 14:32:28,2026-03-20 14:32:28,2026-03-20 14:32:28
842,2024-09-10,9.0,vpn,,支出,虚拟充值/通讯,虚拟充值/通讯,0,,,6,2026-03-20 14:32:28,2026-03-20 14:32:28,2026-03-20 14:32:28
841,2024-09-10,200.0,妈发的红包,,收入,亲友转账,亲友转账,0,,,6,2026-03-20 14:32:28,2026-03-20 14:32:28,2026-03-20 14:32:28
844,2024-09-09,9.9,水果,周一上班,支出,食品饮料,食品饮料,0,,,6,2026-03-20 14:32:28,2026-03-20 14:32:28,2026-03-20 14:32:28
843,2024-09-09,200.0,姐的红包,周一上班,收入,亲友转账,亲友转账,0,,,6,2026-03-20 14:32:28,2026-03-20 14:32:28,2026-03-20 14:32:28
846,2024-09-08,6.0,洗衣服,周天，lck季后赛决赛，hle打Gen.G，下午深信服openday,支出,生活支出,生活支出,0,,,6,2026-03-20 14:32:28,2026-03-20 14:32:28,2026-03-20 14:32:28
845,2024-09-08,100.0,充卡,周天，lck季后赛决赛，hle打Gen.G，下午深信服openday,支出,食品饮料,食品饮料,0,,,6,2026-03-20 14:32:28,2026-03-20 14:32:28,2026-03-20 14:32:28
847,2024-09-07,57.0,晚餐,周六，lck季后赛，hle 3.1 t1，t1去打冒泡赛,支出,食品饮料,食品饮料,0,,,6,2026-03-20 14:32:28,2026-03-20 14:32:28,2026-03-20 14:32:28
848,2024-09-06,1755.74,秋季衣服，12件衣服和一个大衣,周五，可以领求职补贴了，需要办一个工商卡，悦姐给我挑了12件衣服和一个大衣！,支出,服饰,服饰,0,,,6,2026-03-20 14:32:28,2026-03-20 14:32:28,2026-03-20 14:32:28
850,2024-09-05,20.0,交通,周四，上午交通管制坐了三个小时公交车，晚上麻将赢了,支出,交通,交通,0,,,6,2026-03-20 14:32:28,2026-03-20 14:32:28,2026-03-20 14:32:28
849,2024-09-05,666.0,爸的红包,周四，上午交通管制坐了三个小时公交车，晚上麻将赢了,收入,亲友转账,亲友转账,0,,,6,2026-03-20 14:32:28,2026-03-20 14:32:28,2026-03-20 14:32:28
852,2024-09-04,20.0,莉莉生日红包,上午京东二面，中午开组会，下午去上班遇到交通管制，晚上科大讯飞三面，拉满了。教师节送礼物别太离谱,支出,社交,社交,0,,,6,2026-03-20 14:32:28,2026-03-20 14:32:28,2026-03-20 14:32:28
851,2024-09-04,125.77,教师节礼物,上午京东二面，中午开组会，下午去上班遇到交通管制，晚上科大讯飞三面，拉满了。教师节送礼物别太离谱,支出,学习/培训/办公,学习/培训/办公,0,,,6,2026-03-20 14:32:28,2026-03-20 14:32:28,2026-03-20 14:32:28
853,2024-09-03,500.0,充卡,周二，上班堵车还下雨，迟到40分钟，今天开始大众打卡上班了...，晚上注册上了，看来不是注册的问题,支出,食品饮料,食品饮料,0,,,6,2026-03-20 14:32:28,2026-03-20 14:32:28,2026-03-20 14:32:28
856,2024-09-02,17.0,晚餐,周一上班，上下班太堵了北三环，什么情况,支出,食品饮料,食品饮料,0,,,6,2026-03-20 14:32:28,2026-03-20 14:32:28,2026-03-20 14:32:28
855,2024-09-02,164.8,送部门离职礼物,周一上班，上下班太堵了北三环，什么情况,支出,社交,社交,0,,,6,2026-03-20 14:32:28,2026-03-20 14:32:28,2026-03-20 14:32:28
854,2024-09-02,3600.0,妈生活费,周一上班，上下班太堵了北三环，什么情况,收入,亲友转账,亲友转账,0,,,6,2026-03-20 14:32:28,2026-03-20 14:32:28,2026-03-20 14:32:28
862,2024-09-01,600.0,研究生每月奖学金,周天，老严来找我溜达，打了乒乓球，开学注册，注册不上！不会是因为图书馆的书没还吧？气死我了，冤枉我悦姐了。是我自己没努力呀。晚上看了NIP和JDG的比赛，睡前还挑好了离职送部门人的礼物,收入,工资,工资,0,,,6,2026-03-20 14:32:28,2026-03-20 14:32:28,2026-03-20 14:32:28
861,2024-09-01,46.4,请老严,周天，老严来找我溜达，打了乒乓球，开学注册，注册不上！不会是因为图书馆的书没还吧？气死我了，冤枉我悦姐了。是我自己没努力呀。晚上看了NIP和JDG的比赛，睡前还挑好了离职送部门人的礼物,支出,社交,社交,0,,,6,2026-03-20 14:32:28,2026-03-20 14:32:28,2026-03-20 14:32:28
860,2024-09-01,100.0,充校园卡,周天，老严来找我溜达，打了乒乓球，开学注册，注册不上！不会是因为图书馆的书没还吧？气死我了，冤枉我悦姐了。是我自己没努力呀。晚上看了NIP和JDG的比赛，睡前还挑好了离职送部门人的礼物,支出,食品饮料,食品饮料,0,,,6,2026-03-20 14:32:28,2026-03-20 14:32:28,2026-03-20 14:32:28
859,2024-09-01,50.0,WI-FI校园,周天，老严来找我溜达，打了乒乓球，开学注册，注册不上！不会是因为图书馆的书没还吧？气死我了，冤枉我悦姐了。是我自己没努力呀。晚上看了NIP和JDG的比赛，睡前还挑好了离职送部门人的礼物,支出,虚拟充值/通讯,虚拟充值/通讯,0,,,6,2026-03-20 14:32:28,2026-03-20 14:32:28,2026-03-20 14:32:28
858,2024-09-01,6.0,洗衣服,周天，老严来找我溜达，打了乒乓球，开学注册，注册不上！不会是因为图书馆的书没还吧？气死我了，冤枉我悦姐了。是我自己没努力呀。晚上看了NIP和JDG的比赛，睡前还挑好了离职送部门人的礼物,支出,生活支出,生活支出,0,,,6,2026-03-20 14:32:28,2026-03-20 14:32:28,2026-03-20 14:32:28
857,2024-09-01,30.0,乒乓球,周天，老严来找我溜达，打了乒乓球，开学注册，注册不上！不会是因为图书馆的书没还吧？气死我了，冤枉我悦姐了。是我自己没努力呀。晚上看了NIP和JDG的比赛，睡前还挑好了离职送部门人的礼物,支出,娱乐/运动,娱乐/运动,0,,,6,2026-03-20 14:32:28,2026-03-20 14:32:28,2026-03-20 14:32:28
866,2024-08-29,200.0,悦学姐,周四，发工资咯，今天很忙写代码，下午亮哥点了奶茶，中国奶酪，犹豫和miaochun姐劝后还是拿了一杯谢过亮哥,支出,亲友转账,亲友转账,0,,,6,2026-03-20 14:32:28,2026-03-20 14:32:28,2026-03-20 14:32:28
865,2024-08-29,130.56,榴莲,周四，发工资咯，今天很忙写代码，下午亮哥点了奶茶，中国奶酪，犹豫和miaochun姐劝后还是拿了一杯谢过亮哥,支出,食品饮料,食品饮料,0,,,6,2026-03-20 14:32:28,2026-03-20 14:32:28,2026-03-20 14:32:28
864,2024-08-29,104.0,钟点房,周四，发工资咯，今天很忙写代码，下午亮哥点了奶茶，中国奶酪，犹豫和miaochun姐劝后还是拿了一杯谢过亮哥,支出,住宿,住宿,0,,,6,2026-03-20 14:32:28,2026-03-20 14:32:28,2026-03-20 14:32:28
863,2024-08-29,3600.0,工资,周四，发工资咯，今天很忙写代码，下午亮哥点了奶茶，中国奶酪，犹豫和miaochun姐劝后还是拿了一杯谢过亮哥,收入,工资,工资,0,,,6,2026-03-20 14:32:28,2026-03-20 14:32:28,2026-03-20 14:32:28
867,2024-08-28,220.0,晚餐,周三，吃谭记潮汕牛肉火锅，不错不错,支出,食品饮料,食品饮料,0,,,6,2026-03-20 14:32:28,2026-03-20 14:32:28,2026-03-20 14:32:28
869,2024-08-26,20.79,水果,周一打麻将，赢80分,支出,食品饮料,食品饮料,0,,,6,2026-03-20 14:32:28,2026-03-20 14:32:28,2026-03-20 14:32:28
868,2024-08-26,60.0,打麻将,周一打麻将，赢80分,支出,娱乐/运动,娱乐/运动,0,,,6,2026-03-20 14:32:28,2026-03-20 14:32:28,2026-03-20 14:32:28
873,2024-08-25,55.6,盒马,周天，看沈腾的抓娃娃,支出,食品饮料,食品饮料,0,,,6,2026-03-20 14:32:28,2026-03-20 14:32:28,2026-03-20 14:32:28
872,2024-08-25,80.0,电影票,周天，看沈腾的抓娃娃,支出,娱乐/运动,娱乐/运动,0,,,6,2026-03-20 14:32:28,2026-03-20 14:32:28,2026-03-20 14:32:28
871,2024-08-25,55.38,晚餐,周天，看沈腾的抓娃娃,支出,食品饮料,食品饮料,0,,,6,2026-03-20 14:32:28,2026-03-20 14:32:28,2026-03-20 14:32:28
870,2024-08-25,83.6,午餐,周天，看沈腾的抓娃娃,支出,食品饮料,食品饮料,0,,,6,2026-03-20 14:32:28,2026-03-20 14:32:28,2026-03-20 14:32:28
877,2024-08-24,47.49,打车,看亚历桑德罗音乐会，下午看普罗米修斯,支出,交通,交通,0,,,6,2026-03-20 14:32:28,2026-03-20 14:32:28,2026-03-20 14:32:28
876,2024-08-24,31.89,盒马,看亚历桑德罗音乐会，下午看普罗米修斯,支出,食品饮料,食品饮料,0,,,6,2026-03-20 14:32:28,2026-03-20 14:32:28,2026-03-20 14:32:28
875,2024-08-24,103.0,晚餐,看亚历桑德罗音乐会，下午看普罗米修斯,支出,食品饮料,食品饮料,0,,,6,2026-03-20 14:32:28,2026-03-20 14:32:28,2026-03-20 14:32:28
874,2024-08-24,96.0,酒店，用携程卡抵扣200,看亚历桑德罗音乐会，下午看普罗米修斯,支出,住宿,住宿,0,,,6,2026-03-20 14:32:28,2026-03-20 14:32:28,2026-03-20 14:32:28
879,2024-08-23,14.0,晚餐,周五，老王要离职了，last day，准备去看异形，学苑工地状态要结束了，路面都上沥青了。和亮哥因为招聘继任的方式吵架，如果发脾气就能解决事情那他已经当上大众CEO了！,支出,食品饮料,食品饮料,0,,,6,2026-03-20 14:32:28,2026-03-20 14:32:28,2026-03-20 14:32:28
878,2024-08-23,37.0,电影票,周五，老王要离职了，last day，准备去看异形，学苑工地状态要结束了，路面都上沥青了。和亮哥因为招聘继任的方式吵架，如果发脾气就能解决事情那他已经当上大众CEO了！,支出,娱乐/运动,娱乐/运动,0,,,6,2026-03-20 14:32:28,2026-03-20 14:32:28,2026-03-20 14:32:28
881,2024-08-21,15.5,除螨喷雾,周三，一个特别符合要求的女生想来继任！,支出,生活支出,生活支出,0,,,6,2026-03-20 14:32:28,2026-03-20 14:32:28,2026-03-20 14:32:28
880,2024-08-21,500.0,充饭卡,周三，一个特别符合要求的女生想来继任！,支出,食品饮料,食品饮料,0,,,6,2026-03-20 14:32:28,2026-03-20 14:32:28,2026-03-20 14:32:28
883,2024-08-20,48.58,防水包,周二，面试斯伦贝谢，感觉很想去，希望快快找到继任，晚上打乒乓球，150个俯卧撑，期待tes和blg,支出,生活支出,生活支出,0,,,6,2026-03-20 14:32:28,2026-03-20 14:32:28,2026-03-20 14:32:28
882,2024-08-20,55.25,晚餐,周二，面试斯伦贝谢，感觉很想去，希望快快找到继任，晚上打乒乓球，150个俯卧撑，期待tes和blg,支出,食品饮料,食品饮料,0,,,6,2026-03-20 14:32:28,2026-03-20 14:32:28,2026-03-20 14:32:28
886,2024-08-18,14.99,燕麦,周天，第二次去体验华清池，足疗一般般，LNG真没用，被TES 3:0,支出,食品饮料,食品饮料,0,,,6,2026-03-20 14:32:28,2026-03-20 14:32:28,2026-03-20 14:32:28
885,2024-08-18,103.98,饮料,周天，第二次去体验华清池，足疗一般般，LNG真没用，被TES 3:0,支出,食品饮料,食品饮料,0,,,6,2026-03-20 14:32:28,2026-03-20 14:32:28,2026-03-20 14:32:28
884,2024-08-18,105.75,水果,周天，第二次去体验华清池，足疗一般般，LNG真没用，被TES 3:0,支出,食品饮料,食品饮料,0,,,6,2026-03-20 14:32:28,2026-03-20 14:32:28,2026-03-20 14:32:28
887,2024-08-17,157.64,聚餐,周六，七口之家聚餐，阿瓦隆，摇骰子，啤酒和椰汁,支出,食品饮料,食品饮料,0,,,6,2026-03-20 14:32:28,2026-03-20 14:32:28,2026-03-20 14:32:28
889,2024-08-15,104.0,钟点房,周四，游泳，乒乓球，100个俯卧撑，nip真不中用，wbg不错,支出,住宿,住宿,0,,,6,2026-03-20 14:32:28,2026-03-20 14:32:28,2026-03-20 14:32:28
888,2024-08-15,11.4,水果,周四，游泳，乒乓球，100个俯卧撑，nip真不中用，wbg不错,支出,食品饮料,食品饮料,0,,,6,2026-03-20 14:32:28,2026-03-20 14:32:28,2026-03-20 14:32:28
893,2024-08-14,37.0,短裤,周三,支出,服饰,服饰,0,,,6,2026-03-20 14:32:28,2026-03-20 14:32:28,2026-03-20 14:32:28
892,2024-08-14,7.0,打麻将,周三,支出,娱乐/运动,娱乐/运动,0,,,6,2026-03-20 14:32:28,2026-03-20 14:32:28,2026-03-20 14:32:28
891,2024-08-14,40.0,晚餐,周三,支出,食品饮料,食品饮料,0,,,6,2026-03-20 14:32:28,2026-03-20 14:32:28,2026-03-20 14:32:28
890,2024-08-14,400.0,冲饭卡,周三,支出,食品饮料,食品饮料,0,,,6,2026-03-20 14:32:28,2026-03-20 14:32:28,2026-03-20 14:32:28
894,2024-08-13,58.5,水果,周二,支出,食品饮料,食品饮料,0,,,6,2026-03-20 14:32:28,2026-03-20 14:32:28,2026-03-20 14:32:28
895,2024-08-11,69.51,午餐,周天,支出,食品饮料,食品饮料,0,,,6,2026-03-20 14:32:28,2026-03-20 14:32:28,2026-03-20 14:32:28
899,2024-08-10,271.6,盒马,周六，七夕,支出,食品饮料,食品饮料,0,,,6,2026-03-20 14:32:28,2026-03-20 14:32:28,2026-03-20 14:32:28
898,2024-08-10,149.0,悦学姐七夕珍珠项链,周六，七夕,支出,亲友转账,亲友转账,0,,,6,2026-03-20 14:32:28,2026-03-20 14:32:28,2026-03-20 14:32:28
897,2024-08-10,199.65,给妈买雪糕,周六，七夕,支出,亲友转账,亲友转账,0,,,6,2026-03-20 14:32:28,2026-03-20 14:32:28,2026-03-20 14:32:28
896,2024-08-10,94.0,午餐,周六，七夕,支出,食品饮料,食品饮料,0,,,6,2026-03-20 14:32:28,2026-03-20 14:32:28,2026-03-20 14:32:28
900,2024-08-07,112.79,T恤,周三，悦学姐离职,支出,服饰,服饰,0,,,6,2026-03-20 14:32:28,2026-03-20 14:32:28,2026-03-20 14:32:28
902,2024-08-06,400.0,充卡,周二，申请1w的助学贷款，目前总计6w,支出,食品饮料,食品饮料,0,,,6,2026-03-20 14:32:28,2026-03-20 14:32:28,2026-03-20 14:32:28
901,2024-08-06,200.0,悦学姐,周二，申请1w的助学贷款，目前总计6w,支出,亲友转账,亲友转账,0,,,6,2026-03-20 14:32:28,2026-03-20 14:32:28,2026-03-20 14:32:28
910,2024-08-04,5.21,水果,周天，思维急速扩张！！，急诊做蛋白比肌酐说周六下午和周天都不行,支出,食品饮料,食品饮料,0,,,6,2026-03-20 14:32:28,2026-03-20 14:32:28,2026-03-20 14:32:28
909,2024-08-04,20.0,修悦学姐电动车遥控器,周天，思维急速扩张！！，急诊做蛋白比肌酐说周六下午和周天都不行,支出,亲友转账,亲友转账,0,,,6,2026-03-20 14:32:28,2026-03-20 14:32:28,2026-03-20 14:32:28
908,2024-08-04,15.0,修扣子,周天，思维急速扩张！！，急诊做蛋白比肌酐说周六下午和周天都不行,支出,生活支出,生活支出,0,,,6,2026-03-20 14:32:28,2026-03-20 14:32:28,2026-03-20 14:32:28
907,2024-08-04,81.0,午餐,周天，思维急速扩张！！，急诊做蛋白比肌酐说周六下午和周天都不行,支出,食品饮料,食品饮料,0,,,6,2026-03-20 14:32:28,2026-03-20 14:32:28,2026-03-20 14:32:28
906,2024-08-04,146.42,休闲鞋,周天，思维急速扩张！！，急诊做蛋白比肌酐说周六下午和周天都不行,支出,服饰,服饰,0,,,6,2026-03-20 14:32:28,2026-03-20 14:32:28,2026-03-20 14:32:28
905,2024-08-04,49.8,桌面增高架,周天，思维急速扩张！！，急诊做蛋白比肌酐说周六下午和周天都不行,支出,生活支出,生活支出,0,,,6,2026-03-20 14:32:28,2026-03-20 14:32:28,2026-03-20 14:32:28
904,2024-08-04,36.9,五指袜,周天，思维急速扩张！！，急诊做蛋白比肌酐说周六下午和周天都不行,支出,服饰,服饰,0,,,6,2026-03-20 14:32:28,2026-03-20 14:32:28,2026-03-20 14:32:28
903,2024-08-04,378.1,五指鞋,周天，思维急速扩张！！，急诊做蛋白比肌酐说周六下午和周天都不行,支出,服饰,服饰,0,,,6,2026-03-20 14:32:28,2026-03-20 14:32:28,2026-03-20 14:32:28
911,2024-08-03,300.0,午餐-火炉火自助,周六，火炉火自助，提前过七夕,支出,食品饮料,食品饮料,0,,,6,2026-03-20 14:32:28,2026-03-20 14:32:28,2026-03-20 14:32:28
913,2024-08-02,39.0,打车,周五，子铭的车擦到别人的车，在蓝色港湾溜达,支出,交通,交通,0,,,6,2026-03-20 14:32:28,2026-03-20 14:32:28,2026-03-20 14:32:28
912,2024-08-02,63.0,晚餐,周五，子铭的车擦到别人的车，在蓝色港湾溜达,支出,食品饮料,食品饮料,0,,,6,2026-03-20 14:32:28,2026-03-20 14:32:28,2026-03-20 14:32:28
917,2024-07-31,600.0,悦学姐转账：沙拉300，旅游经费300,周三，补卡花了150,收入,亲友转账,亲友转账,0,,,6,2026-03-20 14:32:28,2026-03-20 14:32:28,2026-03-20 14:32:28
916,2024-07-31,50.0,充卡,周三，补卡花了150,支出,食品饮料,食品饮料,0,,,6,2026-03-20 14:32:28,2026-03-20 14:32:28,2026-03-20 14:32:28
915,2024-07-31,150.0,补卡,周三，补卡花了150,支出,生活支出,生活支出,0,,,6,2026-03-20 14:32:28,2026-03-20 14:32:28,2026-03-20 14:32:28
914,2024-07-31,70.0,公交交通,周三，补卡花了150,支出,交通,交通,0,,,6,2026-03-20 14:32:28,2026-03-20 14:32:28,2026-03-20 14:32:28
921,2024-07-30,55.0,打车,周二，开始上班， 下大雨，涛生日，员工卡丢了,支出,交通,交通,0,,,6,2026-03-20 14:32:28,2026-03-20 14:32:28,2026-03-20 14:32:28
920,2024-07-30,3600.0,工资,周二，开始上班， 下大雨，涛生日，员工卡丢了,收入,工资,工资,0,,,6,2026-03-20 14:32:28,2026-03-20 14:32:28,2026-03-20 14:32:28
919,2024-07-30,7.0,水,周二，开始上班， 下大雨，涛生日，员工卡丢了,支出,食品饮料,食品饮料,0,,,6,2026-03-20 14:32:28,2026-03-20 14:32:28,2026-03-20 14:32:28
918,2024-07-30,200.0,涛生日红包,周二，开始上班， 下大雨，涛生日，员工卡丢了,支出,社交,社交,0,,,6,2026-03-20 14:32:28,2026-03-20 14:32:28,2026-03-20 14:32:28
1622,2024-07-29,27.0,早餐,周一，返程回北京，秦皇岛返程回北京（一共花2k，小荷包出1500，剩下我和悦学姐平分，即人均出1k）,支出,食品饮料,食品饮料,1,秦皇岛,悦姐,7,2026-03-20 14:41:35,2026-03-20 14:41:35,2026-03-20 14:41:57
1621,2024-07-29,20.28,打车,周一，返程回北京，秦皇岛返程回北京（一共花2k，小荷包出1500，剩下我和悦学姐平分，即人均出1k）,支出,交通,交通,1,秦皇岛,悦姐,7,2026-03-20 14:41:35,2026-03-20 14:41:35,2026-03-20 14:41:57
1620,2024-07-29,307.0,高铁,周一，返程回北京，秦皇岛返程回北京（一共花2k，小荷包出1500，剩下我和悦学姐平分，即人均出1k）,支出,交通,交通,1,秦皇岛,悦姐,7,2026-03-20 14:41:35,2026-03-20 14:41:35,2026-03-20 14:41:57
1627,2024-07-28,16.65,甜啦啦,周天,支出,食品饮料,食品饮料,1,秦皇岛,悦姐,7,2026-03-20 14:41:35,2026-03-20 14:41:35,2026-03-20 14:41:57
1626,2024-07-28,40.7,酒店-如家华驿,周天,支出,住宿,住宿,1,秦皇岛,悦姐,7,2026-03-20 14:41:35,2026-03-20 14:41:35,2026-03-20 14:41:57
1625,2024-07-28,22.84,早餐,周天,支出,食品饮料,食品饮料,1,秦皇岛,悦姐,7,2026-03-20 14:41:35,2026-03-20 14:41:35,2026-03-20 14:41:57
1624,2024-07-28,70.0,鸽子窝-双人门票,周天,支出,娱乐/运动,娱乐/运动,1,秦皇岛,悦姐,7,2026-03-20 14:41:35,2026-03-20 14:41:35,2026-03-20 14:41:57
1623,2024-07-28,298.0,午餐-双人海鲜自助，带烤榴莲,周天,支出,娱乐/运动,娱乐/运动,1,秦皇岛,悦姐,7,2026-03-20 14:41:35,2026-03-20 14:41:35,2026-03-20 14:41:57
1632,2024-07-27,17.0,晚餐-外卖,周六,支出,食品饮料,食品饮料,1,秦皇岛,悦姐,7,2026-03-20 14:41:35,2026-03-20 14:41:35,2026-03-20 14:41:57
1631,2024-07-27,92.0,午餐-叶利存,周六,支出,食品饮料,食品饮料,1,秦皇岛,悦姐,7,2026-03-20 14:41:35,2026-03-20 14:41:35,2026-03-20 14:41:57
1630,2024-07-27,3.0,停车,周六,支出,交通,交通,1,秦皇岛,悦姐,7,2026-03-20 14:41:35,2026-03-20 14:41:35,2026-03-20 14:41:57
1629,2024-07-27,76.9,晚餐-外卖,周六,支出,食品饮料,食品饮料,1,秦皇岛,悦姐,7,2026-03-20 14:41:35,2026-03-20 14:41:35,2026-03-20 14:41:57
1628,2024-07-27,62.0,午餐-叶利存,周六,支出,食品饮料,食品饮料,1,秦皇岛,悦姐,7,2026-03-20 14:41:35,2026-03-20 14:41:35,2026-03-20 14:41:57
1641,2024-07-26,192.0,租车-电动车60个小时（周末+10）,周五，出发秦皇岛，在浴场游泳,支出,交通,交通,1,秦皇岛,悦姐,7,2026-03-20 14:41:35,2026-03-20 14:41:35,2026-03-20 14:41:57
1640,2024-07-26,112.0,午餐-海鲜自助,周五，出发秦皇岛，在浴场游泳,支出,食品饮料,食品饮料,1,秦皇岛,悦姐,7,2026-03-20 14:41:35,2026-03-20 14:41:35,2026-03-20 14:41:57
1639,2024-07-26,160.0,海滩-泳衣和租赁,周五，出发秦皇岛，在浴场游泳,支出,娱乐/运动,娱乐/运动,1,秦皇岛,悦姐,7,2026-03-20 14:41:35,2026-03-20 14:41:35,2026-03-20 14:41:57
1638,2024-07-26,33.5,晚餐-粥,周五，出发秦皇岛，在浴场游泳,支出,食品饮料,食品饮料,1,秦皇岛,悦姐,7,2026-03-20 14:41:35,2026-03-20 14:41:35,2026-03-20 14:41:57
1637,2024-07-26,112.0,午餐-海鲜自助,周五，出发秦皇岛，在浴场游泳,支出,食品饮料,食品饮料,1,秦皇岛,悦姐,7,2026-03-20 14:41:35,2026-03-20 14:41:35,2026-03-20 14:41:57
1636,2024-07-26,154.5,酒店-如家华驿,周五，出发秦皇岛，在浴场游泳,支出,住宿,住宿,1,秦皇岛,悦姐,7,2026-03-20 14:41:35,2026-03-20 14:41:35,2026-03-20 14:41:57
1635,2024-07-26,10.0,共享单车,周五，出发秦皇岛，在浴场游泳,支出,交通,交通,1,秦皇岛,悦姐,7,2026-03-20 14:41:35,2026-03-20 14:41:35,2026-03-20 14:41:57
1634,2024-07-26,20.0,打车,周五，出发秦皇岛，在浴场游泳,支出,交通,交通,1,秦皇岛,悦姐,7,2026-03-20 14:41:35,2026-03-20 14:41:35,2026-03-20 14:41:57
1633,2024-07-26,180.0,火车,周五，出发秦皇岛，在浴场游泳,支出,交通,交通,1,秦皇岛,悦姐,7,2026-03-20 14:41:35,2026-03-20 14:41:35,2026-03-20 14:41:57
924,2024-07-23,300.0,充饭卡,周三,支出,食品饮料,食品饮料,0,,,6,2026-03-20 14:32:28,2026-03-20 14:32:28,2026-03-20 14:32:28
923,2024-07-23,40.0,妈雪糕,周三,支出,亲友转账,亲友转账,0,,,6,2026-03-20 14:32:28,2026-03-20 14:32:28,2026-03-20 14:32:28
925,2024-07-22,3000.0,妈生活费,周二,收入,亲友转账,亲友转账,0,,,6,2026-03-20 14:32:28,2026-03-20 14:32:28,2026-03-20 14:32:28
927,2024-07-21,139.57,晚餐,周日，抓娃娃，掼蛋,支出,食品饮料,食品饮料,0,,,6,2026-03-20 14:32:28,2026-03-20 14:32:28,2026-03-20 14:32:28
926,2024-07-21,200.0,抓娃娃,周日，抓娃娃，掼蛋,支出,娱乐/运动,娱乐/运动,0,,,6,2026-03-20 14:32:28,2026-03-20 14:32:28,2026-03-20 14:32:28
930,2024-07-20,222.2,餐饮,周六，大兴和gay，婷六人聚餐,支出,食品饮料,食品饮料,0,,,6,2026-03-20 14:32:28,2026-03-20 14:32:28,2026-03-20 14:32:28
929,2024-07-20,46.18,交通,周六，大兴和gay，婷六人聚餐,支出,交通,交通,0,,,6,2026-03-20 14:32:28,2026-03-20 14:32:28,2026-03-20 14:32:28
928,2024-07-20,277.33,酒店,周六，大兴和gay，婷六人聚餐,支出,住宿,住宿,0,,,6,2026-03-20 14:32:28,2026-03-20 14:32:28,2026-03-20 14:32:28
933,2024-07-19,70.13,袜子+内裤,周五,支出,服饰,服饰,0,,,6,2026-03-20 14:32:28,2026-03-20 14:32:28,2026-03-20 14:32:28
932,2024-07-19,101.75,套,周五,支出,生活支出,生活支出,0,,,6,2026-03-20 14:32:28,2026-03-20 14:32:28,2026-03-20 14:32:28
931,2024-07-19,200.0,充饭卡,周五,支出,食品饮料,食品饮料,0,,,6,2026-03-20 14:32:28,2026-03-20 14:32:28,2026-03-20 14:32:28
935,2024-07-18,16.8,洗发水,周四，今天也上班,支出,生活支出,生活支出,0,,,6,2026-03-20 14:32:28,2026-03-20 14:32:28,2026-03-20 14:32:28
934,2024-07-18,6.0,洗衣服,周四，今天也上班,支出,生活支出,生活支出,0,,,6,2026-03-20 14:32:28,2026-03-20 14:32:28,2026-03-20 14:32:28
937,2024-07-15,3.68,妈-雪糕,周一,支出,亲友转账,亲友转账,0,,,6,2026-03-20 14:32:28,2026-03-20 14:32:28,2026-03-20 14:32:28
936,2024-07-15,200.0,充饭卡,周一,支出,食品饮料,食品饮料,0,,,6,2026-03-20 14:32:28,2026-03-20 14:32:28,2026-03-20 14:32:28
1718,2024-07-14,48.06,水果,下午航拍五大道，回北京总计1242.07元，从小荷包支出（269.96+52+419+525.29=1266.25）,支出,食品饮料,食品饮料,1,天津,悦姐、李佳乐,9,2026-03-20 15:00:32,2026-03-20 15:00:32,2026-04-29 17:47:18
1717,2024-07-14,525.29,住宿,下午航拍五大道，回北京总计1242.07元，从小荷包支出（269.96+52+419+525.29=1266.25）,支出,住宿,住宿,1,天津,悦姐、李佳乐,9,2026-03-20 15:00:32,2026-03-20 15:00:32,2026-04-29 17:47:18
1716,2024-07-14,419.9,食品饮料,下午航拍五大道，回北京总计1242.07元，从小荷包支出（269.96+52+419+525.29=1266.25）,支出,食品饮料,食品饮料,1,天津,悦姐、李佳乐,9,2026-03-20 15:00:32,2026-03-20 15:00:32,2026-04-29 17:47:18
1715,2024-07-14,52.0,娱乐-漆扇+花+充电宝,下午航拍五大道，回北京总计1242.07元，从小荷包支出（269.96+52+419+525.29=1266.25）,支出,娱乐/运动,娱乐/运动,1,天津,悦姐、李佳乐,9,2026-03-20 15:00:32,2026-03-20 15:00:32,2026-04-29 17:47:18
1714,2024-07-14,269.96,交通,下午航拍五大道，回北京总计1242.07元，从小荷包支出（269.96+52+419+525.29=1266.25）,支出,交通,交通,1,天津,悦姐、李佳乐,9,2026-03-20 15:00:32,2026-03-20 15:00:32,2026-04-29 17:47:18
939,2024-07-12,200.0,姐给的钱,旅游标签-（天津），周五，晚上去天津,收入,亲友转账,亲友转账,1,天津,悦姐、李佳乐,6,2026-03-20 14:32:28,2026-03-20 14:32:28,2026-04-29 17:47:18
940,2024-07-11,68.5,晚餐+水果,周四，和乐文甫交换零食并了解他最近每天看一部电影，推荐了一部英国病人,支出,食品饮料,食品饮料,0,,,6,2026-03-20 14:32:28,2026-03-20 14:32:28,2026-03-20 14:32:28
941,2024-07-10,200.0,姐给的红包,周三,收入,亲友转账,亲友转账,0,,,6,2026-03-20 14:32:28,2026-03-20 14:32:28,2026-03-20 14:32:28
942,2024-07-09,21.0,鼠标和键盘膜,周二,支出,生活支出,生活支出,0,,,6,2026-03-20 14:32:28,2026-03-20 14:32:28,2026-03-20 14:32:28
947,2024-07-07,64.0,晚餐,周天,支出,食品饮料,食品饮料,0,,,6,2026-03-20 14:32:28,2026-03-20 14:32:28,2026-03-20 14:32:28
946,2024-07-07,9.98,水果,周天,支出,食品饮料,食品饮料,0,,,6,2026-03-20 14:32:28,2026-03-20 14:32:28,2026-03-20 14:32:28
945,2024-07-07,10.0,共享充电宝,周天,支出,娱乐/运动,娱乐/运动,0,,,6,2026-03-20 14:32:28,2026-03-20 14:32:28,2026-03-20 14:32:28
944,2024-07-07,33.0,打牌,周天,支出,娱乐/运动,娱乐/运动,0,,,6,2026-03-20 14:32:28,2026-03-20 14:32:28,2026-03-20 14:32:28
943,2024-07-07,80.0,午餐,周天,支出,食品饮料,食品饮料,0,,,6,2026-03-20 14:32:28,2026-03-20 14:32:28,2026-03-20 14:32:28
948,2024-07-06,238.0,酒店,周六，台球麻将,支出,住宿,住宿,0,,,6,2026-03-20 14:32:28,2026-03-20 14:32:28,2026-03-20 14:32:28
949,2024-07-05,239.0,酒店,周五，去良乡找林玉婷们,支出,住宿,住宿,0,,,6,2026-03-20 14:32:28,2026-03-20 14:32:28,2026-03-20 14:32:28
951,2024-07-04,6.0,洗衣服,周四，康佳生日,支出,生活支出,生活支出,0,,,6,2026-03-20 14:32:28,2026-03-20 14:32:28,2026-03-20 14:32:28
950,2024-07-04,200.0,康佳生日红包,周四，康佳生日,支出,社交,社交,0,,,6,2026-03-20 14:32:28,2026-03-20 14:32:28,2026-03-20 14:32:28
952,2024-07-02,1314.0,悦学姐手机报销,周二,支出,亲友转账,亲友转账,0,,,6,2026-03-20 14:32:28,2026-03-20 14:32:28,2026-03-20 14:32:28
955,2024-07-01,600.0,研究生每月奖学金,周一,收入,工资,工资,0,,,6,2026-03-20 14:32:28,2026-03-20 14:32:28,2026-03-20 14:32:28
954,2024-07-01,80.0,悦学姐裙子,周一,支出,亲友转账,亲友转账,0,,,6,2026-03-20 14:32:28,2026-03-20 14:32:28,2026-03-20 14:32:28
953,2024-07-01,50.0,网费,周一,支出,生活支出,生活支出,0,,,6,2026-03-20 14:32:28,2026-03-20 14:32:28,2026-03-20 14:32:28
956,2024-06-30,160.0,六月公交上下班通勤,,支出,交通,交通,0,,,6,2026-03-20 14:32:28,2026-03-20 14:32:28,2026-03-20 14:32:28
958,2024-06-29,84.9,妈妈的雪糕,周六,支出,亲友转账,亲友转账,0,,,6,2026-03-20 14:32:28,2026-03-20 14:32:28,2026-03-20 14:32:28
957,2024-06-29,228.0,晚餐,周六,支出,食品饮料,食品饮料,0,,,6,2026-03-20 14:32:28,2026-03-20 14:32:28,2026-03-20 14:32:28
960,2024-06-27,116.0,晚餐,周四，南门潮汕牛肉火锅,支出,食品饮料,食品饮料,0,,,6,2026-03-20 14:32:28,2026-03-20 14:32:28,2026-03-20 14:32:28
959,2024-06-27,38.0,剪头发,周四，南门潮汕牛肉火锅,支出,生活支出,生活支出,0,,,6,2026-03-20 14:32:28,2026-03-20 14:32:28,2026-03-20 14:32:28
962,2024-06-26,15.0,请妍水果杯（生日）,周三,支出,社交,社交,0,,,6,2026-03-20 14:32:28,2026-03-20 14:32:28,2026-03-20 14:32:28
961,2024-06-26,300.0,充饭卡,周三,支出,食品饮料,食品饮料,0,,,6,2026-03-20 14:32:28,2026-03-20 14:32:28,2026-03-20 14:32:28
966,2024-06-25,130.0,妈雪糕,,支出,亲友转账,亲友转账,0,,,6,2026-03-20 14:32:28,2026-03-20 14:32:28,2026-03-20 14:32:28
965,2024-06-25,1000.0,妈生活费,,收入,亲友转账,亲友转账,0,,,6,2026-03-20 14:32:28,2026-03-20 14:32:28,2026-03-20 14:32:28
964,2024-06-25,18.0,靠枕,,支出,生活支出,生活支出,0,,,6,2026-03-20 14:32:28,2026-03-20 14:32:28,2026-03-20 14:32:28
963,2024-06-25,32.0,晚餐,,支出,食品饮料,食品饮料,0,,,6,2026-03-20 14:32:28,2026-03-20 14:32:28,2026-03-20 14:32:28
968,2024-06-23,30.0,电动车电费,周天,支出,生活支出,生活支出,0,,,6,2026-03-20 14:32:28,2026-03-20 14:32:28,2026-03-20 14:32:28
967,2024-06-23,400.0,悦学姐零食费,周天,支出,亲友转账,亲友转账,0,,,6,2026-03-20 14:32:28,2026-03-20 14:32:28,2026-03-20 14:32:28
973,2024-06-22,10.0,gpt,周六，看电影，黑客帝国3和4,支出,虚拟充值/通讯,虚拟充值/通讯,0,,,6,2026-03-20 14:32:28,2026-03-20 14:32:28,2026-03-20 14:32:28
972,2024-06-22,68.0,麻将,周六，看电影，黑客帝国3和4,支出,娱乐/运动,娱乐/运动,0,,,6,2026-03-20 14:32:28,2026-03-20 14:32:28,2026-03-20 14:32:28
971,2024-06-22,272.0,酒店,周六，看电影，黑客帝国3和4,支出,住宿,住宿,0,,,6,2026-03-20 14:32:28,2026-03-20 14:32:28,2026-03-20 14:32:28
970,2024-06-22,68.0,打麻将输,周六，看电影，黑客帝国3和4,支出,娱乐/运动,娱乐/运动,0,,,6,2026-03-20 14:32:28,2026-03-20 14:32:28,2026-03-20 14:32:28
969,2024-06-22,200.0,充饭卡,周六，看电影，黑客帝国3和4,支出,食品饮料,食品饮料,0,,,6,2026-03-20 14:32:28,2026-03-20 14:32:28,2026-03-20 14:32:28
976,2024-06-19,20.0,交通,周三，和韬老师攀岩，把线条小狗给他,支出,交通,交通,0,,,6,2026-03-20 14:32:28,2026-03-20 14:32:28,2026-03-20 14:32:28
975,2024-06-19,90.0,攀岩,周三，和韬老师攀岩，把线条小狗给他,支出,娱乐/运动,娱乐/运动,0,,,6,2026-03-20 14:32:28,2026-03-20 14:32:28,2026-03-20 14:32:28
974,2024-06-19,200.0,充饭卡,周三，和韬老师攀岩，把线条小狗给他,支出,食品饮料,食品饮料,0,,,6,2026-03-20 14:32:28,2026-03-20 14:32:28,2026-03-20 14:32:28
980,2024-06-17,756.0,椒盐工资,周一,收入,工资,工资,0,,,6,2026-03-20 14:32:28,2026-03-20 14:32:28,2026-03-20 14:32:28
979,2024-06-17,75.0,裤子,周一,支出,服饰,服饰,0,,,6,2026-03-20 14:32:28,2026-03-20 14:32:28,2026-03-20 14:32:28
978,2024-06-17,29.0,牙刷,周一,支出,生活支出,生活支出,0,,,6,2026-03-20 14:32:28,2026-03-20 14:32:28,2026-03-20 14:32:28
977,2024-06-17,188.0,给国豪发钱,周一,支出,亲友转账,亲友转账,0,,,6,2026-03-20 14:32:28,2026-03-20 14:32:28,2026-03-20 14:32:28
982,2024-06-16,79.0,钟点房,周天,支出,住宿,住宿,0,,,6,2026-03-20 14:32:28,2026-03-20 14:32:28,2026-03-20 14:32:28
981,2024-06-16,10.0,晚餐,周天,支出,食品饮料,食品饮料,0,,,6,2026-03-20 14:32:28,2026-03-20 14:32:28,2026-03-20 14:32:28
983,2024-06-15,100.0,充校园卡,周六,支出,食品饮料,食品饮料,0,,,6,2026-03-20 14:32:28,2026-03-20 14:32:28,2026-03-20 14:32:28
986,2024-06-14,40.0,jun姐礼物,周五，悦姐生日,支出,社交,社交,0,,,6,2026-03-20 14:32:28,2026-03-20 14:32:28,2026-03-20 14:32:28
985,2024-06-14,10.0,轮子限位,周五，悦姐生日,支出,生活支出,生活支出,0,,,6,2026-03-20 14:32:28,2026-03-20 14:32:28,2026-03-20 14:32:28
984,2024-06-14,450.0,悦学姐生日礼物-裙子,周五，悦姐生日,支出,亲友转账,亲友转账,0,,,6,2026-03-20 14:32:28,2026-03-20 14:32:28,2026-03-20 14:32:28
991,2024-06-13,200.0,给悦学姐的钱,周四，尿检，考试，开会，拍视频，雷暴天气，问我爹要3k买镜头,支出,亲友转账,亲友转账,0,,,6,2026-03-20 14:32:28,2026-03-20 14:32:28,2026-03-20 14:32:28
990,2024-06-13,1150.0,相机镜头,周四，尿检，考试，开会，拍视频，雷暴天气，问我爹要3k买镜头,支出,生活支出,生活支出,0,,,6,2026-03-20 14:32:28,2026-03-20 14:32:28,2026-03-20 14:32:28
989,2024-06-13,3000.0,爸给的钱,周四，尿检，考试，开会，拍视频，雷暴天气，问我爹要3k买镜头,收入,亲友转账,亲友转账,0,,,6,2026-03-20 14:32:28,2026-03-20 14:32:28,2026-03-20 14:32:28
988,2024-06-13,10.0,短裤,周四，尿检，考试，开会，拍视频，雷暴天气，问我爹要3k买镜头,支出,服饰,服饰,0,,,6,2026-03-20 14:32:28,2026-03-20 14:32:28,2026-03-20 14:32:28
987,2024-06-13,20.0,多多买菜,周四，尿检，考试，开会，拍视频，雷暴天气，问我爹要3k买镜头,支出,食品饮料,食品饮料,0,,,6,2026-03-20 14:32:28,2026-03-20 14:32:28,2026-03-20 14:32:28
994,2024-06-12,32.0,晚餐,,支出,食品饮料,食品饮料,0,,,6,2026-03-20 14:32:28,2026-03-20 14:32:28,2026-03-20 14:32:28
993,2024-06-12,99.0,姐给的钱,,收入,亲友转账,亲友转账,0,,,6,2026-03-20 14:32:28,2026-03-20 14:32:28,2026-03-20 14:32:28
992,2024-06-12,150.0,冲卡吃饭,,支出,食品饮料,食品饮料,0,,,6,2026-03-20 14:32:28,2026-03-20 14:32:28,2026-03-20 14:32:28
998,2024-06-10,4.81,水果,周一,支出,食品饮料,食品饮料,0,,,6,2026-03-20 14:32:28,2026-03-20 14:32:28,2026-03-20 14:32:28
997,2024-06-10,79.0,晚餐,周一,支出,食品饮料,食品饮料,0,,,6,2026-03-20 14:32:28,2026-03-20 14:32:28,2026-03-20 14:32:28
996,2024-06-10,92.0,风衣-外出使用,周一,支出,娱乐/运动,娱乐/运动,0,,,6,2026-03-20 14:32:28,2026-03-20 14:32:28,2026-03-20 14:32:28
995,2024-06-10,6.5,江中宇生日信快递费,周一,支出,社交,社交,0,,,6,2026-03-20 14:32:28,2026-03-20 14:32:28,2026-03-20 14:32:28
999,2024-06-09,29.5,水果,周天,支出,食品饮料,食品饮料,0,,,6,2026-03-20 14:32:28,2026-03-20 14:32:28,2026-03-20 14:32:28
1002,2024-06-08,570.0,买衣服,周六端午节，去大兴找gay，大富翁，逛bigoffs买衣服，逛宜家,支出,服饰,服饰,0,,,6,2026-03-20 14:32:28,2026-03-20 14:32:28,2026-03-20 14:32:28
1001,2024-06-08,190.0,酒店,周六端午节，去大兴找gay，大富翁，逛bigoffs买衣服，逛宜家,支出,住宿,住宿,0,,,6,2026-03-20 14:32:28,2026-03-20 14:32:28,2026-03-20 14:32:28
1000,2024-06-08,42.0,交通,周六端午节，去大兴找gay，大富翁，逛bigoffs买衣服，逛宜家,支出,交通,交通,0,,,6,2026-03-20 14:32:28,2026-03-20 14:32:28,2026-03-20 14:32:28
1003,2024-06-07,64.0,麻将,周五，打麻将,支出,娱乐/运动,娱乐/运动,0,,,6,2026-03-20 14:32:28,2026-03-20 14:32:28,2026-03-20 14:32:28
1006,2024-06-06,22.5,李昌朔礼物,周四，尿检！蛋白+-了，红细胞30，给江中宇寄生日贺卡，部门氛围太好了，跟他们聊了好久，特别开心，大家都很open，都很包容。而且都很有趣，会互相开很多很多玩笑，然后也会把握尺度，反正挺开心的,支出,社交,社交,0,,,6,2026-03-20 14:32:28,2026-03-20 14:32:28,2026-03-20 14:32:28
1005,2024-06-06,3.0,洗衣服,周四，尿检！蛋白+-了，红细胞30，给江中宇寄生日贺卡，部门氛围太好了，跟他们聊了好久，特别开心，大家都很open，都很包容。而且都很有趣，会互相开很多很多玩笑，然后也会把握尺度，反正挺开心的,支出,生活支出,生活支出,0,,,6,2026-03-20 14:32:28,2026-03-20 14:32:28,2026-03-20 14:32:28
1004,2024-06-06,50.0,充卡,周四，尿检！蛋白+-了，红细胞30，给江中宇寄生日贺卡，部门氛围太好了，跟他们聊了好久，特别开心，大家都很open，都很包容。而且都很有趣，会互相开很多很多玩笑，然后也会把握尺度，反正挺开心的,支出,食品饮料,食品饮料,0,,,6,2026-03-20 14:32:28,2026-03-20 14:32:28,2026-03-20 14:32:28
1007,2024-06-05,20.6,晚餐,周三，悦姐入职正定私募，收到端午大礼包,支出,食品饮料,食品饮料,0,,,6,2026-03-20 14:32:28,2026-03-20 14:32:28,2026-03-20 14:32:28
1008,2024-06-04,92.0,悦姐裙子+风衣,周二，今天把软件和公盘权限搞定了，上下班都有公交，晚餐可以打包15块钱一大份的沙拉回去吃，感觉舒服起来了,支出,亲友转账,亲友转账,0,,,6,2026-03-20 14:32:28,2026-03-20 14:32:28,2026-03-20 14:32:28
1010,2024-06-03,99.0,姐给的钱,入职大众，好繁琐的流程,收入,亲友转账,亲友转账,0,,,6,2026-03-20 14:32:28,2026-03-20 14:32:28,2026-03-20 14:32:28
1009,2024-06-03,200.0,大众饭卡,入职大众，好繁琐的流程,支出,食品饮料,食品饮料,0,,,6,2026-03-20 14:32:28,2026-03-20 14:32:28,2026-03-20 14:32:28
1014,2024-06-02,38.5,水果,周天，我靠，悦姐一下子就找到实习了，还是私募的HR，200块钱一天！,支出,食品饮料,食品饮料,0,,,6,2026-03-20 14:32:28,2026-03-20 14:32:28,2026-03-20 14:32:28
1013,2024-06-02,100.0,校园卡,周天，我靠，悦姐一下子就找到实习了，还是私募的HR，200块钱一天！,支出,食品饮料,食品饮料,0,,,6,2026-03-20 14:32:28,2026-03-20 14:32:28,2026-03-20 14:32:28
1012,2024-06-02,600.0,研究生每月奖学金,周天，我靠，悦姐一下子就找到实习了，还是私募的HR，200块钱一天！,收入,工资,工资,0,,,6,2026-03-20 14:32:28,2026-03-20 14:32:28,2026-03-20 14:32:28
1011,2024-06-02,120.0,出蛋白粉,周天，我靠，悦姐一下子就找到实习了，还是私募的HR，200块钱一天！,收入,二手物品售卖,二手物品售卖,0,,,6,2026-03-20 14:32:28,2026-03-20 14:32:28,2026-03-20 14:32:28
1024,2024-05-31,19.66,悦学姐水果,和椒盐伙伴拍星轨,支出,亲友转账,亲友转账,0,,,6,2026-03-20 14:32:28,2026-03-20 14:32:28,2026-03-20 14:32:28
1023,2024-05-31,300.0,就业周直播兼职,和椒盐伙伴拍星轨,收入,工资,工资,0,,,6,2026-03-20 14:32:28,2026-03-20 14:32:28,2026-03-20 14:32:28
1022,2024-05-31,450.0,2.3月看病支出,和椒盐伙伴拍星轨,支出,生活支出,生活支出,0,,,6,2026-03-20 14:32:28,2026-03-20 14:32:28,2026-03-20 14:32:28
1021,2024-05-31,20.0,悦学姐水果,和椒盐伙伴拍星轨,支出,亲友转账,亲友转账,0,,,6,2026-03-20 14:32:28,2026-03-20 14:32:28,2026-03-20 14:32:28
1020,2024-05-31,138.0,晚餐,和椒盐伙伴拍星轨,支出,食品饮料,食品饮料,0,,,6,2026-03-20 14:32:28,2026-03-20 14:32:28,2026-03-20 14:32:28
1019,2024-05-31,105.0,晚餐,和椒盐伙伴拍星轨,支出,食品饮料,食品饮料,0,,,6,2026-03-20 14:32:28,2026-03-20 14:32:28,2026-03-20 14:32:28
1018,2024-05-31,2700.0,赛诺菲工资,和椒盐伙伴拍星轨,收入,工资,工资,0,,,6,2026-03-20 14:32:28,2026-03-20 14:32:28,2026-03-20 14:32:28
1017,2024-05-31,23.0,送博哥烟,和椒盐伙伴拍星轨,支出,社交,社交,0,,,6,2026-03-20 14:32:28,2026-03-20 14:32:28,2026-03-20 14:32:28
1016,2024-05-31,99.5,椒盐聚餐,和椒盐伙伴拍星轨,支出,社交,社交,0,,,6,2026-03-20 14:32:28,2026-03-20 14:32:28,2026-03-20 14:32:28
1015,2024-05-31,160.0,靠背椅,和椒盐伙伴拍星轨,支出,生活支出,生活支出,0,,,6,2026-03-20 14:32:28,2026-03-20 14:32:28,2026-03-20 14:32:28
1025,2024-05-27,244.7,请吃饭,和江中宇和她对象吃饭，说银行值得一试，不错。小宝来姨妈，42天,支出,社交,社交,0,,,6,2026-03-20 14:32:28,2026-03-20 14:32:28,2026-03-20 14:32:28
1027,2024-05-26,31.5,悦学姐水果,GA-TSP问题挺有意思，为什么TSP问题是一个NP难问题呢？怎么判断一个问题能在多项式时间内找到最优解（NP完全）？,支出,亲友转账,亲友转账,0,,,6,2026-03-20 14:32:28,2026-03-20 14:32:28,2026-03-20 14:32:28
1026,2024-05-26,60.0,鹦鹉饲料,GA-TSP问题挺有意思，为什么TSP问题是一个NP难问题呢？怎么判断一个问题能在多项式时间内找到最优解（NP完全）？,支出,生活支出,生活支出,0,,,6,2026-03-20 14:32:28,2026-03-20 14:32:28,2026-03-20 14:32:28
1029,2024-05-24,85.0,晚餐,周五，下午大众面试，感觉挺有希望，晚上和安琪和抱抱和宇哥吃烧烤,支出,食品饮料,食品饮料,0,,,6,2026-03-20 14:32:28,2026-03-20 14:32:28,2026-03-20 14:32:28
1028,2024-05-24,37.0,早餐,周五，下午大众面试，感觉挺有希望，晚上和安琪和抱抱和宇哥吃烧烤,支出,食品饮料,食品饮料,0,,,6,2026-03-20 14:32:28,2026-03-20 14:32:28,2026-03-20 14:32:28
1032,2024-05-23,36.6,水果,,支出,食品饮料,食品饮料,0,,,6,2026-03-20 14:32:28,2026-03-20 14:32:28,2026-03-20 14:32:28
1031,2024-05-23,55.8,晚餐,,支出,食品饮料,食品饮料,0,,,6,2026-03-20 14:32:28,2026-03-20 14:32:28,2026-03-20 14:32:28
1030,2024-05-23,400.0,妈,,收入,亲友转账,亲友转账,0,,,6,2026-03-20 14:32:28,2026-03-20 14:32:28,2026-03-20 14:32:28
1033,2024-05-22,62.0,午餐,周三，雀巢发offer了，考虑通勤和收益，放弃雀巢，下午面试unity的运营岗，感觉还行但是面试官只给打75-80分？,支出,食品饮料,食品饮料,0,,,6,2026-03-20 14:32:28,2026-03-20 14:32:28,2026-03-20 14:32:28
1037,2024-05-21,400.0,悦学姐转账,雀巢面试，体验很好，晚上住笠岩,支出,亲友转账,亲友转账,0,,,6,2026-03-20 14:32:28,2026-03-20 14:32:28,2026-03-20 14:32:28
1036,2024-05-21,28.7,水果,雀巢面试，体验很好，晚上住笠岩,支出,食品饮料,食品饮料,0,,,6,2026-03-20 14:32:28,2026-03-20 14:32:28,2026-03-20 14:32:28
1035,2024-05-21,27.0,晚餐,雀巢面试，体验很好，晚上住笠岩,支出,食品饮料,食品饮料,0,,,6,2026-03-20 14:32:28,2026-03-20 14:32:28,2026-03-20 14:32:28
1034,2024-05-21,256.0,酒店,雀巢面试，体验很好，晚上住笠岩,支出,住宿,住宿,0,,,6,2026-03-20 14:32:28,2026-03-20 14:32:28,2026-03-20 14:32:28
1042,2024-05-20,29.0,吹风机,和小宝吃火炉火，下午学习power bi,支出,生活支出,生活支出,0,,,6,2026-03-20 14:32:28,2026-03-20 14:32:28,2026-03-20 14:32:28
1041,2024-05-20,14.5,晚餐,和小宝吃火炉火，下午学习power bi,支出,食品饮料,食品饮料,0,,,6,2026-03-20 14:32:28,2026-03-20 14:32:28,2026-03-20 14:32:28
1040,2024-05-20,14.5,晚餐,和小宝吃火炉火，下午学习power bi,支出,食品饮料,食品饮料,0,,,6,2026-03-20 14:32:28,2026-03-20 14:32:28,2026-03-20 14:32:28
1039,2024-05-20,14.5,晚餐,和小宝吃火炉火，下午学习power bi,支出,食品饮料,食品饮料,0,,,6,2026-03-20 14:32:28,2026-03-20 14:32:28,2026-03-20 14:32:28
1038,2024-05-20,200.0,午餐,和小宝吃火炉火，下午学习power bi,支出,食品饮料,食品饮料,0,,,6,2026-03-20 14:32:28,2026-03-20 14:32:28,2026-03-20 14:32:28
1045,2024-05-19,208.3,哈尔滨特产肠和奶疙瘩,周天返程,支出,食品饮料,食品饮料,0,,,6,2026-03-20 14:32:28,2026-03-20 14:32:28,2026-03-20 14:32:28
1044,2024-05-19,9.0,午晚餐,周天返程,支出,食品饮料,食品饮料,0,,,6,2026-03-20 14:32:28,2026-03-20 14:32:28,2026-03-20 14:32:28
1043,2024-05-19,28.0,给宇哥买烟,周天返程,支出,社交,社交,0,,,6,2026-03-20 14:32:28,2026-03-20 14:32:28,2026-03-20 14:32:28
1047,2024-05-18,111.48,餐饮,周六比赛，哈工程真气派,支出,食品饮料,食品饮料,0,,,6,2026-03-20 14:32:28,2026-03-20 14:32:28,2026-03-20 14:32:28
1046,2024-05-18,15.0,交通,周六比赛，哈工程真气派,支出,交通,交通,0,,,6,2026-03-20 14:32:28,2026-03-20 14:32:28,2026-03-20 14:32:28
1049,2024-05-17,65.73,餐饮,周五到哈尔滨，不怎么咳了,支出,食品饮料,食品饮料,0,,,6,2026-03-20 14:32:28,2026-03-20 14:32:28,2026-03-20 14:32:28
1048,2024-05-17,666.0,爸,周五到哈尔滨，不怎么咳了,收入,亲友转账,亲友转账,0,,,6,2026-03-20 14:32:28,2026-03-20 14:32:28,2026-03-20 14:32:28
1050,2024-05-16,6.5,中特资料,周四尿检，还是一个蛋白，130红细胞，喝强力枇杷露，效果感觉还挺好,支出,学习/培训/办公,学习/培训/办公,0,,,6,2026-03-20 14:32:28,2026-03-20 14:32:28,2026-03-20 14:32:28
1051,2024-05-15,2000.0,妈,周三离职,收入,亲友转账,亲友转账,0,,,6,2026-03-20 14:32:28,2026-03-20 14:32:28,2026-03-20 14:32:28
1052,2024-05-14,207.0,酒店,周二,支出,住宿,住宿,0,,,6,2026-03-20 14:32:28,2026-03-20 14:32:28,2026-03-20 14:32:28
1053,2024-05-12,200.0,悦学姐,班风大赛，终于搞定了,收入,亲友转账,亲友转账,0,,,6,2026-03-20 14:32:28,2026-03-20 14:32:28,2026-03-20 14:32:28
1054,2024-05-10,5000.0,悦学姐疫苗钱,周五，提离职，小宝的旧电脑可以卖1450左右，购入价是4500左右，再补3k就行啦，小宝不让我补贴，那我先给她付疫苗钱吧,支出,亲友转账,亲友转账,0,,,6,2026-03-20 14:32:28,2026-03-20 14:32:28,2026-03-20 14:32:28
1055,2024-05-07,200.0,给文豪挑一款相机，还剩下,给文豪挑一款相机，还剩下200块钱,收入,亲友转账,亲友转账,0,,,6,2026-03-20 14:32:28,2026-03-20 14:32:28,2026-03-20 14:32:28
1058,2024-05-01,600.0,研究生每月奖学金,,收入,工资,工资,0,,,6,2026-03-20 14:32:28,2026-03-20 14:32:28,2026-03-20 14:32:28
1057,2024-05-01,1000.0,爸-生活费,,收入,亲友转账,亲友转账,0,,,6,2026-03-20 14:32:28,2026-03-20 14:32:28,2026-03-20 14:32:28
1056,2024-05-01,152.5,午餐,,支出,食品饮料,食品饮料,0,,,6,2026-03-20 14:32:28,2026-03-20 14:32:28,2026-03-20 14:32:28
1062,2024-04-30,48.0,零食,,支出,食品饮料,食品饮料,0,,,6,2026-03-20 14:32:28,2026-03-20 14:32:28,2026-03-20 14:32:28
1061,2024-04-30,250.0,酒店,,支出,住宿,住宿,0,,,6,2026-03-20 14:32:28,2026-03-20 14:32:28,2026-03-20 14:32:28
1060,2024-04-30,74.0,晚餐,,支出,食品饮料,食品饮料,0,,,6,2026-03-20 14:32:28,2026-03-20 14:32:28,2026-03-20 14:32:28
1059,2024-04-30,17.0,午餐,,支出,食品饮料,食品饮料,0,,,6,2026-03-20 14:32:28,2026-03-20 14:32:28,2026-03-20 14:32:28
1064,2024-04-29,400.0,充值校园卡,,支出,食品饮料,食品饮料,0,,,6,2026-03-20 14:32:28,2026-03-20 14:32:28,2026-03-20 14:32:28
1063,2024-04-29,2400.0,赛诺菲,,收入,工资,工资,0,,,6,2026-03-20 14:32:28,2026-03-20 14:32:28,2026-03-20 14:32:28
1065,2024-04-26,100.0,充值校园卡,,支出,食品饮料,食品饮料,0,,,6,2026-03-20 14:32:28,2026-03-20 14:32:28,2026-03-20 14:32:28
1070,2024-04-25,80.0,钟点房,,支出,住宿,住宿,0,,,6,2026-03-20 14:32:28,2026-03-20 14:32:28,2026-03-20 14:32:28
1069,2024-04-25,11.0,奶茶,,支出,食品饮料,食品饮料,0,,,6,2026-03-20 14:32:28,2026-03-20 14:32:28,2026-03-20 14:32:28
1068,2024-04-25,20.0,花,,支出,社交,社交,0,,,6,2026-03-20 14:32:28,2026-03-20 14:32:28,2026-03-20 14:32:28
1067,2024-04-25,134.0,晚餐,,支出,食品饮料,食品饮料,0,,,6,2026-03-20 14:32:28,2026-03-20 14:32:28,2026-03-20 14:32:28
1066,2024-04-25,30.0,午餐,,支出,食品饮料,食品饮料,0,,,6,2026-03-20 14:32:28,2026-03-20 14:32:28,2026-03-20 14:32:28
1073,2024-04-24,22.0,午餐,周三,支出,食品饮料,食品饮料,0,,,6,2026-03-20 14:32:28,2026-03-20 14:32:28,2026-03-20 14:32:28
1072,2024-04-24,10.0,交通,周三,支出,交通,交通,0,,,6,2026-03-20 14:32:28,2026-03-20 14:32:28,2026-03-20 14:32:28
1071,2024-04-24,96.5,晚餐,周三,支出,食品饮料,食品饮料,0,,,6,2026-03-20 14:32:28,2026-03-20 14:32:28,2026-03-20 14:32:28
1077,2024-04-23,90.0,外套,,支出,服饰,服饰,0,,,6,2026-03-20 14:32:28,2026-03-20 14:32:28,2026-03-20 14:32:28
1076,2024-04-23,77.0,晚餐,,支出,食品饮料,食品饮料,0,,,6,2026-03-20 14:32:28,2026-03-20 14:32:28,2026-03-20 14:32:28
1075,2024-04-23,53.0,午餐,,支出,食品饮料,食品饮料,0,,,6,2026-03-20 14:32:28,2026-03-20 14:32:28,2026-03-20 14:32:28
1074,2024-04-23,60.0,改腰,,支出,服饰,服饰,0,,,6,2026-03-20 14:32:28,2026-03-20 14:32:28,2026-03-20 14:32:28
1079,2024-04-22,10.0,交通,经管学院一对一就业教练,支出,交通,交通,0,,,6,2026-03-20 14:32:28,2026-03-20 14:32:28,2026-03-20 14:32:28
1078,2024-04-22,20.0,午餐,经管学院一对一就业教练,支出,食品饮料,食品饮料,0,,,6,2026-03-20 14:32:28,2026-03-20 14:32:28,2026-03-20 14:32:28
1082,2024-04-21,55.0,正大杯报告,正大杯答辩，进入国赛！北工商正大杯，拿下，哈尔滨我来了,支出,学习/培训/办公,学习/培训/办公,0,,,6,2026-03-20 14:32:28,2026-03-20 14:32:28,2026-03-20 14:32:28
1081,2024-04-21,70.0,晚餐,正大杯答辩，进入国赛！北工商正大杯，拿下，哈尔滨我来了,支出,食品饮料,食品饮料,0,,,6,2026-03-20 14:32:28,2026-03-20 14:32:28,2026-03-20 14:32:28
1080,2024-04-21,66.0,午餐,正大杯答辩，进入国赛！北工商正大杯，拿下，哈尔滨我来了,支出,食品饮料,食品饮料,0,,,6,2026-03-20 14:32:28,2026-03-20 14:32:28,2026-03-20 14:32:28
1085,2024-04-20,193.0,韬老师水果+礼物,周六，去韬老师家吃饭，晚上在北工商旁边住，准备第二天的答辩，韬老师家的羊排太香了，悦姐荨麻疹！！,支出,社交,社交,0,,,6,2026-03-20 14:32:28,2026-03-20 14:32:28,2026-03-20 14:32:28
1084,2024-04-20,141.0,酒店,周六，去韬老师家吃饭，晚上在北工商旁边住，准备第二天的答辩，韬老师家的羊排太香了，悦姐荨麻疹！！,支出,住宿,住宿,0,,,6,2026-03-20 14:32:28,2026-03-20 14:32:28,2026-03-20 14:32:28
1083,2024-04-20,50.0,交通,周六，去韬老师家吃饭，晚上在北工商旁边住，准备第二天的答辩，韬老师家的羊排太香了，悦姐荨麻疹！！,支出,交通,交通,0,,,6,2026-03-20 14:32:28,2026-03-20 14:32:28,2026-03-20 14:32:28
1087,2024-04-19,125.0,晚餐,,支出,食品饮料,食品饮料,0,,,6,2026-03-20 14:32:28,2026-03-20 14:32:28,2026-03-20 14:32:28
1086,2024-04-19,25.0,午餐,,支出,食品饮料,食品饮料,0,,,6,2026-03-20 14:32:28,2026-03-20 14:32:28,2026-03-20 14:32:28
1089,2024-04-13,270.0,椒盐,院优秀团员！春季视频大女主！最近两周压力巨大，即将结课，课程报告很多，加上春季视频负责人很耗心血，加上公司最近被派的活越来越多，加上导师让反复修调研报告，加上要抽时间陪悦姐，收陈叔500块，帮忙处理论文代写的开题报告部分,收入,工资,工资,0,,,6,2026-03-20 14:32:28,2026-03-20 14:32:28,2026-03-20 14:32:28
1088,2024-04-13,500.0,陈叔,院优秀团员！春季视频大女主！最近两周压力巨大，即将结课，课程报告很多，加上春季视频负责人很耗心血，加上公司最近被派的活越来越多，加上导师让反复修调研报告，加上要抽时间陪悦姐，收陈叔500块，帮忙处理论文代写的开题报告部分,收入,工资,工资,0,,,6,2026-03-20 14:32:28,2026-03-20 14:32:28,2026-03-20 14:32:28
1092,2024-04-07,12.0,花,周天,支出,社交,社交,0,,,6,2026-03-20 14:32:28,2026-03-20 14:32:28,2026-03-20 14:32:28
1091,2024-04-07,75.0,午餐,周天,支出,食品饮料,食品饮料,0,,,6,2026-03-20 14:32:28,2026-03-20 14:32:28,2026-03-20 14:32:28
1090,2024-04-07,10.0,交通,周天,支出,交通,交通,0,,,6,2026-03-20 14:32:28,2026-03-20 14:32:28,2026-03-20 14:32:28
1094,2024-04-06,15.0,麻将,周六,支出,娱乐/运动,娱乐/运动,0,,,6,2026-03-20 14:32:28,2026-03-20 14:32:28,2026-03-20 14:32:28
1093,2024-04-06,77.0,晚餐,周六,支出,食品饮料,食品饮料,0,,,6,2026-03-20 14:32:28,2026-03-20 14:32:28,2026-03-20 14:32:28
1098,2024-04-05,70.99,水果,周五，中午坐大巴返回市区,支出,食品饮料,食品饮料,0,,,6,2026-03-20 14:32:28,2026-03-20 14:32:28,2026-03-20 14:32:28
1097,2024-04-05,23.34,打车,周五，中午坐大巴返回市区,支出,交通,交通,0,,,6,2026-03-20 14:32:28,2026-03-20 14:32:28,2026-03-20 14:32:28
1096,2024-04-05,13.0,水,周五，中午坐大巴返回市区,支出,食品饮料,食品饮料,0,,,6,2026-03-20 14:32:28,2026-03-20 14:32:28,2026-03-20 14:32:28
1095,2024-04-05,96.0,返程大巴,周五，中午坐大巴返回市区,支出,交通,交通,0,,,6,2026-03-20 14:32:28,2026-03-20 14:32:28,2026-03-20 14:32:28
1100,2024-04-04,246.0,住宿,,支出,住宿,住宿,0,,,6,2026-03-20 14:32:28,2026-03-20 14:32:28,2026-03-20 14:32:28
1099,2024-04-04,106.3,晚餐,,支出,食品饮料,食品饮料,0,,,6,2026-03-20 14:32:28,2026-03-20 14:32:28,2026-03-20 14:32:28
1106,2024-04-03,68.0,帽子,周三,支出,服饰,服饰,0,,,6,2026-03-20 14:32:28,2026-03-20 14:32:28,2026-03-20 14:32:28
1105,2024-04-03,30.0,鹦鹉🦜,周三,支出,生活支出,生活支出,0,,,6,2026-03-20 14:32:28,2026-03-20 14:32:28,2026-03-20 14:32:28
1104,2024-04-03,484.0,酒店,周三,支出,住宿,住宿,0,,,6,2026-03-20 14:32:28,2026-03-20 14:32:28,2026-03-20 14:32:28
1103,2024-04-03,52.0,泳裤,周三,支出,服饰,服饰,0,,,6,2026-03-20 14:32:28,2026-03-20 14:32:28,2026-03-20 14:32:28
1102,2024-04-03,178.0,晚餐,周三,支出,食品饮料,食品饮料,0,,,6,2026-03-20 14:32:28,2026-03-20 14:32:28,2026-03-20 14:32:28
1101,2024-04-03,39.0,午餐,周三,支出,食品饮料,食品饮料,0,,,6,2026-03-20 14:32:28,2026-03-20 14:32:28,2026-03-20 14:32:28
1111,2024-04-02,118.0,酒店,周二，中午坐火车去古北水镇,支出,住宿,住宿,0,,,6,2026-03-20 14:32:28,2026-03-20 14:32:28,2026-03-20 14:32:28
1110,2024-04-02,111.0,超市,周二，中午坐火车去古北水镇,支出,生活支出,生活支出,0,,,6,2026-03-20 14:32:28,2026-03-20 14:32:28,2026-03-20 14:32:28
1109,2024-04-02,227.0,晚餐,周二，中午坐火车去古北水镇,支出,食品饮料,食品饮料,0,,,6,2026-03-20 14:32:28,2026-03-20 14:32:28,2026-03-20 14:32:28
1108,2024-04-02,30.0,交通,周二，中午坐火车去古北水镇,支出,交通,交通,0,,,6,2026-03-20 14:32:28,2026-03-20 14:32:28,2026-03-20 14:32:28
1107,2024-04-02,42.0,午餐,周二，中午坐火车去古北水镇,支出,食品饮料,食品饮料,0,,,6,2026-03-20 14:32:28,2026-03-20 14:32:28,2026-03-20 14:32:28
1116,2024-04-01,600.0,研究生每月奖学金,周一,收入,工资,工资,0,,,6,2026-03-20 14:32:28,2026-03-20 14:32:28,2026-03-20 14:32:28
1115,2024-04-01,1000.0,爸-生活费,周一,收入,亲友转账,亲友转账,0,,,6,2026-03-20 14:32:28,2026-03-20 14:32:28,2026-03-20 14:32:28
1114,2024-04-01,60.0,避孕套,周一,支出,娱乐/运动,娱乐/运动,0,,,6,2026-03-20 14:32:28,2026-03-20 14:32:28,2026-03-20 14:32:28
1113,2024-04-01,20.0,交通,周一,支出,交通,交通,0,,,6,2026-03-20 14:32:28,2026-03-20 14:32:28,2026-03-20 14:32:28
1112,2024-04-01,38.0,午餐,周一,支出,食品饮料,食品饮料,0,,,6,2026-03-20 14:32:28,2026-03-20 14:32:28,2026-03-20 14:32:28
1117,2024-03-31,54.0,晚餐,,支出,食品饮料,食品饮料,0,,,6,2026-03-20 14:32:28,2026-03-20 14:32:28,2026-03-20 14:32:28
1119,2024-03-30,80.0,玩偶,,支出,社交,社交,0,,,6,2026-03-20 14:32:28,2026-03-20 14:32:28,2026-03-20 14:32:28
1118,2024-03-30,46.0,晚餐,,支出,食品饮料,食品饮料,0,,,6,2026-03-20 14:32:28,2026-03-20 14:32:28,2026-03-20 14:32:28
1122,2024-03-29,10.0,交通,周五,支出,交通,交通,0,,,6,2026-03-20 14:32:28,2026-03-20 14:32:28,2026-03-20 14:32:28
1121,2024-03-29,36.0,午餐,周五,支出,食品饮料,食品饮料,0,,,6,2026-03-20 14:32:28,2026-03-20 14:32:28,2026-03-20 14:32:28
1120,2024-03-29,110.0,晚餐,周五,支出,食品饮料,食品饮料,0,,,6,2026-03-20 14:32:28,2026-03-20 14:32:28,2026-03-20 14:32:28
1124,2024-03-28,86.0,晚餐,周四,支出,食品饮料,食品饮料,0,,,6,2026-03-20 14:32:28,2026-03-20 14:32:28,2026-03-20 14:32:28
1123,2024-03-28,80.0,悦学姐水果,周四,支出,食品饮料,食品饮料,0,,,6,2026-03-20 14:32:28,2026-03-20 14:32:28,2026-03-20 14:32:28
1127,2024-03-27,23.0,晚餐,周三,支出,食品饮料,食品饮料,0,,,6,2026-03-20 14:32:28,2026-03-20 14:32:28,2026-03-20 14:32:28
1126,2024-03-27,520.0,悦学姐,周三,支出,亲友转账,亲友转账,0,,,6,2026-03-20 14:32:28,2026-03-20 14:32:28,2026-03-20 14:32:28
1125,2024-03-27,2250.0,赛诺菲工资,周三,收入,工资,工资,0,,,6,2026-03-20 14:32:28,2026-03-20 14:32:28,2026-03-20 14:32:28
1130,2024-03-26,10.0,交通,周二,支出,交通,交通,0,,,6,2026-03-20 14:32:28,2026-03-20 14:32:28,2026-03-20 14:32:28
1129,2024-03-26,18.0,午餐,周二,支出,食品饮料,食品饮料,0,,,6,2026-03-20 14:32:28,2026-03-20 14:32:28,2026-03-20 14:32:28
1128,2024-03-26,6.0,晚餐,周二,支出,食品饮料,食品饮料,0,,,6,2026-03-20 14:32:28,2026-03-20 14:32:28,2026-03-20 14:32:28
1132,2024-03-25,36.0,午餐,周一,支出,食品饮料,食品饮料,0,,,6,2026-03-20 14:32:28,2026-03-20 14:32:28,2026-03-20 14:32:28
1131,2024-03-25,20.0,交通,周一,支出,交通,交通,0,,,6,2026-03-20 14:32:28,2026-03-20 14:32:28,2026-03-20 14:32:28
1134,2024-03-24,326.0,吃饭,周天,支出,食品饮料,食品饮料,0,,,6,2026-03-20 14:32:28,2026-03-20 14:32:28,2026-03-20 14:32:28
1133,2024-03-24,240.0,酒店,周天,支出,住宿,住宿,0,,,6,2026-03-20 14:32:28,2026-03-20 14:32:28,2026-03-20 14:32:28
1136,2024-03-23,86.0,吃饭,周六,支出,食品饮料,食品饮料,0,,,6,2026-03-20 14:32:28,2026-03-20 14:32:28,2026-03-20 14:32:28
1135,2024-03-23,265.0,酒店,周六,支出,住宿,住宿,0,,,6,2026-03-20 14:32:28,2026-03-20 14:32:28,2026-03-20 14:32:28
1138,2024-03-21,6.0,洗衣服,周四,支出,生活支出,生活支出,0,,,6,2026-03-20 14:32:28,2026-03-20 14:32:28,2026-03-20 14:32:28
1137,2024-03-21,32.0,交通,周四,支出,交通,交通,0,,,6,2026-03-20 14:32:28,2026-03-20 14:32:28,2026-03-20 14:32:28
1141,2024-03-20,25.0,晚餐,周三,支出,食品饮料,食品饮料,0,,,6,2026-03-20 14:32:28,2026-03-20 14:32:28,2026-03-20 14:32:28
1140,2024-03-20,25.0,午餐,周三,支出,食品饮料,食品饮料,0,,,6,2026-03-20 14:32:28,2026-03-20 14:32:28,2026-03-20 14:32:28
1139,2024-03-20,10.0,交通,周三,支出,交通,交通,0,,,6,2026-03-20 14:32:28,2026-03-20 14:32:28,2026-03-20 14:32:28
1143,2024-03-19,20.0,午餐,周二,支出,食品饮料,食品饮料,0,,,6,2026-03-20 14:32:28,2026-03-20 14:32:28,2026-03-20 14:32:28
1142,2024-03-19,10.0,交通,周二,支出,交通,交通,0,,,6,2026-03-20 14:32:28,2026-03-20 14:32:28,2026-03-20 14:32:28
1145,2024-03-18,10.0,交通,,支出,交通,交通,0,,,6,2026-03-20 14:32:28,2026-03-20 14:32:28,2026-03-20 14:32:28
1144,2024-03-18,41.5,午餐,,支出,食品饮料,食品饮料,0,,,6,2026-03-20 14:32:28,2026-03-20 14:32:28,2026-03-20 14:32:28
1147,2024-03-17,40.0,交通,周日,支出,交通,交通,0,,,6,2026-03-20 14:32:28,2026-03-20 14:32:28,2026-03-20 14:32:28
1146,2024-03-17,45.0,午餐,周日,支出,食品饮料,食品饮料,0,,,6,2026-03-20 14:32:28,2026-03-20 14:32:28,2026-03-20 14:32:28
1155,2024-03-16,1000.0,爸-生活费,野生动物园,收入,亲友转账,亲友转账,0,,,6,2026-03-20 14:32:28,2026-03-20 14:32:28,2026-03-20 14:32:28
1154,2024-03-16,30.0,交通,野生动物园,支出,交通,交通,0,,,6,2026-03-20 14:32:28,2026-03-20 14:32:28,2026-03-20 14:32:28
1153,2024-03-16,106.0,晚餐,野生动物园,支出,食品饮料,食品饮料,0,,,6,2026-03-20 14:32:28,2026-03-20 14:32:28,2026-03-20 14:32:28
1152,2024-03-16,100.0,午餐,野生动物园,支出,食品饮料,食品饮料,0,,,6,2026-03-20 14:32:28,2026-03-20 14:32:28,2026-03-20 14:32:28
1151,2024-03-16,110.0,酒店,野生动物园,支出,住宿,住宿,0,,,6,2026-03-20 14:32:28,2026-03-20 14:32:28,2026-03-20 14:32:28
1150,2024-03-16,24.0,早餐,野生动物园,支出,食品饮料,食品饮料,0,,,6,2026-03-20 14:32:28,2026-03-20 14:32:28,2026-03-20 14:32:28
1149,2024-03-16,24.0,超市,野生动物园,支出,生活支出,生活支出,0,,,6,2026-03-20 14:32:28,2026-03-20 14:32:28,2026-03-20 14:32:28
1148,2024-03-16,6.0,蔬菜,野生动物园,支出,娱乐/运动,娱乐/运动,0,,,6,2026-03-20 14:32:28,2026-03-20 14:32:28,2026-03-20 14:32:28
1157,2024-03-15,142.0,晚餐,周五,支出,食品饮料,食品饮料,0,,,6,2026-03-20 14:32:28,2026-03-20 14:32:28,2026-03-20 14:32:28
1156,2024-03-15,40.0,午餐,周五,支出,食品饮料,食品饮料,0,,,6,2026-03-20 14:32:28,2026-03-20 14:32:28,2026-03-20 14:32:28
1158,2024-03-14,202.0,晚餐,周四海底捞,支出,食品饮料,食品饮料,0,,,6,2026-03-20 14:32:28,2026-03-20 14:32:28,2026-03-20 14:32:28
1162,2024-03-13,60.0,袜子,,支出,服饰,服饰,0,,,6,2026-03-20 14:32:28,2026-03-20 14:32:28,2026-03-20 14:32:28
1161,2024-03-13,26.5,洗衣液,,支出,生活支出,生活支出,0,,,6,2026-03-20 14:32:28,2026-03-20 14:32:28,2026-03-20 14:32:28
1160,2024-03-13,38.5,午餐,,支出,食品饮料,食品饮料,0,,,6,2026-03-20 14:32:28,2026-03-20 14:32:28,2026-03-20 14:32:28
1159,2024-03-13,10.0,交通,,支出,交通,交通,0,,,6,2026-03-20 14:32:28,2026-03-20 14:32:28,2026-03-20 14:32:28
1166,2024-03-12,23.0,晚餐,,支出,食品饮料,食品饮料,0,,,6,2026-03-20 14:32:28,2026-03-20 14:32:28,2026-03-20 14:32:28
1165,2024-03-12,100.0,代课,,支出,生活支出,生活支出,0,,,6,2026-03-20 14:32:28,2026-03-20 14:32:28,2026-03-20 14:32:28
1164,2024-03-12,36.2,午餐,,支出,食品饮料,食品饮料,0,,,6,2026-03-20 14:32:28,2026-03-20 14:32:28,2026-03-20 14:32:28
1163,2024-03-12,10.0,交通,,支出,交通,交通,0,,,6,2026-03-20 14:32:28,2026-03-20 14:32:28,2026-03-20 14:32:28
1170,2024-03-11,270.0,酱牛肉,,支出,食品饮料,食品饮料,0,,,6,2026-03-20 14:32:28,2026-03-20 14:32:28,2026-03-20 14:32:28
1169,2024-03-11,25.0,晚餐,,支出,食品饮料,食品饮料,0,,,6,2026-03-20 14:32:28,2026-03-20 14:32:28,2026-03-20 14:32:28
1168,2024-03-11,10.0,交通,,支出,交通,交通,0,,,6,2026-03-20 14:32:28,2026-03-20 14:32:28,2026-03-20 14:32:28
1167,2024-03-11,40.0,午餐,,支出,食品饮料,食品饮料,0,,,6,2026-03-20 14:32:28,2026-03-20 14:32:28,2026-03-20 14:32:28
1172,2024-03-10,42.0,午餐,,支出,食品饮料,食品饮料,0,,,6,2026-03-20 14:32:28,2026-03-20 14:32:28,2026-03-20 14:32:28
1171,2024-03-10,720.0,椒盐1.2月工资,,收入,工资,工资,0,,,6,2026-03-20 14:32:28,2026-03-20 14:32:28,2026-03-20 14:32:28
1173,2024-03-09,46.5,动物园+交通,,支出,交通,交通,0,,,6,2026-03-20 14:32:28,2026-03-20 14:32:28,2026-03-20 14:32:28
1177,2024-03-08,100.0,悦学姐红包,,支出,亲友转账,亲友转账,0,,,6,2026-03-20 14:32:28,2026-03-20 14:32:28,2026-03-20 14:32:28
1176,2024-03-08,14.0,交通,,支出,交通,交通,0,,,6,2026-03-20 14:32:28,2026-03-20 14:32:28,2026-03-20 14:32:28
1175,2024-03-08,104.0,晚餐,,支出,食品饮料,食品饮料,0,,,6,2026-03-20 14:32:28,2026-03-20 14:32:28,2026-03-20 14:32:28
1174,2024-03-08,60.0,午餐,,支出,食品饮料,食品饮料,0,,,6,2026-03-20 14:32:28,2026-03-20 14:32:28,2026-03-20 14:32:28
1182,2024-03-06,37.8,牛奶椰汁,Mary学姐介绍的兼职收入300r,支出,食品饮料,食品饮料,0,,,6,2026-03-20 14:32:28,2026-03-20 14:32:28,2026-03-20 14:32:28
1181,2024-03-06,300.0,兼职,Mary学姐介绍的兼职收入300r,收入,工资,工资,0,,,6,2026-03-20 14:32:28,2026-03-20 14:32:28,2026-03-20 14:32:28
1180,2024-03-06,19.0,晚餐,Mary学姐介绍的兼职收入300r,支出,食品饮料,食品饮料,0,,,6,2026-03-20 14:32:28,2026-03-20 14:32:28,2026-03-20 14:32:28
1179,2024-03-06,32.0,午餐,Mary学姐介绍的兼职收入300r,支出,食品饮料,食品饮料,0,,,6,2026-03-20 14:32:28,2026-03-20 14:32:28,2026-03-20 14:32:28
1178,2024-03-06,10.0,交通,Mary学姐介绍的兼职收入300r,支出,交通,交通,0,,,6,2026-03-20 14:32:28,2026-03-20 14:32:28,2026-03-20 14:32:28
1185,2024-03-05,50.0,代课,周二,支出,生活支出,生活支出,0,,,6,2026-03-20 14:32:28,2026-03-20 14:32:28,2026-03-20 14:32:28
1184,2024-03-05,10.0,交通,周二,支出,交通,交通,0,,,6,2026-03-20 14:32:28,2026-03-20 14:32:28,2026-03-20 14:32:28
1183,2024-03-05,25.5,午餐,周二,支出,食品饮料,食品饮料,0,,,6,2026-03-20 14:32:28,2026-03-20 14:32:28,2026-03-20 14:32:28
1188,2024-03-04,10.0,交通,,支出,交通,交通,0,,,6,2026-03-20 14:32:28,2026-03-20 14:32:28,2026-03-20 14:32:28
1187,2024-03-04,19.0,晚餐,,支出,食品饮料,食品饮料,0,,,6,2026-03-20 14:32:28,2026-03-20 14:32:28,2026-03-20 14:32:28
1186,2024-03-04,25.0,午餐,,支出,食品饮料,食品饮料,0,,,6,2026-03-20 14:32:28,2026-03-20 14:32:28,2026-03-20 14:32:28
1190,2024-03-03,36.9,面包,周六，身上紫癜红点增多，出现在大腿根，手肘，胸大肌，肱三头肌处￼,支出,食品饮料,食品饮料,0,,,6,2026-03-20 14:32:28,2026-03-20 14:32:28,2026-03-20 14:32:28
1189,2024-03-03,128.0,靴子,周六，身上紫癜红点增多，出现在大腿根，手肘，胸大肌，肱三头肌处￼,支出,服饰,服饰,0,,,6,2026-03-20 14:32:28,2026-03-20 14:32:28,2026-03-20 14:32:28
1192,2024-03-02,242.0,酒店,,支出,住宿,住宿,0,,,6,2026-03-20 14:32:28,2026-03-20 14:32:28,2026-03-20 14:32:28
1191,2024-03-02,100.2,晚餐,,支出,食品饮料,食品饮料,0,,,6,2026-03-20 14:32:28,2026-03-20 14:32:28,2026-03-20 14:32:28
1197,2024-03-01,600.0,研究生每月奖学金,周五,收入,工资,工资,0,,,6,2026-03-20 14:32:28,2026-03-20 14:32:28,2026-03-20 14:32:28
1196,2024-03-01,20.0,校园网,周五,支出,虚拟充值/通讯,虚拟充值/通讯,0,,,6,2026-03-20 14:32:28,2026-03-20 14:32:28,2026-03-20 14:32:28
1195,2024-03-01,22.0,晚餐,周五,支出,食品饮料,食品饮料,0,,,6,2026-03-20 14:32:28,2026-03-20 14:32:28,2026-03-20 14:32:28
1194,2024-03-01,20.0,午餐,周五,支出,食品饮料,食品饮料,0,,,6,2026-03-20 14:32:28,2026-03-20 14:32:28,2026-03-20 14:32:28
1193,2024-03-01,10.0,交通,周五,支出,交通,交通,0,,,6,2026-03-20 14:32:28,2026-03-20 14:32:28,2026-03-20 14:32:28
1199,2024-02-29,30.0,午餐,,支出,食品饮料,食品饮料,0,,,6,2026-03-20 14:32:28,2026-03-20 14:32:28,2026-03-20 14:32:28
1198,2024-02-29,10.0,交通,,支出,交通,交通,0,,,6,2026-03-20 14:32:28,2026-03-20 14:32:28,2026-03-20 14:32:28
1203,2024-02-28,1000.0,妈,,收入,亲友转账,亲友转账,0,,,6,2026-03-20 14:32:28,2026-03-20 14:32:28,2026-03-20 14:32:28
1202,2024-02-28,10.0,晚餐,,支出,食品饮料,食品饮料,0,,,6,2026-03-20 14:32:28,2026-03-20 14:32:28,2026-03-20 14:32:28
1201,2024-02-28,21.5,午餐,,支出,食品饮料,食品饮料,0,,,6,2026-03-20 14:32:28,2026-03-20 14:32:28,2026-03-20 14:32:28
1200,2024-02-28,10.0,交通,,支出,交通,交通,0,,,6,2026-03-20 14:32:28,2026-03-20 14:32:28,2026-03-20 14:32:28
1206,2024-02-27,10.0,交通,小青下蛋,支出,交通,交通,0,,,6,2026-03-20 14:32:28,2026-03-20 14:32:28,2026-03-20 14:32:28
1205,2024-02-27,20.0,晚餐,小青下蛋,支出,食品饮料,食品饮料,0,,,6,2026-03-20 14:32:28,2026-03-20 14:32:28,2026-03-20 14:32:28
1204,2024-02-27,21.5,午餐,小青下蛋,支出,食品饮料,食品饮料,0,,,6,2026-03-20 14:32:28,2026-03-20 14:32:28,2026-03-20 14:32:28
1209,2024-02-26,17.0,晚餐,周一上班，开学第一天,支出,食品饮料,食品饮料,0,,,6,2026-03-20 14:32:28,2026-03-20 14:32:28,2026-03-20 14:32:28
1208,2024-02-26,21.5,午餐,周一上班，开学第一天,支出,食品饮料,食品饮料,0,,,6,2026-03-20 14:32:28,2026-03-20 14:32:28,2026-03-20 14:32:28
1207,2024-02-26,10.0,交通,周一上班，开学第一天,支出,交通,交通,0,,,6,2026-03-20 14:32:28,2026-03-20 14:32:28,2026-03-20 14:32:28
1213,2024-02-25,105.0,晚餐,周天，医院急诊尿检,支出,食品饮料,食品饮料,0,,,6,2026-03-20 14:32:28,2026-03-20 14:32:28,2026-03-20 14:32:28
1212,2024-02-25,47.0,鼠标,周天，医院急诊尿检,支出,生活支出,生活支出,0,,,6,2026-03-20 14:32:28,2026-03-20 14:32:28,2026-03-20 14:32:28
1211,2024-02-25,46.5,午餐,周天，医院急诊尿检,支出,食品饮料,食品饮料,0,,,6,2026-03-20 14:32:28,2026-03-20 14:32:28,2026-03-20 14:32:28
1210,2024-02-25,26.8,交通,周天，医院急诊尿检,支出,交通,交通,0,,,6,2026-03-20 14:32:28,2026-03-20 14:32:28,2026-03-20 14:32:28
1218,2024-02-24,196.0,酒店,周六，和邓鹏远和邓铭月聚餐，攀岩,支出,住宿,住宿,0,,,6,2026-03-20 14:32:28,2026-03-20 14:32:28,2026-03-20 14:32:28
1217,2024-02-24,180.0,社交-请攀岩,周六，和邓鹏远和邓铭月聚餐，攀岩,支出,社交,社交,0,,,6,2026-03-20 14:32:28,2026-03-20 14:32:28,2026-03-20 14:32:28
1216,2024-02-24,180.0,攀岩,周六，和邓鹏远和邓铭月聚餐，攀岩,支出,娱乐/运动,娱乐/运动,0,,,6,2026-03-20 14:32:28,2026-03-20 14:32:28,2026-03-20 14:32:28
1215,2024-02-24,78.5,交通,周六，和邓鹏远和邓铭月聚餐，攀岩,支出,交通,交通,0,,,6,2026-03-20 14:32:28,2026-03-20 14:32:28,2026-03-20 14:32:28
1214,2024-02-24,555.0,午餐,周六，和邓鹏远和邓铭月聚餐，攀岩,支出,食品饮料,食品饮料,0,,,6,2026-03-20 14:32:28,2026-03-20 14:32:28,2026-03-20 14:32:28
1223,2024-02-23,18.5,交通,上班,支出,交通,交通,0,,,6,2026-03-20 14:32:28,2026-03-20 14:32:28,2026-03-20 14:32:28
1222,2024-02-23,200.0,悦学姐,上班,支出,亲友转账,亲友转账,0,,,6,2026-03-20 14:32:28,2026-03-20 14:32:28,2026-03-20 14:32:28
1221,2024-02-23,60.0,悦学姐橘子+花,上班,支出,亲友转账,亲友转账,0,,,6,2026-03-20 14:32:28,2026-03-20 14:32:28,2026-03-20 14:32:28
1220,2024-02-23,10.0,交通,上班,支出,交通,交通,0,,,6,2026-03-20 14:32:28,2026-03-20 14:32:28,2026-03-20 14:32:28
1219,2024-02-23,15.5,晚餐,上班,支出,食品饮料,食品饮料,0,,,6,2026-03-20 14:32:28,2026-03-20 14:32:28,2026-03-20 14:32:28
1227,2024-02-22,10.0,交通,上班,支出,交通,交通,0,,,6,2026-03-20 14:32:28,2026-03-20 14:32:28,2026-03-20 14:32:28
1226,2024-02-22,50.4,晚餐,上班,支出,食品饮料,食品饮料,0,,,6,2026-03-20 14:32:28,2026-03-20 14:32:28,2026-03-20 14:32:28
1225,2024-02-22,137.66,吃的,上班,支出,食品饮料,食品饮料,0,,,6,2026-03-20 14:32:28,2026-03-20 14:32:28,2026-03-20 14:32:28
1224,2024-02-22,200.0,校园卡充值,上班,支出,食品饮料,食品饮料,0,,,6,2026-03-20 14:32:28,2026-03-20 14:32:28,2026-03-20 14:32:28
1232,2024-02-21,10.0,交通,入职赛诺菲，开始实习,支出,交通,交通,0,,,6,2026-03-20 14:32:28,2026-03-20 14:32:28,2026-03-20 14:32:28
1231,2024-02-21,46.5,晚餐,入职赛诺菲，开始实习,支出,食品饮料,食品饮料,0,,,6,2026-03-20 14:32:28,2026-03-20 14:32:28,2026-03-20 14:32:28
1230,2024-02-21,20.0,校园网,入职赛诺菲，开始实习,支出,虚拟充值/通讯,虚拟充值/通讯,0,,,6,2026-03-20 14:32:28,2026-03-20 14:32:28,2026-03-20 14:32:28
1229,2024-02-21,50.0,午餐,入职赛诺菲，开始实习,支出,食品饮料,食品饮料,0,,,6,2026-03-20 14:32:28,2026-03-20 14:32:28,2026-03-20 14:32:28
1228,2024-02-21,3.0,早餐,入职赛诺菲，开始实习,支出,食品饮料,食品饮料,0,,,6,2026-03-20 14:32:28,2026-03-20 14:32:28,2026-03-20 14:32:28
1236,2024-02-20,10.0,洗澡,回校,支出,生活支出,生活支出,0,,,6,2026-03-20 14:32:28,2026-03-20 14:32:28,2026-03-20 14:32:28
1235,2024-02-20,171.0,晚餐,回校,支出,食品饮料,食品饮料,0,,,6,2026-03-20 14:32:28,2026-03-20 14:32:28,2026-03-20 14:32:28
1234,2024-02-20,52.5,早餐,回校,支出,食品饮料,食品饮料,0,,,6,2026-03-20 14:32:28,2026-03-20 14:32:28,2026-03-20 14:32:28
1233,2024-02-20,180.02,交通,回校,支出,交通,交通,0,,,6,2026-03-20 14:32:28,2026-03-20 14:32:28,2026-03-20 14:32:28
1237,2024-02-19,3000.0,妈,,收入,亲友转账,亲友转账,0,,,6,2026-03-20 14:32:28,2026-03-20 14:32:28,2026-03-20 14:32:28
1238,2024-02-01,600.0,研究生每月奖学金,600,收入,工资,工资,0,,,6,2026-03-20 14:32:28,2026-03-20 14:32:28,2026-03-20 14:32:28
1241,2024-01-29,125.5,家庭糕点+巧克力,,支出,食品饮料,食品饮料,0,,,6,2026-03-20 14:32:28,2026-03-20 14:32:28,2026-03-20 14:32:28
1240,2024-01-29,378.0,悦学姐礼物+吃的,,支出,社交,社交,0,,,6,2026-03-20 14:32:28,2026-03-20 14:32:28,2026-03-20 14:32:28
1239,2024-01-29,170.0,悦学姐皮肤,,支出,亲友转账,亲友转账,0,,,6,2026-03-20 14:32:28,2026-03-20 14:32:28,2026-03-20 14:32:28
1243,2024-01-28,15.0,大巴,,支出,交通,交通,0,,,6,2026-03-20 14:32:28,2026-03-20 14:32:28,2026-03-20 14:32:28
1242,2024-01-28,11.0,午餐,,支出,食品饮料,食品饮料,0,,,6,2026-03-20 14:32:28,2026-03-20 14:32:28,2026-03-20 14:32:28
1246,2024-01-27,44.0,打车,紫癜复发！？,支出,交通,交通,0,,,6,2026-03-20 14:32:28,2026-03-20 14:32:28,2026-03-20 14:32:28
1245,2024-01-27,27.0,午餐晚餐,紫癜复发！？,支出,食品饮料,食品饮料,0,,,6,2026-03-20 14:32:28,2026-03-20 14:32:28,2026-03-20 14:32:28
1244,2024-01-27,80.5,亲戚小孩奥特曼,紫癜复发！？,支出,社交,社交,0,,,6,2026-03-20 14:32:28,2026-03-20 14:32:28,2026-03-20 14:32:28
1249,2024-01-26,8.0,晚餐,,支出,食品饮料,食品饮料,0,,,6,2026-03-20 14:32:28,2026-03-20 14:32:28,2026-03-20 14:32:28
1248,2024-01-26,8.0,午餐,,支出,食品饮料,食品饮料,0,,,6,2026-03-20 14:32:28,2026-03-20 14:32:28,2026-03-20 14:32:28
1247,2024-01-26,78.0,悦学姐皮肤,,支出,亲友转账,亲友转账,0,,,6,2026-03-20 14:32:28,2026-03-20 14:32:28,2026-03-20 14:32:28
1250,2024-01-25,13.0,车费,到阜阳托管机构，在阜阳发传单,支出,交通,交通,0,,,6,2026-03-20 14:32:28,2026-03-20 14:32:28,2026-03-20 14:32:28
1251,2024-01-24,50.0,烫头,,支出,娱乐/运动,娱乐/运动,0,,,6,2026-03-20 14:32:28,2026-03-20 14:32:28,2026-03-20 14:32:28
1256,2024-01-22,1000.0,妈,回家，北京-阜阳,收入,亲友转账,亲友转账,0,,,6,2026-03-20 14:32:28,2026-03-20 14:32:28,2026-03-20 14:32:28
1255,2024-01-22,17.0,晚餐,回家，北京-阜阳,支出,食品饮料,食品饮料,0,,,6,2026-03-20 14:32:28,2026-03-20 14:32:28,2026-03-20 14:32:28
1254,2024-01-22,82.5,午餐,回家，北京-阜阳,支出,食品饮料,食品饮料,0,,,6,2026-03-20 14:32:28,2026-03-20 14:32:28,2026-03-20 14:32:28
1253,2024-01-22,79.0,酒店,回家，北京-阜阳,支出,住宿,住宿,0,,,6,2026-03-20 14:32:28,2026-03-20 14:32:28,2026-03-20 14:32:28
1252,2024-01-22,168.0,交通,回家，北京-阜阳,支出,交通,交通,0,,,6,2026-03-20 14:32:28,2026-03-20 14:32:28,2026-03-20 14:32:28
1259,2024-01-21,193.0,酒店,,支出,住宿,住宿,0,,,6,2026-03-20 14:32:28,2026-03-20 14:32:28,2026-03-20 14:32:28
1258,2024-01-21,162.0,晚餐,,支出,食品饮料,食品饮料,0,,,6,2026-03-20 14:32:28,2026-03-20 14:32:28,2026-03-20 14:32:28
1257,2024-01-21,94.4,午餐,,支出,食品饮料,食品饮料,0,,,6,2026-03-20 14:32:28,2026-03-20 14:32:28,2026-03-20 14:32:28
1266,2024-01-18,13.89,面包,,支出,食品饮料,食品饮料,0,,,6,2026-03-20 14:32:28,2026-03-20 14:32:28,2026-03-20 14:32:28
1265,2024-01-18,197.5,攀岩+晚餐,,支出,娱乐/运动,娱乐/运动,0,,,6,2026-03-20 14:32:28,2026-03-20 14:32:28,2026-03-20 14:32:28
1264,2024-01-18,137.0,康佳对戒+酒,,支出,社交,社交,0,,,6,2026-03-20 14:32:28,2026-03-20 14:32:28,2026-03-20 14:32:28
1263,2024-01-18,486.0,椒盐工作室工资,,收入,工资,工资,0,,,6,2026-03-20 14:32:28,2026-03-20 14:32:28,2026-03-20 14:32:28
1262,2024-01-18,76.0,悦学姐零头,,支出,亲友转账,亲友转账,0,,,6,2026-03-20 14:32:28,2026-03-20 14:32:28,2026-03-20 14:32:28
1261,2024-01-18,56.0,悦学姐眼霜,,支出,亲友转账,亲友转账,0,,,6,2026-03-20 14:32:28,2026-03-20 14:32:28,2026-03-20 14:32:28
1260,2024-01-18,86.0,悦学姐毛衣,,支出,亲友转账,亲友转账,0,,,6,2026-03-20 14:32:28,2026-03-20 14:32:28,2026-03-20 14:32:28
1269,2024-01-16,95.0,攀岩,,支出,娱乐/运动,娱乐/运动,0,,,6,2026-03-20 14:32:28,2026-03-20 14:32:28,2026-03-20 14:32:28
1268,2024-01-16,49.0,晚餐,,支出,食品饮料,食品饮料,0,,,6,2026-03-20 14:32:28,2026-03-20 14:32:28,2026-03-20 14:32:28
1267,2024-01-16,100.0,校园卡,,支出,食品饮料,食品饮料,0,,,6,2026-03-20 14:32:28,2026-03-20 14:32:28,2026-03-20 14:32:28
1271,2024-01-15,45.0,雷神加速器,（周一）悦学姐送我一双laspotiva的攀岩鞋！！真好穿,支出,虚拟充值/通讯,虚拟充值/通讯,0,,,6,2026-03-20 14:32:28,2026-03-20 14:32:28,2026-03-20 14:32:28
1270,2024-01-15,27.26,打车,（周一）悦学姐送我一双laspotiva的攀岩鞋！！真好穿,支出,交通,交通,0,,,6,2026-03-20 14:32:28,2026-03-20 14:32:28,2026-03-20 14:32:28
1273,2024-01-13,36.8,悦学姐橘子,,支出,亲友转账,亲友转账,0,,,6,2026-03-20 14:32:28,2026-03-20 14:32:28,2026-03-20 14:32:28
1272,2024-01-13,13.15,晚餐,,支出,食品饮料,食品饮料,0,,,6,2026-03-20 14:32:28,2026-03-20 14:32:28,2026-03-20 14:32:28
1274,2024-01-12,249.0,酒店,宜信初试过了，多背面试八股文！！！答应康佳22号回家代课赚钱,支出,住宿,住宿,0,,,6,2026-03-20 14:32:28,2026-03-20 14:32:28,2026-03-20 14:32:28
1277,2024-01-11,13.58,打车,悦学姐掉奥体公园的冰里，鞋子湿透,支出,交通,交通,0,,,6,2026-03-20 14:32:28,2026-03-20 14:32:28,2026-03-20 14:32:28
1276,2024-01-11,79.0,晚餐,悦学姐掉奥体公园的冰里，鞋子湿透,支出,食品饮料,食品饮料,0,,,6,2026-03-20 14:32:28,2026-03-20 14:32:28,2026-03-20 14:32:28
1275,2024-01-11,171.6,午餐,悦学姐掉奥体公园的冰里，鞋子湿透,支出,食品饮料,食品饮料,0,,,6,2026-03-20 14:32:28,2026-03-20 14:32:28,2026-03-20 14:32:28
1280,2024-01-10,231.0,酒店,,支出,住宿,住宿,0,,,6,2026-03-20 14:32:28,2026-03-20 14:32:28,2026-03-20 14:32:28
1279,2024-01-10,13.0,打车,,支出,交通,交通,0,,,6,2026-03-20 14:32:28,2026-03-20 14:32:28,2026-03-20 14:32:28
1278,2024-01-10,140.0,晚餐,,支出,食品饮料,食品饮料,0,,,6,2026-03-20 14:32:28,2026-03-20 14:32:28,2026-03-20 14:32:28
1282,2024-01-09,50.0,晚餐,,支出,食品饮料,食品饮料,0,,,6,2026-03-20 14:32:28,2026-03-20 14:32:28,2026-03-20 14:32:28
1281,2024-01-09,60.0,午餐,,支出,食品饮料,食品饮料,0,,,6,2026-03-20 14:32:28,2026-03-20 14:32:28,2026-03-20 14:32:28
1283,2024-01-08,29.0,晚餐,,支出,食品饮料,食品饮料,0,,,6,2026-03-20 14:32:28,2026-03-20 14:32:28,2026-03-20 14:32:28
1285,2024-01-07,50.0,悦学姐水果,去Mary学姐家解决掉事情,支出,亲友转账,亲友转账,0,,,6,2026-03-20 14:32:28,2026-03-20 14:32:28,2026-03-20 14:32:28
1284,2024-01-07,119.9,晚餐,去Mary学姐家解决掉事情,支出,食品饮料,食品饮料,0,,,6,2026-03-20 14:32:28,2026-03-20 14:32:28,2026-03-20 14:32:28
1286,2024-01-06,44.0,多多买菜,,支出,食品饮料,食品饮料,0,,,6,2026-03-20 14:32:28,2026-03-20 14:32:28,2026-03-20 14:32:28
1289,2024-01-05,23.0,悦学姐水果,因为Mary学姐，悦姐生气，犯错咯,支出,亲友转账,亲友转账,0,,,6,2026-03-20 14:32:28,2026-03-20 14:32:28,2026-03-20 14:32:28
1288,2024-01-05,9.9,瑞幸,因为Mary学姐，悦姐生气，犯错咯,支出,食品饮料,食品饮料,0,,,6,2026-03-20 14:32:28,2026-03-20 14:32:28,2026-03-20 14:32:28
1287,2024-01-05,17.5,晚餐,因为Mary学姐，悦姐生气，犯错咯,支出,食品饮料,食品饮料,0,,,6,2026-03-20 14:32:28,2026-03-20 14:32:28,2026-03-20 14:32:28
1293,2024-01-04,25.0,盆栽,,支出,娱乐/运动,娱乐/运动,0,,,6,2026-03-20 14:32:28,2026-03-20 14:32:28,2026-03-20 14:32:28
1292,2024-01-04,59.0,晚餐,,支出,食品饮料,食品饮料,0,,,6,2026-03-20 14:32:28,2026-03-20 14:32:28,2026-03-20 14:32:28
1291,2024-01-04,39.0,悦学姐剪头,,支出,亲友转账,亲友转账,0,,,6,2026-03-20 14:32:28,2026-03-20 14:32:28,2026-03-20 14:32:28
1290,2024-01-04,29.0,午餐,,支出,食品饮料,食品饮料,0,,,6,2026-03-20 14:32:28,2026-03-20 14:32:28,2026-03-20 14:32:28
1296,2024-01-03,34.0,晚餐,骑靖扬自行车从攀岩馆回学校，和悦姐和好,支出,食品饮料,食品饮料,0,,,6,2026-03-20 14:32:28,2026-03-20 14:32:28,2026-03-20 14:32:28
1295,2024-01-03,90.0,攀岩,骑靖扬自行车从攀岩馆回学校，和悦姐和好,支出,娱乐/运动,娱乐/运动,0,,,6,2026-03-20 14:32:28,2026-03-20 14:32:28,2026-03-20 14:32:28
1294,2024-01-03,29.0,午餐,骑靖扬自行车从攀岩馆回学校，和悦姐和好,支出,食品饮料,食品饮料,0,,,6,2026-03-20 14:32:28,2026-03-20 14:32:28,2026-03-20 14:32:28
1300,2024-01-02,55.0,内裤袜子,莉莉她们回合肥，和悦学姐因为ipad大吵一架，这个ipad不能留,支出,服饰,服饰,0,,,6,2026-03-20 14:32:28,2026-03-20 14:32:28,2026-03-20 14:32:28
1299,2024-01-02,26.0,悦学姐相册,莉莉她们回合肥，和悦学姐因为ipad大吵一架，这个ipad不能留,支出,亲友转账,亲友转账,0,,,6,2026-03-20 14:32:28,2026-03-20 14:32:28,2026-03-20 14:32:28
1298,2024-01-02,27.5,交通,莉莉她们回合肥，和悦学姐因为ipad大吵一架，这个ipad不能留,支出,交通,交通,0,,,6,2026-03-20 14:32:28,2026-03-20 14:32:28,2026-03-20 14:32:28
1297,2024-01-02,94.2,午餐,莉莉她们回合肥，和悦学姐因为ipad大吵一架，这个ipad不能留,支出,食品饮料,食品饮料,0,,,6,2026-03-20 14:32:28,2026-03-20 14:32:28,2026-03-20 14:32:28
1306,2024-01-01,600.0,研究生每月奖学金,提质群部分成员来京,收入,工资,工资,0,,,6,2026-03-20 14:32:28,2026-03-20 14:32:28,2026-03-20 14:32:28
1305,2024-01-01,76.6,酒店,提质群部分成员来京,支出,住宿,住宿,0,,,6,2026-03-20 14:32:28,2026-03-20 14:32:28,2026-03-20 14:32:28
1304,2024-01-01,23.75,A钱,提质群部分成员来京,支出,交通,交通,0,,,6,2026-03-20 14:32:28,2026-03-20 14:32:28,2026-03-20 14:32:28
1303,2024-01-01,77.8,午餐,提质群部分成员来京,支出,食品饮料,食品饮料,0,,,6,2026-03-20 14:32:28,2026-03-20 14:32:28,2026-03-20 14:32:28
1302,2024-01-01,44.1,晚餐,提质群部分成员来京,支出,食品饮料,食品饮料,0,,,6,2026-03-20 14:32:28,2026-03-20 14:32:28,2026-03-20 14:32:28
1301,2024-01-01,60.0,交通,提质群部分成员来京,支出,交通,交通,0,,,6,2026-03-20 14:32:28,2026-03-20 14:32:28,2026-03-20 14:32:28
2745,2023-12-31,76.0,酒店,,支出,住宿,住宿,0,,,11,2026-03-20 15:58:46,2026-03-20 15:58:46,2026-03-20 15:58:46
2744,2023-12-31,168.0,剧本杀,,支出,娱乐/运动,娱乐/运动,0,,,11,2026-03-20 15:58:46,2026-03-20 15:58:46,2026-03-20 15:58:46
2748,2023-12-30,128.0,晚餐-羊蝎子,,支出,食品饮料,食品饮料,0,,,11,2026-03-20 15:58:46,2026-03-20 15:58:46,2026-03-20 15:58:46
2747,2023-12-30,98.0,酒店,,支出,住宿,住宿,0,,,11,2026-03-20 15:58:46,2026-03-20 15:58:46,2026-03-20 15:58:46
2746,2023-12-30,300.0,滑雪,,支出,娱乐/运动,娱乐/运动,0,,,11,2026-03-20 15:58:46,2026-03-20 15:58:46,2026-03-20 15:58:46
2751,2023-12-29,84.0,王肖旭生日礼物,周五，莉莉，乐源，浩来京,支出,社交,社交,0,,,11,2026-03-20 15:58:46,2026-03-20 15:58:46,2026-03-20 15:58:46
2750,2023-12-29,90.0,给她们礼物,周五，莉莉，乐源，浩来京,支出,社交,社交,0,,,11,2026-03-20 15:58:46,2026-03-20 15:58:46,2026-03-20 15:58:46
2749,2023-12-29,390.0,请他们吃饭,周五，莉莉，乐源，浩来京,支出,社交,社交,0,,,11,2026-03-20 15:58:46,2026-03-20 15:58:46,2026-03-20 15:58:46
2753,2023-12-28,268.31,悦学姐保暖背心和保暖裤和爱媛橙,,支出,亲友转账,亲友转账,0,,,11,2026-03-20 15:58:46,2026-03-20 15:58:46,2026-03-20 15:58:46
2752,2023-12-28,135.8,情趣玩具,,支出,生活支出,生活支出,0,,,11,2026-03-20 15:58:46,2026-03-20 15:58:46,2026-03-20 15:58:46
2754,2023-12-27,100.0,充饭卡,,支出,食品饮料,食品饮料,0,,,11,2026-03-20 15:58:46,2026-03-20 15:58:46,2026-03-20 15:58:46
2756,2023-12-26,10.0,攀岩鞋租赁,周二,支出,娱乐/运动,娱乐/运动,0,,,11,2026-03-20 15:58:46,2026-03-20 15:58:46,2026-03-20 15:58:46
2755,2023-12-26,24.0,交通,周二,支出,交通,交通,0,,,11,2026-03-20 15:58:46,2026-03-20 15:58:46,2026-03-20 15:58:46
2760,2023-12-24,230.8,晚上请宇哥他们过生日,,支出,社交,社交,0,,,11,2026-03-20 15:58:46,2026-03-20 15:58:46,2026-03-20 15:58:46
2759,2023-12-24,12.0,洗衣服,,支出,生活支出,生活支出,0,,,11,2026-03-20 15:58:46,2026-03-20 15:58:46,2026-03-20 15:58:46
2758,2023-12-24,16.0,交通,,支出,交通,交通,0,,,11,2026-03-20 15:58:46,2026-03-20 15:58:46,2026-03-20 15:58:46
2757,2023-12-24,64.0,午餐,,支出,食品饮料,食品饮料,0,,,11,2026-03-20 15:58:46,2026-03-20 15:58:46,2026-03-20 15:58:46
2762,2023-12-23,77.0,晚餐,,支出,食品饮料,食品饮料,0,,,11,2026-03-20 15:58:46,2026-03-20 15:58:46,2026-03-20 15:58:46
2761,2023-12-23,50.2,早餐,,支出,食品饮料,食品饮料,0,,,11,2026-03-20 15:58:46,2026-03-20 15:58:46,2026-03-20 15:58:46
2765,2023-12-22,227.0,安汇文化酒店,周五,支出,住宿,住宿,0,,,11,2026-03-20 15:58:46,2026-03-20 15:58:46,2026-03-20 15:58:46
2764,2023-12-22,88.9,晚餐,周五,支出,食品饮料,食品饮料,0,,,11,2026-03-20 15:58:46,2026-03-20 15:58:46,2026-03-20 15:58:46
2763,2023-12-22,60.41,打车去岩馆,周五,支出,交通,交通,0,,,11,2026-03-20 15:58:46,2026-03-20 15:58:46,2026-03-20 15:58:46
2767,2023-12-20,40.0,晚餐,周三,支出,食品饮料,食品饮料,0,,,11,2026-03-20 15:58:46,2026-03-20 15:58:46,2026-03-20 15:58:46
2766,2023-12-20,19.0,交通,周三,支出,交通,交通,0,,,11,2026-03-20 15:58:46,2026-03-20 15:58:46,2026-03-20 15:58:46
2769,2023-12-19,254.0,酒店,周二,支出,住宿,住宿,0,,,11,2026-03-20 15:58:46,2026-03-20 15:58:46,2026-03-20 15:58:46
2768,2023-12-19,16.0,糖葫芦,周二,支出,食品饮料,食品饮料,0,,,11,2026-03-20 15:58:46,2026-03-20 15:58:46,2026-03-20 15:58:46
2773,2023-12-17,171.64,悦学姐保暖裤+眼霜+仓鼠盲盒,,支出,亲友转账,亲友转账,0,,,11,2026-03-20 15:58:46,2026-03-20 15:58:46,2026-03-20 15:58:46
2772,2023-12-17,40.5,晚餐,,支出,食品饮料,食品饮料,0,,,11,2026-03-20 15:58:46,2026-03-20 15:58:46,2026-03-20 15:58:46
2771,2023-12-17,10.0,草莓,,支出,食品饮料,食品饮料,0,,,11,2026-03-20 15:58:46,2026-03-20 15:58:46,2026-03-20 15:58:46
2770,2023-12-17,246.0,滑雪,,支出,娱乐/运动,娱乐/运动,0,,,11,2026-03-20 15:58:46,2026-03-20 15:58:46,2026-03-20 15:58:46
2775,2023-12-16,300.0,充饭卡,,支出,食品饮料,食品饮料,0,,,11,2026-03-20 15:58:46,2026-03-20 15:58:46,2026-03-20 15:58:46
2774,2023-12-16,731.0,羽绒服,,支出,服饰,服饰,0,,,11,2026-03-20 15:58:46,2026-03-20 15:58:46,2026-03-20 15:58:46
2776,2023-12-15,106.0,晚餐,,支出,食品饮料,食品饮料,0,,,11,2026-03-20 15:58:46,2026-03-20 15:58:46,2026-03-20 15:58:46
2778,2023-12-14,360.0,椒盐工资,,收入,工资,工资,0,,,11,2026-03-20 15:58:46,2026-03-20 15:58:46,2026-03-20 15:58:46
2777,2023-12-14,92.0,牛仔裤,,支出,服饰,服饰,0,,,11,2026-03-20 15:58:46,2026-03-20 15:58:46,2026-03-20 15:58:46
2785,2023-12-13,60.0,晚餐,,支出,食品饮料,食品饮料,0,,,11,2026-03-20 15:58:46,2026-03-20 15:58:46,2026-03-20 15:58:46
2784,2023-12-13,159.0,攀岩,,支出,娱乐/运动,娱乐/运动,0,,,11,2026-03-20 15:58:46,2026-03-20 15:58:46,2026-03-20 15:58:46
2783,2023-12-13,1200.0,妈-买衣服的钱,,收入,亲友转账,亲友转账,0,,,11,2026-03-20 15:58:46,2026-03-20 15:58:46,2026-03-20 15:58:46
2782,2023-12-13,23.9,内裤,,支出,服饰,服饰,0,,,11,2026-03-20 15:58:46,2026-03-20 15:58:46,2026-03-20 15:58:46
2781,2023-12-13,48.34,保暖秋裤,,支出,服饰,服饰,0,,,11,2026-03-20 15:58:46,2026-03-20 15:58:46,2026-03-20 15:58:46
2780,2023-12-13,131.2,蛋白粉,,支出,食品饮料,食品饮料,0,,,11,2026-03-20 15:58:46,2026-03-20 15:58:46,2026-03-20 15:58:46
2779,2023-12-13,64.0,牛奶,,支出,食品饮料,食品饮料,0,,,11,2026-03-20 15:58:46,2026-03-20 15:58:46,2026-03-20 15:58:46
2787,2023-12-10,52.0,晚餐+橙子,,支出,食品饮料,食品饮料,0,,,11,2026-03-20 15:58:46,2026-03-20 15:58:46,2026-03-20 15:58:46
2786,2023-12-10,245.0,酒店福陵汇,,支出,住宿,住宿,0,,,11,2026-03-20 15:58:46,2026-03-20 15:58:46,2026-03-20 15:58:46
2792,2023-12-09,59.9,tinder,,支出,虚拟充值/通讯,虚拟充值/通讯,0,,,11,2026-03-20 15:58:46,2026-03-20 15:58:46,2026-03-20 15:58:46
2791,2023-12-09,200.0,姐给的钱,,收入,亲友转账,亲友转账,0,,,11,2026-03-20 15:58:46,2026-03-20 15:58:46,2026-03-20 15:58:46
2790,2023-12-09,63.5,妈-树叶干花图鉴,,支出,亲友转账,亲友转账,0,,,11,2026-03-20 15:58:46,2026-03-20 15:58:46,2026-03-20 15:58:46
2789,2023-12-09,85.5,亿洋生日礼物（书+干花图鉴）,,支出,社交,社交,0,,,11,2026-03-20 15:58:46,2026-03-20 15:58:46,2026-03-20 15:58:46
2788,2023-12-09,31.0,李昌朔巧克力,,支出,社交,社交,0,,,11,2026-03-20 15:58:46,2026-03-20 15:58:46,2026-03-20 15:58:46
2793,2023-12-08,60.0,问卷,,支出,学习/培训/办公,学习/培训/办公,0,,,11,2026-03-20 15:58:46,2026-03-20 15:58:46,2026-03-20 15:58:46
2796,2023-12-07,26.5,晚餐,,支出,食品饮料,食品饮料,0,,,11,2026-03-20 15:58:46,2026-03-20 15:58:46,2026-03-20 15:58:46
2795,2023-12-07,115.0,悦学姐花,,支出,亲友转账,亲友转账,0,,,11,2026-03-20 15:58:46,2026-03-20 15:58:46,2026-03-20 15:58:46
2794,2023-12-07,29.0,午餐,,支出,食品饮料,食品饮料,0,,,11,2026-03-20 15:58:46,2026-03-20 15:58:46,2026-03-20 15:58:46
2798,2023-12-06,27.3,柚子,,支出,食品饮料,食品饮料,0,,,11,2026-03-20 15:58:46,2026-03-20 15:58:46,2026-03-20 15:58:46
2797,2023-12-06,10.0,水,,支出,食品饮料,食品饮料,0,,,11,2026-03-20 15:58:46,2026-03-20 15:58:46,2026-03-20 15:58:46
2800,2023-12-05,300.0,充饭卡,,支出,食品饮料,食品饮料,0,,,11,2026-03-20 15:58:46,2026-03-20 15:58:46,2026-03-20 15:58:46
2799,2023-12-05,162.0,晚餐,,支出,食品饮料,食品饮料,0,,,11,2026-03-20 15:58:46,2026-03-20 15:58:46,2026-03-20 15:58:46
2803,2023-12-04,33.0,剪头,,支出,生活支出,生活支出,0,,,11,2026-03-20 15:58:46,2026-03-20 15:58:46,2026-03-20 15:58:46
2802,2023-12-04,30.0,知乎咨询,,支出,虚拟充值/通讯,虚拟充值/通讯,0,,,11,2026-03-20 15:58:46,2026-03-20 15:58:46,2026-03-20 15:58:46
2801,2023-12-04,21.0,糖葫芦,,支出,食品饮料,食品饮料,0,,,11,2026-03-20 15:58:46,2026-03-20 15:58:46,2026-03-20 15:58:46
2806,2023-12-03,30.8,袜子,,支出,服饰,服饰,0,,,11,2026-03-20 15:58:46,2026-03-20 15:58:46,2026-03-20 15:58:46
2805,2023-12-03,72.0,午餐,,支出,食品饮料,食品饮料,0,,,11,2026-03-20 15:58:46,2026-03-20 15:58:46,2026-03-20 15:58:46
2804,2023-12-03,29.0,去颐和园,,支出,娱乐/运动,娱乐/运动,0,,,11,2026-03-20 15:58:46,2026-03-20 15:58:46,2026-03-20 15:58:46
2808,2023-12-02,135.0,电影票,,支出,娱乐/运动,娱乐/运动,0,,,11,2026-03-20 15:58:46,2026-03-20 15:58:46,2026-03-20 15:58:46
2807,2023-12-02,135.0,晚餐,,支出,食品饮料,食品饮料,0,,,11,2026-03-20 15:58:46,2026-03-20 15:58:46,2026-03-20 15:58:46
2810,2023-12-01,2000.0,研一奖学金,,收入,工资,工资,0,,,11,2026-03-20 15:58:46,2026-03-20 15:58:46,2026-03-20 15:58:46
2809,2023-12-01,600.0,每月助学金,,收入,工资,工资,0,,,11,2026-03-20 15:58:46,2026-03-20 15:58:46,2026-03-20 15:58:46
2814,2023-11-29,2800.0,妈-生活费,,收入,亲友转账,亲友转账,0,,,11,2026-03-20 15:58:46,2026-03-20 15:58:46,2026-03-20 15:58:46
2813,2023-11-29,26.8,悦学姐奶粉,,支出,亲友转账,亲友转账,0,,,11,2026-03-20 15:58:46,2026-03-20 15:58:46,2026-03-20 15:58:46
2812,2023-11-29,7.5,洗洁精口罩,,支出,生活支出,生活支出,0,,,11,2026-03-20 15:58:46,2026-03-20 15:58:46,2026-03-20 15:58:46
2811,2023-11-29,18.0,洗衣液,,支出,生活支出,生活支出,0,,,11,2026-03-20 15:58:46,2026-03-20 15:58:46,2026-03-20 15:58:46
2815,2023-11-28,30.0,电动车充电,,支出,交通,交通,0,,,11,2026-03-20 15:58:46,2026-03-20 15:58:46,2026-03-20 15:58:46
2817,2023-11-27,21.77,海鸭蛋,,支出,食品饮料,食品饮料,0,,,11,2026-03-20 15:58:46,2026-03-20 15:58:46,2026-03-20 15:58:46
2816,2023-11-27,63.57,睡衣,,支出,服饰,服饰,0,,,11,2026-03-20 15:58:46,2026-03-20 15:58:46,2026-03-20 15:58:46
2824,2023-11-26,339.0,午餐（高兴火锅）,,支出,食品饮料,食品饮料,0,,,11,2026-03-20 15:58:46,2026-03-20 15:58:46,2026-03-20 15:58:46
2823,2023-11-26,226.0,酒店,,支出,住宿,住宿,0,,,11,2026-03-20 15:58:46,2026-03-20 15:58:46,2026-03-20 15:58:46
2822,2023-11-26,78.0,打车,,支出,交通,交通,0,,,11,2026-03-20 15:58:46,2026-03-20 15:58:46,2026-03-20 15:58:46
2821,2023-11-26,100.0,悦学姐,,支出,亲友转账,亲友转账,0,,,11,2026-03-20 15:58:46,2026-03-20 15:58:46,2026-03-20 15:58:46
2820,2023-11-26,10.0,交通,,支出,交通,交通,0,,,11,2026-03-20 15:58:46,2026-03-20 15:58:46,2026-03-20 15:58:46
2819,2023-11-26,98.0,攀岩,,支出,娱乐/运动,娱乐/运动,0,,,11,2026-03-20 15:58:46,2026-03-20 15:58:46,2026-03-20 15:58:46
2818,2023-11-26,30.96,多多买菜,,支出,食品饮料,食品饮料,0,,,11,2026-03-20 15:58:46,2026-03-20 15:58:46,2026-03-20 15:58:46
2825,2023-11-24,38.5,晚餐,,支出,食品饮料,食品饮料,0,,,11,2026-03-20 15:58:46,2026-03-20 15:58:46,2026-03-20 15:58:46
2826,2023-11-23,200.0,冲饭卡,,支出,食品饮料,食品饮料,0,,,11,2026-03-20 15:58:46,2026-03-20 15:58:46,2026-03-20 15:58:46
2827,2023-11-22,21.79,秋裤,,支出,服饰,服饰,0,,,11,2026-03-20 15:58:46,2026-03-20 15:58:46,2026-03-20 15:58:46
2828,2023-11-20,100.0,冲饭卡,,支出,食品饮料,食品饮料,0,,,11,2026-03-20 15:58:46,2026-03-20 15:58:46,2026-03-20 15:58:46
2832,2023-11-19,10.0,多多买菜,,支出,食品饮料,食品饮料,0,,,11,2026-03-20 15:58:46,2026-03-20 15:58:46,2026-03-20 15:58:46
2831,2023-11-19,32.0,鹦鹉饲料,,支出,生活支出,生活支出,0,,,11,2026-03-20 15:58:46,2026-03-20 15:58:46,2026-03-20 15:58:46
2830,2023-11-19,7.0,霜,,支出,生活支出,生活支出,0,,,11,2026-03-20 15:58:46,2026-03-20 15:58:46,2026-03-20 15:58:46
2829,2023-11-19,36.0,牛肉,,支出,食品饮料,食品饮料,0,,,11,2026-03-20 15:58:46,2026-03-20 15:58:46,2026-03-20 15:58:46
2833,2023-11-18,37.0,晚餐,周六,支出,食品饮料,食品饮料,0,,,11,2026-03-20 15:58:46,2026-03-20 15:58:46,2026-03-20 15:58:46
2835,2023-11-17,140.0,晚餐,周五,支出,食品饮料,食品饮料,0,,,11,2026-03-20 15:58:46,2026-03-20 15:58:46,2026-03-20 15:58:46
2834,2023-11-17,248.0,住宿,周五,支出,住宿,住宿,0,,,11,2026-03-20 15:58:46,2026-03-20 15:58:46,2026-03-20 15:58:46
2840,2023-11-15,200.0,兼职美国小妹妹作业,,收入,工资,工资,0,,,11,2026-03-20 15:58:46,2026-03-20 15:58:46,2026-03-20 15:58:46
2839,2023-11-15,450.0,椒盐工资,,收入,工资,工资,0,,,11,2026-03-20 15:58:46,2026-03-20 15:58:46,2026-03-20 15:58:46
2838,2023-11-15,100.0,充饭卡,,支出,食品饮料,食品饮料,0,,,11,2026-03-20 15:58:46,2026-03-20 15:58:46,2026-03-20 15:58:46
2837,2023-11-15,36.31,牛肉,,支出,食品饮料,食品饮料,0,,,11,2026-03-20 15:58:46,2026-03-20 15:58:46,2026-03-20 15:58:46
2836,2023-11-15,16.0,多多买菜,,支出,食品饮料,食品饮料,0,,,11,2026-03-20 15:58:46,2026-03-20 15:58:46,2026-03-20 15:58:46
2841,2023-11-14,32.1,晚餐,,支出,食品饮料,食品饮料,0,,,11,2026-03-20 15:58:46,2026-03-20 15:58:46,2026-03-20 15:58:46
2844,2023-11-13,23.0,晚餐,,支出,食品饮料,食品饮料,0,,,11,2026-03-20 15:58:46,2026-03-20 15:58:46,2026-03-20 15:58:46
2843,2023-11-13,61.0,冬天三件套,,支出,服饰,服饰,0,,,11,2026-03-20 15:58:46,2026-03-20 15:58:46,2026-03-20 15:58:46
2842,2023-11-13,37.8,转接头+U盘,,支出,生活支出,生活支出,0,,,11,2026-03-20 15:58:46,2026-03-20 15:58:46,2026-03-20 15:58:46
2848,2023-11-12,10.0,水,,支出,食品饮料,食品饮料,0,,,11,2026-03-20 15:58:46,2026-03-20 15:58:46,2026-03-20 15:58:46
2847,2023-11-12,96.0,晚餐（+韬老师）,,支出,食品饮料,食品饮料,0,,,11,2026-03-20 15:58:46,2026-03-20 15:58:46,2026-03-20 15:58:46
2846,2023-11-12,220.0,攀岩（+韬老师）,,支出,娱乐/运动,娱乐/运动,0,,,11,2026-03-20 15:58:46,2026-03-20 15:58:46,2026-03-20 15:58:46
2845,2023-11-12,69.0,午餐,,支出,食品饮料,食品饮料,0,,,11,2026-03-20 15:58:46,2026-03-20 15:58:46,2026-03-20 15:58:46
2852,2023-11-11,253.0,酒店,,支出,住宿,住宿,0,,,11,2026-03-20 15:58:46,2026-03-20 15:58:46,2026-03-20 15:58:46
2851,2023-11-11,60.0,北海公园划船,,支出,娱乐/运动,娱乐/运动,0,,,11,2026-03-20 15:58:46,2026-03-20 15:58:46,2026-03-20 15:58:46
2850,2023-11-11,14.0,公园门票,,支出,娱乐/运动,娱乐/运动,0,,,11,2026-03-20 15:58:46,2026-03-20 15:58:46,2026-03-20 15:58:46
2849,2023-11-11,245.0,午餐马凯餐厅,,支出,食品饮料,食品饮料,0,,,11,2026-03-20 15:58:46,2026-03-20 15:58:46,2026-03-20 15:58:46
2853,2023-11-09,32.0,外卖汉堡,,支出,食品饮料,食品饮料,0,,,11,2026-03-20 15:58:46,2026-03-20 15:58:46,2026-03-20 15:58:46
2854,2023-11-06,70.0,晚餐,,支出,食品饮料,食品饮料,0,,,11,2026-03-20 15:58:46,2026-03-20 15:58:46,2026-03-20 15:58:46
2859,2023-11-05,4.5,信封,,支出,生活支出,生活支出,0,,,11,2026-03-20 15:58:46,2026-03-20 15:58:46,2026-03-20 15:58:46
2858,2023-11-05,19.89,水乳的水,,支出,生活支出,生活支出,0,,,11,2026-03-20 15:58:46,2026-03-20 15:58:46,2026-03-20 15:58:46
2857,2023-11-05,16.9,洗衣液,,支出,生活支出,生活支出,0,,,11,2026-03-20 15:58:46,2026-03-20 15:58:46,2026-03-20 15:58:46
2856,2023-11-05,36.54,悦学姐胖胖龙,,支出,亲友转账,亲友转账,0,,,11,2026-03-20 15:58:46,2026-03-20 15:58:46,2026-03-20 15:58:46
2855,2023-11-05,22.37,妈-花积木玩具,,支出,亲友转账,亲友转账,0,,,11,2026-03-20 15:58:46,2026-03-20 15:58:46,2026-03-20 15:58:46
2861,2023-11-04,20.0,校园网,,支出,虚拟充值/通讯,虚拟充值/通讯,0,,,11,2026-03-20 15:58:46,2026-03-20 15:58:46,2026-03-20 15:58:46
2860,2023-11-04,75.0,晚餐,,支出,食品饮料,食品饮料,0,,,11,2026-03-20 15:58:46,2026-03-20 15:58:46,2026-03-20 15:58:46
2863,2023-11-03,60.0,晚餐,,支出,食品饮料,食品饮料,0,,,11,2026-03-20 15:58:46,2026-03-20 15:58:46,2026-03-20 15:58:46
2862,2023-11-03,12.0,午餐,,支出,食品饮料,食品饮料,0,,,11,2026-03-20 15:58:46,2026-03-20 15:58:46,2026-03-20 15:58:46
2866,2023-11-02,25.0,卫生巾,,支出,亲友转账,亲友转账,0,,,11,2026-03-20 15:58:46,2026-03-20 15:58:46,2026-03-20 15:58:46
2865,2023-11-02,200.0,悦学姐充卡,,支出,亲友转账,亲友转账,0,,,11,2026-03-20 15:58:46,2026-03-20 15:58:46,2026-03-20 15:58:46
2864,2023-11-02,324.0,充卡,,支出,食品饮料,食品饮料,0,,,11,2026-03-20 15:58:46,2026-03-20 15:58:46,2026-03-20 15:58:46
2867,2023-11-01,600.0,每月助学金,,收入,工资,工资,0,,,11,2026-03-20 15:58:46,2026-03-20 15:58:46,2026-03-20 15:58:46
2869,2023-10-31,10.83,打车,晚餐-Mary学姐请客,支出,交通,交通,0,,,11,2026-03-20 15:58:46,2026-03-20 15:58:46,2026-03-20 15:58:46
2868,2023-10-31,13.0,午餐,晚餐-Mary学姐请客,支出,食品饮料,食品饮料,0,,,11,2026-03-20 15:58:46,2026-03-20 15:58:46,2026-03-20 15:58:46
2870,2023-10-30,32.0,晚餐,,支出,食品饮料,食品饮料,0,,,11,2026-03-20 15:58:46,2026-03-20 15:58:46,2026-03-20 15:58:46
2874,2023-10-28,73.0,晚餐羊肉汤,,支出,食品饮料,食品饮料,0,,,11,2026-03-20 15:58:46,2026-03-20 15:58:46,2026-03-20 15:58:46
2873,2023-10-28,1200.0,妈给的钱,,收入,亲友转账,亲友转账,0,,,11,2026-03-20 15:58:46,2026-03-20 15:58:46,2026-03-20 15:58:46
2872,2023-10-28,600.0,姐给的钱,,收入,亲友转账,亲友转账,0,,,11,2026-03-20 15:58:46,2026-03-20 15:58:46,2026-03-20 15:58:46
2871,2023-10-28,100.0,充卡,,支出,食品饮料,食品饮料,0,,,11,2026-03-20 15:58:46,2026-03-20 15:58:46,2026-03-20 15:58:46
2875,2023-10-27,52.21,赵东杰生日礼物,,支出,社交,社交,0,,,11,2026-03-20 15:58:46,2026-03-20 15:58:46,2026-03-20 15:58:46
2876,2023-10-24,34.5,麻将,,支出,娱乐/运动,娱乐/运动,0,,,11,2026-03-20 15:58:46,2026-03-20 15:58:46,2026-03-20 15:58:46
2881,2023-10-23,24.5,妈-陶瓷摆件,,支出,亲友转账,亲友转账,0,,,11,2026-03-20 15:58:46,2026-03-20 15:58:46,2026-03-20 15:58:46
2880,2023-10-23,14.5,鞋垫,,支出,服饰,服饰,0,,,11,2026-03-20 15:58:46,2026-03-20 15:58:46,2026-03-20 15:58:46
2879,2023-10-23,89.0,唱歌,,支出,娱乐/运动,娱乐/运动,0,,,11,2026-03-20 15:58:46,2026-03-20 15:58:46,2026-03-20 15:58:46
2878,2023-10-23,3.0,单车,,支出,交通,交通,0,,,11,2026-03-20 15:58:46,2026-03-20 15:58:46,2026-03-20 15:58:46
2877,2023-10-23,89.0,悦学姐洗牙,,支出,亲友转账,亲友转账,0,,,11,2026-03-20 15:58:46,2026-03-20 15:58:46,2026-03-20 15:58:46
2884,2023-10-22,239.0,酒店鸿福宾馆,,支出,住宿,住宿,0,,,11,2026-03-20 15:58:46,2026-03-20 15:58:46,2026-03-20 15:58:46
2883,2023-10-22,45.0,簪子,,支出,生活支出,生活支出,0,,,11,2026-03-20 15:58:46,2026-03-20 15:58:46,2026-03-20 15:58:46
2882,2023-10-22,48.0,晚餐,,支出,食品饮料,食品饮料,0,,,11,2026-03-20 15:58:46,2026-03-20 15:58:46,2026-03-20 15:58:46
2886,2023-10-21,259.0,酒店鸿福宾馆,八大处公园 住酒店,支出,住宿,住宿,0,,,11,2026-03-20 15:58:46,2026-03-20 15:58:46,2026-03-20 15:58:46
2885,2023-10-21,54.0,八大处公园,八大处公园 住酒店,支出,生活支出,生活支出,0,,,11,2026-03-20 15:58:46,2026-03-20 15:58:46,2026-03-20 15:58:46
2888,2023-10-18,38.9,充电线,,支出,生活支出,生活支出,0,,,11,2026-03-20 15:58:46,2026-03-20 15:58:46,2026-03-20 15:58:46
2887,2023-10-18,9.6,电动车篓子,,支出,交通,交通,0,,,11,2026-03-20 15:58:46,2026-03-20 15:58:46,2026-03-20 15:58:46
2889,2023-10-17,102.0,攀岩,,支出,娱乐/运动,娱乐/运动,0,,,11,2026-03-20 15:58:46,2026-03-20 15:58:46,2026-03-20 15:58:46
2890,2023-10-16,10.49,酒心巧克力,,支出,食品饮料,食品饮料,0,,,11,2026-03-20 15:58:46,2026-03-20 15:58:46,2026-03-20 15:58:46
2892,2023-10-15,200.0,校园卡,,支出,食品饮料,食品饮料,0,,,11,2026-03-20 15:58:46,2026-03-20 15:58:46,2026-03-20 15:58:46
2891,2023-10-15,574.0,买衣服：t恤75.0+冲锋裤63.0+两条卫裤88+卫衣+鞋120+外套80.0,,支出,服饰,服饰,0,,,11,2026-03-20 15:58:46,2026-03-20 15:58:46,2026-03-20 15:58:46
2895,2023-10-14,200.0,悦学姐红包,,支出,亲友转账,亲友转账,0,,,11,2026-03-20 15:58:46,2026-03-20 15:58:46,2026-03-20 15:58:46
2894,2023-10-14,51.0,午餐（和悦学姐宿舍聚餐）,,支出,食品饮料,食品饮料,0,,,11,2026-03-20 15:58:46,2026-03-20 15:58:46,2026-03-20 15:58:46
2893,2023-10-14,230.0,酒店（和家宾馆）,,支出,住宿,住宿,0,,,11,2026-03-20 15:58:46,2026-03-20 15:58:46,2026-03-20 15:58:46
2899,2023-10-13,11.37,多多买菜,,支出,食品饮料,食品饮料,0,,,11,2026-03-20 15:58:46,2026-03-20 15:58:46,2026-03-20 15:58:46
2898,2023-10-13,30.0,晚餐,,支出,食品饮料,食品饮料,0,,,11,2026-03-20 15:58:46,2026-03-20 15:58:46,2026-03-20 15:58:46
2897,2023-10-13,6.0,水,,支出,食品饮料,食品饮料,0,,,11,2026-03-20 15:58:46,2026-03-20 15:58:46,2026-03-20 15:58:46
2896,2023-10-13,200.0,悦学姐红包,,支出,亲友转账,亲友转账,0,,,11,2026-03-20 15:58:46,2026-03-20 15:58:46,2026-03-20 15:58:46
2900,2023-10-12,400.0,妈生活费,,收入,亲友转账,亲友转账,0,,,11,2026-03-20 15:58:46,2026-03-20 15:58:46,2026-03-20 15:58:46
2901,2023-10-11,350.0,办健身卡,,支出,娱乐/运动,娱乐/运动,0,,,11,2026-03-20 15:58:46,2026-03-20 15:58:46,2026-03-20 15:58:46
2904,2023-10-10,200.0,姐给的钱,肖大神生日,收入,亲友转账,亲友转账,0,,,11,2026-03-20 15:58:46,2026-03-20 15:58:46,2026-03-20 15:58:46
2903,2023-10-10,1200.0,妈生活费,肖大神生日,收入,亲友转账,亲友转账,0,,,11,2026-03-20 15:58:46,2026-03-20 15:58:46,2026-03-20 15:58:46
2902,2023-10-10,106.0,肖大神生日礼物,肖大神生日,支出,社交,社交,0,,,11,2026-03-20 15:58:46,2026-03-20 15:58:46,2026-03-20 15:58:46
2910,2023-10-09,88.0,收到考研考生咨询北交的红包,,收入,工资,工资,0,,,11,2026-03-20 15:58:46,2026-03-20 15:58:46,2026-03-20 15:58:46
2909,2023-10-09,14.69,唇膏,,支出,生活支出,生活支出,0,,,11,2026-03-20 15:58:46,2026-03-20 15:58:46,2026-03-20 15:58:46
2908,2023-10-09,20.6,水果,,支出,食品饮料,食品饮料,0,,,11,2026-03-20 15:58:46,2026-03-20 15:58:46,2026-03-20 15:58:46
2907,2023-10-09,28.9,宇哥手办,,支出,社交,社交,0,,,11,2026-03-20 15:58:46,2026-03-20 15:58:46,2026-03-20 15:58:46
2906,2023-10-09,8.9,项链,,支出,生活支出,生活支出,0,,,11,2026-03-20 15:58:46,2026-03-20 15:58:46,2026-03-20 15:58:46
2905,2023-10-09,27.76,牛奶,,支出,食品饮料,食品饮料,0,,,11,2026-03-20 15:58:46,2026-03-20 15:58:46,2026-03-20 15:58:46
2912,2023-10-08,9.27,悦学姐台灯,,支出,生活支出,生活支出,0,,,11,2026-03-20 15:58:46,2026-03-20 15:58:46,2026-03-20 15:58:46
2911,2023-10-08,12.8,零食,,支出,食品饮料,食品饮料,0,,,11,2026-03-20 15:58:46,2026-03-20 15:58:46,2026-03-20 15:58:46
2913,2023-10-07,400.0,校园卡,,支出,食品饮料,食品饮料,0,,,11,2026-03-20 15:58:46,2026-03-20 15:58:46,2026-03-20 15:58:46
2918,2023-10-06,27.8,苹果sd读卡器,和韬老师打麻将,支出,生活支出,生活支出,0,,,11,2026-03-20 15:58:46,2026-03-20 15:58:46,2026-03-20 15:58:46
2917,2023-10-06,29.0,文艳文君礼物,和韬老师打麻将,支出,社交,社交,0,,,11,2026-03-20 15:58:46,2026-03-20 15:58:46,2026-03-20 15:58:46
2916,2023-10-06,330.0,麻将（包括韬老师）,和韬老师打麻将,支出,娱乐/运动,娱乐/运动,0,,,11,2026-03-20 15:58:46,2026-03-20 15:58:46,2026-03-20 15:58:46
2915,2023-10-06,198.0,午餐（翘脚牛肉）,和韬老师打麻将,支出,食品饮料,食品饮料,0,,,11,2026-03-20 15:58:46,2026-03-20 15:58:46,2026-03-20 15:58:46
2914,2023-10-06,20.0,瑞幸,和韬老师打麻将,支出,食品饮料,食品饮料,0,,,11,2026-03-20 15:58:46,2026-03-20 15:58:46,2026-03-20 15:58:46
2921,2023-10-05,11.0,洗衣服,,支出,生活支出,生活支出,0,,,11,2026-03-20 15:58:46,2026-03-20 15:58:46,2026-03-20 15:58:46
2920,2023-10-05,200.0,酒店,,支出,住宿,住宿,0,,,11,2026-03-20 15:58:46,2026-03-20 15:58:46,2026-03-20 15:58:46
2919,2023-10-05,200.0,悦学姐,,支出,亲友转账,亲友转账,0,,,11,2026-03-20 15:58:46,2026-03-20 15:58:46,2026-03-20 15:58:46
2923,2023-10-03,37.0,晚餐,（从乌兰布统返回北京）,支出,食品饮料,食品饮料,0,,,11,2026-03-20 15:58:46,2026-03-20 15:58:46,2026-03-20 15:58:46
2922,2023-10-03,36.0,特产奶片,（从乌兰布统返回北京）,支出,食品饮料,食品饮料,0,,,11,2026-03-20 15:58:46,2026-03-20 15:58:46,2026-03-20 15:58:46
2925,2023-10-02,1000.0,妈生活费,,收入,亲友转账,亲友转账,0,,,11,2026-03-20 15:58:46,2026-03-20 15:58:46,2026-03-20 15:58:46
2924,2023-10-02,92.0,午餐,,支出,食品饮料,食品饮料,0,,,11,2026-03-20 15:58:46,2026-03-20 15:58:46,2026-03-20 15:58:46
2927,2023-10-01,600.0,每月助学金,,收入,工资,工资,0,,,11,2026-03-20 15:58:46,2026-03-20 15:58:46,2026-03-20 15:58:46
2926,2023-10-01,89.0,早餐羊肉汤,,支出,食品饮料,食品饮料,0,,,11,2026-03-20 15:58:46,2026-03-20 15:58:46,2026-03-20 15:58:46
2932,2023-09-30,765.0,乌兰布统出行衣物等物品购买：冲锋衣186+速干衣60.0+抓绒衣70.0+沙套17.6+羽绒服115.2+帽子（26.8+21.8）48.6+徒步鞋164.9+雨衣20.52+羽绒服82.2＝186+60+70+17.6+115.2+48.6+164.9+20.52+82.2,（晚上出发乌兰布统）,支出,服饰,服饰,0,,,11,2026-03-20 15:58:46,2026-03-20 15:58:46,2026-03-20 15:58:46
2931,2023-09-30,12.0,晚餐,（晚上出发乌兰布统）,支出,食品饮料,食品饮料,0,,,11,2026-03-20 15:58:46,2026-03-20 15:58:46,2026-03-20 15:58:46
2930,2023-09-30,604.0,国庆乌兰布统出行800-231-15+100（装备钱）-50（锅主补贴）,（晚上出发乌兰布统）,支出,娱乐/运动,娱乐/运动,0,,,11,2026-03-20 15:58:46,2026-03-20 15:58:46,2026-03-20 15:58:46
2929,2023-09-30,20.0,校园网费用,（晚上出发乌兰布统）,支出,虚拟充值/通讯,虚拟充值/通讯,0,,,11,2026-03-20 15:58:46,2026-03-20 15:58:46,2026-03-20 15:58:46
2928,2023-09-30,15.0,本月水费,（晚上出发乌兰布统）,支出,食品饮料,食品饮料,0,,,11,2026-03-20 15:58:46,2026-03-20 15:58:46,2026-03-20 15:58:46
2933,2023-09-29,20.0,悦学姐手办,,支出,生活支出,生活支出,0,,,11,2026-03-20 15:58:46,2026-03-20 15:58:46,2026-03-20 15:58:46
2939,2023-09-28,23.5,水果,,支出,食品饮料,食品饮料,0,,,11,2026-03-20 15:58:46,2026-03-20 15:58:46,2026-03-20 15:58:46
2938,2023-09-28,168.0,酒店,,支出,住宿,住宿,0,,,11,2026-03-20 15:58:46,2026-03-20 15:58:46,2026-03-20 15:58:46
2937,2023-09-28,36.0,晚餐,,支出,食品饮料,食品饮料,0,,,11,2026-03-20 15:58:46,2026-03-20 15:58:46,2026-03-20 15:58:46
2936,2023-09-28,12.5,问卷文印,,支出,学习/培训/办公,学习/培训/办公,0,,,11,2026-03-20 15:58:46,2026-03-20 15:58:46,2026-03-20 15:58:46
2935,2023-09-28,9.0,史老师月饼,,支出,社交,社交,0,,,11,2026-03-20 15:58:46,2026-03-20 15:58:46,2026-03-20 15:58:46
2934,2023-09-28,87.0,李昌朔礼物,,支出,社交,社交,0,,,11,2026-03-20 15:58:46,2026-03-20 15:58:46,2026-03-20 15:58:46
2942,2023-09-27,35.9,纸,,支出,生活支出,生活支出,0,,,11,2026-03-20 15:58:46,2026-03-20 15:58:46,2026-03-20 15:58:46
2941,2023-09-27,70.0,裤子,,支出,服饰,服饰,0,,,11,2026-03-20 15:58:46,2026-03-20 15:58:46,2026-03-20 15:58:46
2940,2023-09-27,200.0,校园卡充值,,支出,食品饮料,食品饮料,0,,,11,2026-03-20 15:58:46,2026-03-20 15:58:46,2026-03-20 15:58:46
2949,2023-09-26,112.0,羽毛球拍,,支出,生活支出,生活支出,0,,,11,2026-03-20 15:58:46,2026-03-20 15:58:46,2026-03-20 15:58:46
2948,2023-09-26,50.0,家庭-茉莉花饼,,支出,亲友转账,亲友转账,0,,,11,2026-03-20 15:58:46,2026-03-20 15:58:46,2026-03-20 15:58:46
2947,2023-09-26,31.5,悦学姐牛奶,,支出,食品饮料,食品饮料,0,,,11,2026-03-20 15:58:46,2026-03-20 15:58:46,2026-03-20 15:58:46
2946,2023-09-26,13.5,悦学姐胖胖龙小玩偶,,支出,生活支出,生活支出,0,,,11,2026-03-20 15:58:46,2026-03-20 15:58:46,2026-03-20 15:58:46
2945,2023-09-26,31.5,零食,,支出,食品饮料,食品饮料,0,,,11,2026-03-20 15:58:46,2026-03-20 15:58:46,2026-03-20 15:58:46
2944,2023-09-26,35.9,晚餐,,支出,食品饮料,食品饮料,0,,,11,2026-03-20 15:58:46,2026-03-20 15:58:46,2026-03-20 15:58:46
2943,2023-09-26,38.5,水果,,支出,食品饮料,食品饮料,0,,,11,2026-03-20 15:58:46,2026-03-20 15:58:46,2026-03-20 15:58:46
2952,2023-09-23,32.8,袜子,,支出,服饰,服饰,0,,,11,2026-03-20 15:58:46,2026-03-20 15:58:46,2026-03-20 15:58:46
2951,2023-09-23,32.57,美团买药,,支出,生活支出,生活支出,0,,,11,2026-03-20 15:58:46,2026-03-20 15:58:46,2026-03-20 15:58:46
2950,2023-09-23,9.9,瑞幸,,支出,食品饮料,食品饮料,0,,,11,2026-03-20 15:58:46,2026-03-20 15:58:46,2026-03-20 15:58:46
2954,2023-09-20,33.0,多多买菜,,支出,食品饮料,食品饮料,0,,,11,2026-03-20 15:58:46,2026-03-20 15:58:46,2026-03-20 15:58:46
2953,2023-09-20,36.0,晚餐,,支出,食品饮料,食品饮料,0,,,11,2026-03-20 15:58:46,2026-03-20 15:58:46,2026-03-20 15:58:46
2955,2023-09-19,200.0,充饭卡,,支出,食品饮料,食品饮料,0,,,11,2026-03-20 15:58:46,2026-03-20 15:58:46,2026-03-20 15:58:46
2956,2023-09-17,41.0,午餐,,支出,食品饮料,食品饮料,0,,,11,2026-03-20 15:58:46,2026-03-20 15:58:46,2026-03-20 15:58:46
2960,2023-09-16,52.1,悦学姐,,支出,亲友转账,亲友转账,0,,,11,2026-03-20 15:58:46,2026-03-20 15:58:46,2026-03-20 15:58:46
2959,2023-09-16,4.0,交通,,支出,交通,交通,0,,,11,2026-03-20 15:58:46,2026-03-20 15:58:46,2026-03-20 15:58:46
2958,2023-09-16,47.0,晚餐,,支出,食品饮料,食品饮料,0,,,11,2026-03-20 15:58:46,2026-03-20 15:58:46,2026-03-20 15:58:46
2957,2023-09-16,207.0,酒店,,支出,住宿,住宿,0,,,11,2026-03-20 15:58:46,2026-03-20 15:58:46,2026-03-20 15:58:46
2962,2023-09-15,22.0,酒心巧克力,,支出,食品饮料,食品饮料,0,,,11,2026-03-20 15:58:46,2026-03-20 15:58:46,2026-03-20 15:58:46
2961,2023-09-15,14.0,引体手套,,支出,生活支出,生活支出,0,,,11,2026-03-20 15:58:46,2026-03-20 15:58:46,2026-03-20 15:58:46
2965,2023-09-14,20.0,电动车充电费,,支出,交通,交通,0,,,11,2026-03-20 15:58:46,2026-03-20 15:58:46,2026-03-20 15:58:46
2964,2023-09-14,25.0,悦学姐手机膜,,支出,生活支出,生活支出,0,,,11,2026-03-20 15:58:46,2026-03-20 15:58:46,2026-03-20 15:58:46
2963,2023-09-14,22.0,晚餐,,支出,食品饮料,食品饮料,0,,,11,2026-03-20 15:58:46,2026-03-20 15:58:46,2026-03-20 15:58:46
2968,2023-09-13,500.0,妈生活费,宿舍第一次聚餐，宇哥请吃饭,收入,亲友转账,亲友转账,0,,,11,2026-03-20 15:58:46,2026-03-20 15:58:46,2026-03-20 15:58:46
2967,2023-09-13,18.0,钊爷巧克力,宿舍第一次聚餐，宇哥请吃饭,支出,社交,社交,0,,,11,2026-03-20 15:58:46,2026-03-20 15:58:46,2026-03-20 15:58:46
2966,2023-09-13,119.5,体检费,宿舍第一次聚餐，宇哥请吃饭,支出,生活支出,生活支出,0,,,11,2026-03-20 15:58:46,2026-03-20 15:58:46,2026-03-20 15:58:46
2970,2023-09-12,188.0,王肖旭红包,,收入,亲友转账,亲友转账,0,,,11,2026-03-20 15:58:46,2026-03-20 15:58:46,2026-03-20 15:58:46
2969,2023-09-12,600.0,爸妈姐生日红包,,收入,亲友转账,亲友转账,0,,,11,2026-03-20 15:58:46,2026-03-20 15:58:46,2026-03-20 15:58:46
2971,2023-09-10,130.0,教师节被迫平摊老师礼物,,支出,生活支出,生活支出,0,,,11,2026-03-20 15:58:46,2026-03-20 15:58:46,2026-03-20 15:58:46
2973,2023-09-09,17.0,数模其他费用：（装订机+买获奖论文）,,支出,学习/培训/办公,学习/培训/办公,0,,,11,2026-03-20 15:58:46,2026-03-20 15:58:46,2026-03-20 15:58:46
2972,2023-09-09,48.3,数模打印费,,支出,学习/培训/办公,学习/培训/办公,0,,,11,2026-03-20 15:58:46,2026-03-20 15:58:46,2026-03-20 15:58:46
2974,2023-09-08,50.0,晚餐,,支出,食品饮料,食品饮料,0,,,11,2026-03-20 15:58:46,2026-03-20 15:58:46,2026-03-20 15:58:46
2975,2023-09-07,20.0,莉莉生日红包,,支出,社交,社交,0,,,11,2026-03-20 15:58:46,2026-03-20 15:58:46,2026-03-20 15:58:46
2978,2023-09-06,1599.0,电动车,,支出,交通,交通,0,,,11,2026-03-20 15:58:46,2026-03-20 15:58:46,2026-03-20 15:58:46
2977,2023-09-06,87.0,晚餐,,支出,食品饮料,食品饮料,0,,,11,2026-03-20 15:58:46,2026-03-20 15:58:46,2026-03-20 15:58:46
2976,2023-09-06,35.63,岩粉袋+桶+贺卡信封套装+刀+镁粉球,,支出,生活支出,生活支出,0,,,11,2026-03-20 15:58:46,2026-03-20 15:58:46,2026-03-20 15:58:46
2982,2023-09-05,6.0,交通,,支出,交通,交通,0,,,11,2026-03-20 15:58:46,2026-03-20 15:58:46,2026-03-20 15:58:46
2981,2023-09-05,13.6,多多买菜,,支出,食品饮料,食品饮料,0,,,11,2026-03-20 15:58:46,2026-03-20 15:58:46,2026-03-20 15:58:46
2980,2023-09-05,400.0,校园卡,,支出,食品饮料,食品饮料,0,,,11,2026-03-20 15:58:46,2026-03-20 15:58:46,2026-03-20 15:58:46
2979,2023-09-05,93.0,攀岩,,支出,娱乐/运动,娱乐/运动,0,,,11,2026-03-20 15:58:46,2026-03-20 15:58:46,2026-03-20 15:58:46
2983,2023-09-03,118.0,晚餐,（与郭川东聚餐）,支出,食品饮料,食品饮料,0,,,11,2026-03-20 15:58:46,2026-03-20 15:58:46,2026-03-20 15:58:46
2986,2023-09-02,300.0,妈生活费,,收入,亲友转账,亲友转账,0,,,11,2026-03-20 15:58:46,2026-03-20 15:58:46,2026-03-20 15:58:46
2985,2023-09-02,54.9,水果,,支出,食品饮料,食品饮料,0,,,11,2026-03-20 15:58:46,2026-03-20 15:58:46,2026-03-20 15:58:46
2984,2023-09-02,36.0,悦学姐燕麦+案板,,支出,生活支出,生活支出,0,,,11,2026-03-20 15:58:46,2026-03-20 15:58:46,2026-03-20 15:58:46
2988,2023-09-01,600.0,每月助学金,,收入,工资,工资,0,,,11,2026-03-20 15:58:46,2026-03-20 15:58:46,2026-03-20 15:58:46
2987,2023-09-01,10.0,瑞幸咖啡,,支出,食品饮料,食品饮料,0,,,11,2026-03-20 15:58:46,2026-03-20 15:58:46,2026-03-20 15:58:46
2989,2023-08-31,180.0,故宫博物院,,支出,娱乐/运动,娱乐/运动,0,,,11,2026-03-20 15:58:46,2026-03-20 15:58:46,2026-03-20 15:58:46
2996,2023-08-30,480.0,卧具,,支出,生活支出,生活支出,0,,,11,2026-03-20 15:58:46,2026-03-20 15:58:46,2026-03-20 15:58:46
2995,2023-08-30,50.0,空调电费,,支出,生活支出,生活支出,0,,,11,2026-03-20 15:58:46,2026-03-20 15:58:46,2026-03-20 15:58:46
2994,2023-08-30,288.0,租空调,,支出,生活支出,生活支出,0,,,11,2026-03-20 15:58:46,2026-03-20 15:58:46,2026-03-20 15:58:46
2993,2023-08-30,200.0,冲校园卡,,支出,食品饮料,食品饮料,0,,,11,2026-03-20 15:58:46,2026-03-20 15:58:46,2026-03-20 15:58:46
2992,2023-08-30,78.0,开学行李快递,,支出,生活支出,生活支出,0,,,11,2026-03-20 15:58:46,2026-03-20 15:58:46,2026-03-20 15:58:46
2991,2023-08-30,80.0,悦学姐面膜,,支出,生活支出,生活支出,0,,,11,2026-03-20 15:58:46,2026-03-20 15:58:46,2026-03-20 15:58:46
2990,2023-08-30,652.67,开学日常用品：袜子+内裤+洗衣液皂+学校超市生活用品+拼多多买东西+润滑液+洗发水+毛巾+剃须刀充电线+剃须泡沫+暖瓶+卡套+肥皂盒+桶盆+挂钩+垃圾袋+台灯+茶壶+案板+水果刀削皮刀+晾袜子架+水果刀+湿巾,,支出,生活支出,生活支出,0,,,11,2026-03-20 15:58:46,2026-03-20 15:58:46,2026-03-20 15:58:46
3000,2023-08-29,80.0,悦学姐皮肤,,支出,虚拟充值/通讯,虚拟充值/通讯,0,,,11,2026-03-20 15:58:46,2026-03-20 15:58:46,2026-03-20 15:58:46
2999,2023-08-29,19.0,掏耳勺+刮胡刀,,支出,生活支出,生活支出,0,,,11,2026-03-20 15:58:46,2026-03-20 15:58:46,2026-03-20 15:58:46
2998,2023-08-29,30.0,彩票,,支出,娱乐/运动,娱乐/运动,0,,,11,2026-03-20 15:58:46,2026-03-20 15:58:46,2026-03-20 15:58:46
2997,2023-08-29,178.0,午餐,,支出,食品饮料,食品饮料,0,,,11,2026-03-20 15:58:46,2026-03-20 15:58:46,2026-03-20 15:58:46
3003,2023-08-28,1000.0,姥爷给的钱,,收入,亲友转账,亲友转账,0,,,11,2026-03-20 15:58:46,2026-03-20 15:58:46,2026-03-20 15:58:46
3002,2023-08-28,7.0,晚餐,,支出,食品饮料,食品饮料,0,,,11,2026-03-20 15:58:46,2026-03-20 15:58:46,2026-03-20 15:58:46
3001,2023-08-28,75.0,午餐,,支出,食品饮料,食品饮料,0,,,11,2026-03-20 15:58:46,2026-03-20 15:58:46,2026-03-20 15:58:46
3008,2023-08-27,24.0,晚餐,上海-北京,支出,食品饮料,食品饮料,0,,,11,2026-03-20 15:58:46,2026-03-20 15:58:46,2026-03-20 15:58:46
3007,2023-08-27,50.4,润滑液+护发素,上海-北京,支出,生活支出,生活支出,0,,,11,2026-03-20 15:58:46,2026-03-20 15:58:46,2026-03-20 15:58:46
3006,2023-08-27,20.0,早餐,上海-北京,支出,食品饮料,食品饮料,0,,,11,2026-03-20 15:58:46,2026-03-20 15:58:46,2026-03-20 15:58:46
3005,2023-08-27,45.5,交通,上海-北京,支出,交通,交通,0,,,11,2026-03-20 15:58:46,2026-03-20 15:58:46,2026-03-20 15:58:46
3004,2023-08-27,1400.0,张杰演唱会票,上海-北京,支出,娱乐/运动,娱乐/运动,0,,,11,2026-03-20 15:58:46,2026-03-20 15:58:46,2026-03-20 15:58:46
3010,2023-08-26,60.6,晚餐,上海-北京,支出,食品饮料,食品饮料,0,,,11,2026-03-20 15:58:46,2026-03-20 15:58:46,2026-03-20 15:58:46
3009,2023-08-26,629.5,交通卧铺,上海-北京,支出,交通,交通,0,,,11,2026-03-20 15:58:46,2026-03-20 15:58:46,2026-03-20 15:58:46
3012,2023-08-25,54.5,鞋,家-上海,支出,服饰,服饰,0,,,11,2026-03-20 15:58:46,2026-03-20 15:58:46,2026-03-20 15:58:46
3011,2023-08-25,409.5,交通（高铁+打车+地铁）,家-上海,支出,交通,交通,0,,,11,2026-03-20 15:58:46,2026-03-20 15:58:46,2026-03-20 15:58:46
3015,2023-08-22,150.0,悦学姐演唱会应援t恤,,支出,服饰,服饰,0,,,11,2026-03-20 15:58:46,2026-03-20 15:58:46,2026-03-20 15:58:46
3014,2023-08-22,20.0,悦学姐-奶片,,支出,食品饮料,食品饮料,0,,,11,2026-03-20 15:58:46,2026-03-20 15:58:46,2026-03-20 15:58:46
3013,2023-08-22,140.0,悦学姐七夕礼物,,支出,生活支出,生活支出,0,,,11,2026-03-20 15:58:46,2026-03-20 15:58:46,2026-03-20 15:58:46
3016,2023-08-21,80.0,帮李世阳忙,,收入,工资,工资,0,,,11,2026-03-20 15:58:46,2026-03-20 15:58:46,2026-03-20 15:58:46
3023,2023-08-20,60.0,烫头,,支出,娱乐/运动,娱乐/运动,0,,,11,2026-03-20 15:58:46,2026-03-20 15:58:46,2026-03-20 15:58:46
3022,2023-08-20,348.0,悦学姐给的钱,,收入,亲友转账,亲友转账,0,,,11,2026-03-20 15:58:46,2026-03-20 15:58:46,2026-03-20 15:58:46
3021,2023-08-20,3000.0,妈生活费,,收入,亲友转账,亲友转账,0,,,11,2026-03-20 15:58:46,2026-03-20 15:58:46,2026-03-20 15:58:46
3020,2023-08-20,12.0,尼龙扎带+黑胶带,,支出,生活支出,生活支出,0,,,11,2026-03-20 15:58:46,2026-03-20 15:58:46,2026-03-20 15:58:46
3019,2023-08-20,90.0,避孕套,,支出,生活支出,生活支出,0,,,11,2026-03-20 15:58:46,2026-03-20 15:58:46,2026-03-20 15:58:46
3018,2023-08-20,20.0,衣服,,支出,服饰,服饰,0,,,11,2026-03-20 15:58:46,2026-03-20 15:58:46,2026-03-20 15:58:46
3017,2023-08-20,75.0,哑铃,,支出,娱乐/运动,娱乐/运动,0,,,11,2026-03-20 15:58:46,2026-03-20 15:58:46,2026-03-20 15:58:46
3024,2023-08-17,50.0,sm物品,,支出,生活支出,生活支出,0,,,11,2026-03-20 15:58:46,2026-03-20 15:58:46,2026-03-20 15:58:46
3025,2023-08-15,72.0,2023年iCloud费用,,支出,虚拟充值/通讯,虚拟充值/通讯,0,,,11,2026-03-20 15:58:46,2026-03-20 15:58:46,2026-03-20 15:58:46
3026,2023-08-12,56.0,一套衣服,,支出,服饰,服饰,0,,,11,2026-03-20 15:58:46,2026-03-20 15:58:46,2026-03-20 15:58:46
3029,2023-08-11,1000.0,小姨家给的钱,,收入,亲友转账,亲友转账,0,,,11,2026-03-20 15:58:46,2026-03-20 15:58:46,2026-03-20 15:58:46
3028,2023-08-11,50.0,悦学姐,,支出,亲友转账,亲友转账,0,,,11,2026-03-20 15:58:46,2026-03-20 15:58:46,2026-03-20 15:58:46
3027,2023-08-11,39.5,火车票+公交车+车票,,支出,交通,交通,0,,,11,2026-03-20 15:58:46,2026-03-20 15:58:46,2026-03-20 15:58:46
3034,2023-08-10,70.0,文豪笔+文艳,,支出,社交,社交,0,,,11,2026-03-20 15:58:46,2026-03-20 15:58:46,2026-03-20 15:58:46
3033,2023-08-10,27.0,悦学姐玉米肠,,支出,食品饮料,食品饮料,0,,,11,2026-03-20 15:58:46,2026-03-20 15:58:46,2026-03-20 15:58:46
3032,2023-08-10,40.0,悦学姐耳钉,,支出,生活支出,生活支出,0,,,11,2026-03-20 15:58:46,2026-03-20 15:58:46,2026-03-20 15:58:46
3031,2023-08-10,100.0,游乐场碰碰车,,支出,社交,社交,0,,,11,2026-03-20 15:58:46,2026-03-20 15:58:46,2026-03-20 15:58:46
3030,2023-08-10,27.0,水,,支出,食品饮料,食品饮料,0,,,11,2026-03-20 15:58:46,2026-03-20 15:58:46,2026-03-20 15:58:46
3036,2023-08-08,14.6,打车+骑车,,支出,交通,交通,0,,,11,2026-03-20 15:58:46,2026-03-20 15:58:46,2026-03-20 15:58:46
3035,2023-08-08,2.0,水,,支出,食品饮料,食品饮料,0,,,11,2026-03-20 15:58:46,2026-03-20 15:58:46,2026-03-20 15:58:46
3038,2023-08-06,30.0,益阳奥特曼卡片,家-商丘,支出,社交,社交,0,,,11,2026-03-20 15:58:46,2026-03-20 15:58:46,2026-03-20 15:58:46
3037,2023-08-06,28.5,火车票,家-商丘,支出,交通,交通,0,,,11,2026-03-20 15:58:46,2026-03-20 15:58:46,2026-03-20 15:58:46
3039,2023-08-05,1000.0,妈生活费,,收入,亲友转账,亲友转账,0,,,11,2026-03-20 15:58:46,2026-03-20 15:58:46,2026-03-20 15:58:46
3041,2023-08-02,50.0,悦学姐皮肤,,支出,虚拟充值/通讯,虚拟充值/通讯,0,,,11,2026-03-20 15:58:46,2026-03-20 15:58:46,2026-03-20 15:58:46
3040,2023-08-02,131.21,悦学姐外卖,,支出,食品饮料,食品饮料,0,,,11,2026-03-20 15:58:46,2026-03-20 15:58:46,2026-03-20 15:58:46
3044,2023-07-21,37.0,悦学姐坚果,,支出,食品饮料,食品饮料,0,,,11,2026-03-20 15:58:46,2026-03-20 15:58:46,2026-03-20 15:58:46
3043,2023-07-21,26.6,悦学姐牛奶,,支出,食品饮料,食品饮料,0,,,11,2026-03-20 15:58:46,2026-03-20 15:58:46,2026-03-20 15:58:46
3042,2023-07-21,60.0,悦学姐微波炉出力,,支出,亲友转账,亲友转账,0,,,11,2026-03-20 15:58:46,2026-03-20 15:58:46,2026-03-20 15:58:46
3046,2023-07-18,20.0,悦学姐水果,,支出,食品饮料,食品饮料,0,,,11,2026-03-20 15:58:46,2026-03-20 15:58:46,2026-03-20 15:58:46
3045,2023-07-18,65.0,晚餐,,支出,食品饮料,食品饮料,0,,,11,2026-03-20 15:58:46,2026-03-20 15:58:46,2026-03-20 15:58:46
3047,2023-07-17,25.0,繁殖箱,,支出,生活支出,生活支出,0,,,11,2026-03-20 15:58:46,2026-03-20 15:58:46,2026-03-20 15:58:46
3049,2023-07-16,22.5,悦学姐水果,,支出,食品饮料,食品饮料,0,,,11,2026-03-20 15:58:46,2026-03-20 15:58:46,2026-03-20 15:58:46
3048,2023-07-16,29.77,饼干,,支出,食品饮料,食品饮料,0,,,11,2026-03-20 15:58:46,2026-03-20 15:58:46,2026-03-20 15:58:46
3051,2023-07-11,39.9,阿达帕林,,支出,生活支出,生活支出,0,,,11,2026-03-20 15:58:46,2026-03-20 15:58:46,2026-03-20 15:58:46
3050,2023-07-11,53.8,悦学姐吃的,,支出,食品饮料,食品饮料,0,,,11,2026-03-20 15:58:46,2026-03-20 15:58:46,2026-03-20 15:58:46
3053,2023-07-08,200.0,悦学姐,,支出,食品饮料,食品饮料,0,,,11,2026-03-20 15:58:46,2026-03-20 15:58:46,2026-03-20 15:58:46
3052,2023-07-08,1000.0,爸生活费,,收入,亲友转账,亲友转账,0,,,11,2026-03-20 15:58:46,2026-03-20 15:58:46,2026-03-20 15:58:46
3054,2023-07-07,23.49,悦学姐牛奶,,支出,食品饮料,食品饮料,0,,,11,2026-03-20 15:58:46,2026-03-20 15:58:46,2026-03-20 15:58:46
3056,2023-07-04,700.0,给姐转钱,,支出,亲友转账,亲友转账,0,,,11,2026-03-20 15:58:46,2026-03-20 15:58:46,2026-03-20 15:58:46
3055,2023-07-04,7.2,吸水棒,,支出,生活支出,生活支出,0,,,11,2026-03-20 15:58:46,2026-03-20 15:58:46,2026-03-20 15:58:46
3057,2023-07-02,56.6,兼职收入,,收入,工资,工资,0,,,11,2026-03-20 15:58:46,2026-03-20 15:58:46,2026-03-20 15:58:46
3059,2023-07-01,3.0,早餐,合肥-家,支出,食品饮料,食品饮料,0,,,11,2026-03-20 15:58:46,2026-03-20 15:58:46,2026-03-20 15:58:46
3058,2023-07-01,62.0,交通,合肥-家,支出,交通,交通,0,,,11,2026-03-20 15:58:46,2026-03-20 15:58:46,2026-03-20 15:58:46
3063,2023-06-30,28.0,住宿,家-合肥,支出,住宿,住宿,0,,,11,2026-03-20 15:58:46,2026-03-20 15:58:46,2026-03-20 15:58:46
3062,2023-06-30,78.0,导礼物,家-合肥,支出,社交,社交,0,,,11,2026-03-20 15:58:46,2026-03-20 15:58:46,2026-03-20 15:58:46
3061,2023-06-30,68.8,晚餐,家-合肥,支出,食品饮料,食品饮料,0,,,11,2026-03-20 15:58:46,2026-03-20 15:58:46,2026-03-20 15:58:46
3060,2023-06-30,113.5,交通,家-合肥,支出,交通,交通,0,,,11,2026-03-20 15:58:46,2026-03-20 15:58:46,2026-03-20 15:58:46
3069,2023-06-29,16.5,饼干,,支出,食品饮料,食品饮料,0,,,11,2026-03-20 15:58:46,2026-03-20 15:58:46,2026-03-20 15:58:46
3068,2023-06-29,16.5,悦学姐小饼干,,支出,食品饮料,食品饮料,0,,,11,2026-03-20 15:58:46,2026-03-20 15:58:46,2026-03-20 15:58:46
3067,2023-06-29,195.0,悦学姐生日礼物水乳+面膜,,支出,生活支出,生活支出,0,,,11,2026-03-20 15:58:46,2026-03-20 15:58:46,2026-03-20 15:58:46
3066,2023-06-29,36.0,悦学姐西瓜+勺,,支出,食品饮料,食品饮料,0,,,11,2026-03-20 15:58:46,2026-03-20 15:58:46,2026-03-20 15:58:46
3065,2023-06-29,39.0,悦学姐芒果会员,,支出,虚拟充值/通讯,虚拟充值/通讯,0,,,11,2026-03-20 15:58:46,2026-03-20 15:58:46,2026-03-20 15:58:46
3064,2023-06-29,101.0,飞机杯,,支出,生活支出,生活支出,0,,,11,2026-03-20 15:58:46,2026-03-20 15:58:46,2026-03-20 15:58:46
3072,2023-06-28,5.0,美工刀,,支出,生活支出,生活支出,0,,,11,2026-03-20 15:58:46,2026-03-20 15:58:46,2026-03-20 15:58:46
3071,2023-06-28,1000.0,妈生活费,,收入,亲友转账,亲友转账,0,,,11,2026-03-20 15:58:46,2026-03-20 15:58:46,2026-03-20 15:58:46
3070,2023-06-28,1000.0,爸生活费,,收入,亲友转账,亲友转账,0,,,11,2026-03-20 15:58:46,2026-03-20 15:58:46,2026-03-20 15:58:46
3075,2023-06-20,5.0,交通,,支出,交通,交通,0,,,11,2026-03-20 15:58:46,2026-03-20 15:58:46,2026-03-20 15:58:46
3074,2023-06-20,33.0,快递,,支出,生活支出,生活支出,0,,,11,2026-03-20 15:58:46,2026-03-20 15:58:46,2026-03-20 15:58:46
3073,2023-06-20,30.2,鸟粮,,支出,生活支出,生活支出,0,,,11,2026-03-20 15:58:46,2026-03-20 15:58:46,2026-03-20 15:58:46
3078,2023-06-19,35.8,避孕套,郑州-合肥，看张杰演唱会不连门票总计花销1.5k,支出,生活支出,生活支出,0,,,11,2026-03-20 15:58:46,2026-03-20 15:58:46,2026-03-20 15:58:46
3077,2023-06-19,32.0,午餐,郑州-合肥，看张杰演唱会不连门票总计花销1.5k,支出,食品饮料,食品饮料,0,,,11,2026-03-20 15:58:46,2026-03-20 15:58:46,2026-03-20 15:58:46
3076,2023-06-19,72.0,交通,郑州-合肥，看张杰演唱会不连门票总计花销1.5k,支出,交通,交通,0,,,11,2026-03-20 15:58:46,2026-03-20 15:58:46,2026-03-20 15:58:46
3085,2023-06-18,130.0,住宿,,支出,住宿,住宿,0,,,11,2026-03-20 15:58:46,2026-03-20 15:58:46,2026-03-20 15:58:46
3084,2023-06-18,40.0,张杰周边,,支出,娱乐/运动,娱乐/运动,0,,,11,2026-03-20 15:58:46,2026-03-20 15:58:46,2026-03-20 15:58:46
3083,2023-06-18,293.0,晚餐（武辣不欢美蛙鱼头，一般烧烤好吃）,,支出,食品饮料,食品饮料,0,,,11,2026-03-20 15:58:46,2026-03-20 15:58:46,2026-03-20 15:58:46
3082,2023-06-18,69.5,交通,,支出,交通,交通,0,,,11,2026-03-20 15:58:46,2026-03-20 15:58:46,2026-03-20 15:58:46
3081,2023-06-18,16.8,悦学姐-遮阳帽,,支出,生活支出,生活支出,0,,,11,2026-03-20 15:58:46,2026-03-20 15:58:46,2026-03-20 15:58:46
3080,2023-06-18,18.0,蛇皮袋,,支出,生活支出,生活支出,0,,,11,2026-03-20 15:58:46,2026-03-20 15:58:46,2026-03-20 15:58:46
3079,2023-06-18,43.0,午餐,,支出,食品饮料,食品饮料,0,,,11,2026-03-20 15:58:46,2026-03-20 15:58:46,2026-03-20 15:58:46
3092,2023-06-17,300.0,悦学姐给的钱,合肥-郑州,收入,亲友转账,亲友转账,0,,,11,2026-03-20 15:58:46,2026-03-20 15:58:46,2026-03-20 15:58:46
3091,2023-06-17,130.0,住宿-千百度酒店,合肥-郑州,支出,住宿,住宿,0,,,11,2026-03-20 15:58:46,2026-03-20 15:58:46,2026-03-20 15:58:46
3090,2023-06-17,59.0,晚餐旋转小火锅,合肥-郑州,支出,食品饮料,食品饮料,0,,,11,2026-03-20 15:58:46,2026-03-20 15:58:46,2026-03-20 15:58:46
3089,2023-06-17,88.0,午餐羊肉汤（凉菜好好吃）,合肥-郑州,支出,食品饮料,食品饮料,0,,,11,2026-03-20 15:58:46,2026-03-20 15:58:46,2026-03-20 15:58:46
3088,2023-06-17,10.0,交通,合肥-郑州,支出,交通,交通,0,,,11,2026-03-20 15:58:46,2026-03-20 15:58:46,2026-03-20 15:58:46
3087,2023-06-17,200.0,寄快递,合肥-郑州,支出,生活支出,生活支出,0,,,11,2026-03-20 15:58:46,2026-03-20 15:58:46,2026-03-20 15:58:46
3086,2023-06-17,515.6,交通高铁票,合肥-郑州,支出,交通,交通,0,,,11,2026-03-20 15:58:46,2026-03-20 15:58:46,2026-03-20 15:58:46
3096,2023-06-16,42.0,水果,,支出,食品饮料,食品饮料,0,,,11,2026-03-20 15:58:46,2026-03-20 15:58:46,2026-03-20 15:58:46
3095,2023-06-16,35.0,水果杯,,支出,食品饮料,食品饮料,0,,,11,2026-03-20 15:58:46,2026-03-20 15:58:46,2026-03-20 15:58:46
3094,2023-06-16,212.0,寄快递,,支出,生活支出,生活支出,0,,,11,2026-03-20 15:58:46,2026-03-20 15:58:46,2026-03-20 15:58:46
3093,2023-06-16,31.0,卖书,,收入,二手物品售卖,二手物品售卖,0,,,11,2026-03-20 15:58:46,2026-03-20 15:58:46,2026-03-20 15:58:46
3098,2023-06-15,100.0,轰趴,,支出,娱乐/运动,娱乐/运动,0,,,11,2026-03-20 15:58:46,2026-03-20 15:58:46,2026-03-20 15:58:46
3097,2023-06-15,67.0,午餐,,支出,食品饮料,食品饮料,0,,,11,2026-03-20 15:58:46,2026-03-20 15:58:46,2026-03-20 15:58:46
3103,2023-06-14,152.0,悦学姐红包,悦学姐生日，冯亚飞还钱了！！还多给了600块钱,支出,亲友转账,亲友转账,0,,,11,2026-03-20 15:58:46,2026-03-20 15:58:46,2026-03-20 15:58:46
3102,2023-06-14,144.0,晚餐,悦学姐生日，冯亚飞还钱了！！还多给了600块钱,支出,食品饮料,食品饮料,0,,,11,2026-03-20 15:58:46,2026-03-20 15:58:46,2026-03-20 15:58:46
3101,2023-06-14,7.0,交通,悦学姐生日，冯亚飞还钱了！！还多给了600块钱,支出,交通,交通,0,,,11,2026-03-20 15:58:46,2026-03-20 15:58:46,2026-03-20 15:58:46
3100,2023-06-14,62.0,午餐,悦学姐生日，冯亚飞还钱了！！还多给了600块钱,支出,食品饮料,食品饮料,0,,,11,2026-03-20 15:58:46,2026-03-20 15:58:46,2026-03-20 15:58:46
3099,2023-06-14,11.9,茶百道,悦学姐生日，冯亚飞还钱了！！还多给了600块钱,支出,食品饮料,食品饮料,0,,,11,2026-03-20 15:58:46,2026-03-20 15:58:46,2026-03-20 15:58:46
3105,2023-06-13,12.0,交通,,支出,交通,交通,0,,,11,2026-03-20 15:58:46,2026-03-20 15:58:46,2026-03-20 15:58:46
3104,2023-06-13,42.0,午餐,,支出,食品饮料,食品饮料,0,,,11,2026-03-20 15:58:46,2026-03-20 15:58:46,2026-03-20 15:58:46
3107,2023-06-12,34.0,晚餐,,支出,食品饮料,食品饮料,0,,,11,2026-03-20 15:58:46,2026-03-20 15:58:46,2026-03-20 15:58:46
3106,2023-06-12,16.05,西瓜,,支出,食品饮料,食品饮料,0,,,11,2026-03-20 15:58:46,2026-03-20 15:58:46,2026-03-20 15:58:46
3112,2023-06-11,19.5,水果杯,,支出,食品饮料,食品饮料,0,,,11,2026-03-20 15:58:46,2026-03-20 15:58:46,2026-03-20 15:58:46
3111,2023-06-11,5.0,交通,,支出,交通,交通,0,,,11,2026-03-20 15:58:46,2026-03-20 15:58:46,2026-03-20 15:58:46
3110,2023-06-11,279.0,晚餐,,支出,食品饮料,食品饮料,0,,,11,2026-03-20 15:58:46,2026-03-20 15:58:46,2026-03-20 15:58:46
3109,2023-06-11,3.8,早餐,,支出,食品饮料,食品饮料,0,,,11,2026-03-20 15:58:46,2026-03-20 15:58:46,2026-03-20 15:58:46
3108,2023-06-11,200.0,悦学姐给的钱,,支出,亲友转账,亲友转账,0,,,11,2026-03-20 15:58:46,2026-03-20 15:58:46,2026-03-20 15:58:46
3115,2023-06-10,44.9,晚餐,,支出,食品饮料,食品饮料,0,,,11,2026-03-20 15:58:46,2026-03-20 15:58:46,2026-03-20 15:58:46
3114,2023-06-10,50.5,摆摊出售旧物品,,收入,二手物品售卖,二手物品售卖,0,,,11,2026-03-20 15:58:46,2026-03-20 15:58:46,2026-03-20 15:58:46
3113,2023-06-10,1000.0,卖电动车,,收入,二手物品售卖,二手物品售卖,0,,,11,2026-03-20 15:58:46,2026-03-20 15:58:46,2026-03-20 15:58:46
3118,2023-06-09,30.0,尼龙袋,,支出,生活支出,生活支出,0,,,11,2026-03-20 15:58:46,2026-03-20 15:58:46,2026-03-20 15:58:46
3117,2023-06-09,146.0,卖书卖悦学姐的衣服被子+摆摊,,收入,二手物品售卖,二手物品售卖,0,,,11,2026-03-20 15:58:46,2026-03-20 15:58:46,2026-03-20 15:58:46
3116,2023-06-09,37.0,午餐,,支出,食品饮料,食品饮料,0,,,11,2026-03-20 15:58:46,2026-03-20 15:58:46,2026-03-20 15:58:46
3123,2023-06-08,10.0,彩票,租车去巢湖玩（五个人租车153，水果27+7=34，滨湖森林公园租自行车78.0，水13.0，椰子24.0，停车费3.0，油费128.43）,支出,娱乐/运动,娱乐/运动,0,,,11,2026-03-20 15:58:46,2026-03-20 15:58:46,2026-03-20 15:58:46
3122,2023-06-08,92.49,请黄文韬,租车去巢湖玩（五个人租车153，水果27+7=34，滨湖森林公园租自行车78.0，水13.0，椰子24.0，停车费3.0，油费128.43）,支出,社交,社交,0,,,11,2026-03-20 15:58:46,2026-03-20 15:58:46,2026-03-20 15:58:46
3121,2023-06-08,167.97,租车+油钱+水果+租自行车平摊,租车去巢湖玩（五个人租车153，水果27+7=34，滨湖森林公园租自行车78.0，水13.0，椰子24.0，停车费3.0，油费128.43）,支出,食品饮料,食品饮料,0,,,11,2026-03-20 15:58:46,2026-03-20 15:58:46,2026-03-20 15:58:46
3120,2023-06-08,132.0,晚餐66×2,租车去巢湖玩（五个人租车153，水果27+7=34，滨湖森林公园租自行车78.0，水13.0，椰子24.0，停车费3.0，油费128.43）,支出,食品饮料,食品饮料,0,,,11,2026-03-20 15:58:46,2026-03-20 15:58:46,2026-03-20 15:58:46
3119,2023-06-08,9.0,打车,租车去巢湖玩（五个人租车153，水果27+7=34，滨湖森林公园租自行车78.0，水13.0，椰子24.0，停车费3.0，油费128.43）,支出,交通,交通,0,,,11,2026-03-20 15:58:46,2026-03-20 15:58:46,2026-03-20 15:58:46
3127,2023-06-07,15.0,晚餐,,支出,食品饮料,食品饮料,0,,,11,2026-03-20 15:58:46,2026-03-20 15:58:46,2026-03-20 15:58:46
3126,2023-06-07,144.0,卖旧物品,,收入,二手物品售卖,二手物品售卖,0,,,11,2026-03-20 15:58:46,2026-03-20 15:58:46,2026-03-20 15:58:46
3125,2023-06-07,200.0,悦学姐给的钱,,收入,亲友转账,亲友转账,0,,,11,2026-03-20 15:58:46,2026-03-20 15:58:46,2026-03-20 15:58:46
3124,2023-06-07,35.0,午餐,,支出,食品饮料,食品饮料,0,,,11,2026-03-20 15:58:46,2026-03-20 15:58:46,2026-03-20 15:58:46
3129,2023-06-06,36.0,晚餐,,支出,食品饮料,食品饮料,0,,,11,2026-03-20 15:58:46,2026-03-20 15:58:46,2026-03-20 15:58:46
3128,2023-06-06,120.0,攀岩,,支出,娱乐/运动,娱乐/运动,0,,,11,2026-03-20 15:58:46,2026-03-20 15:58:46,2026-03-20 15:58:46
3131,2023-06-05,30.0,vpn,,支出,虚拟充值/通讯,虚拟充值/通讯,0,,,11,2026-03-20 15:58:46,2026-03-20 15:58:46,2026-03-20 15:58:46
3130,2023-06-05,64.0,晚餐,,支出,食品饮料,食品饮料,0,,,11,2026-03-20 15:58:46,2026-03-20 15:58:46,2026-03-20 15:58:46
3134,2023-06-04,8.0,晚餐,,支出,食品饮料,食品饮料,0,,,11,2026-03-20 15:58:46,2026-03-20 15:58:46,2026-03-20 15:58:46
3133,2023-06-04,20.0,甜点,,支出,食品饮料,食品饮料,0,,,11,2026-03-20 15:58:46,2026-03-20 15:58:46,2026-03-20 15:58:46
3132,2023-06-04,180.0,午餐胖哥俩,,支出,食品饮料,食品饮料,0,,,11,2026-03-20 15:58:46,2026-03-20 15:58:46,2026-03-20 15:58:46
3139,2023-06-03,51.1,水果,,支出,食品饮料,食品饮料,0,,,11,2026-03-20 15:58:46,2026-03-20 15:58:46,2026-03-20 15:58:46
3138,2023-06-03,45.5,黄文韬,,支出,社交,社交,0,,,11,2026-03-20 15:58:46,2026-03-20 15:58:46,2026-03-20 15:58:46
3137,2023-06-03,71.0,午餐,,支出,食品饮料,食品饮料,0,,,11,2026-03-20 15:58:46,2026-03-20 15:58:46,2026-03-20 15:58:46
3136,2023-06-03,24.5,早餐,,支出,食品饮料,食品饮料,0,,,11,2026-03-20 15:58:46,2026-03-20 15:58:46,2026-03-20 15:58:46
3135,2023-06-03,140.0,攀岩,,支出,娱乐/运动,娱乐/运动,0,,,11,2026-03-20 15:58:46,2026-03-20 15:58:46,2026-03-20 15:58:46
3142,2023-06-02,28.8,悦学姐-隐形眼镜护理液,,支出,生活支出,生活支出,0,,,11,2026-03-20 15:58:46,2026-03-20 15:58:46,2026-03-20 15:58:46
3141,2023-06-02,34.02,水果,,支出,食品饮料,食品饮料,0,,,11,2026-03-20 15:58:46,2026-03-20 15:58:46,2026-03-20 15:58:46
3140,2023-06-02,5.0,交通,,支出,交通,交通,0,,,11,2026-03-20 15:58:46,2026-03-20 15:58:46,2026-03-20 15:58:46
3147,2023-06-01,100.0,岩道攀岩比赛,,支出,娱乐/运动,娱乐/运动,0,,,11,2026-03-20 15:58:46,2026-03-20 15:58:46,2026-03-20 15:58:46
3146,2023-06-01,5.0,交通,,支出,交通,交通,0,,,11,2026-03-20 15:58:46,2026-03-20 15:58:46,2026-03-20 15:58:46
3145,2023-06-01,100.0,悦学姐给的钱,,收入,亲友转账,亲友转账,0,,,11,2026-03-20 15:58:46,2026-03-20 15:58:46,2026-03-20 15:58:46
3144,2023-06-01,61.0,悦学姐-儿童节红包,,支出,亲友转账,亲友转账,0,,,11,2026-03-20 15:58:46,2026-03-20 15:58:46,2026-03-20 15:58:46
3143,2023-06-01,2500.0,妈-六月生活费,,收入,亲友转账,亲友转账,0,,,11,2026-03-20 15:58:46,2026-03-20 15:58:46,2026-03-20 15:58:46
3148,2023-05-31,16.0,晚餐,,支出,食品饮料,食品饮料,0,,,11,2026-03-20 15:58:46,2026-03-20 15:58:46,2026-03-20 15:58:46
3151,2023-05-30,14.1,悦学姐打印费,,支出,学习/培训/办公,学习/培训/办公,0,,,11,2026-03-20 15:58:46,2026-03-20 15:58:46,2026-03-20 15:58:46
3150,2023-05-30,53.0,出咸鱼-跳绳,,收入,二手物品售卖,二手物品售卖,0,,,11,2026-03-20 15:58:46,2026-03-20 15:58:46,2026-03-20 15:58:46
3149,2023-05-30,18.46,水果,,支出,食品饮料,食品饮料,0,,,11,2026-03-20 15:58:46,2026-03-20 15:58:46,2026-03-20 15:58:46
3158,2023-05-29,49.0,KTV,科三终于过了！！！！我的驾照,支出,娱乐/运动,娱乐/运动,0,,,11,2026-03-20 15:58:46,2026-03-20 15:58:46,2026-03-20 15:58:46
3157,2023-05-29,15.0,晚餐,科三终于过了！！！！我的驾照,支出,食品饮料,食品饮料,0,,,11,2026-03-20 15:58:46,2026-03-20 15:58:46,2026-03-20 15:58:46
3156,2023-05-29,70.0,午餐,科三终于过了！！！！我的驾照,支出,食品饮料,食品饮料,0,,,11,2026-03-20 15:58:46,2026-03-20 15:58:46,2026-03-20 15:58:46
3155,2023-05-29,7.0,早餐,科三终于过了！！！！我的驾照,支出,食品饮料,食品饮料,0,,,11,2026-03-20 15:58:46,2026-03-20 15:58:46,2026-03-20 15:58:46
3154,2023-05-29,31.5,交通,科三终于过了！！！！我的驾照,支出,交通,交通,0,,,11,2026-03-20 15:58:46,2026-03-20 15:58:46,2026-03-20 15:58:46
3153,2023-05-29,350.0,科三模拟费,科三终于过了！！！！我的驾照,支出,学习/培训/办公,学习/培训/办公,0,,,11,2026-03-20 15:58:46,2026-03-20 15:58:46,2026-03-20 15:58:46
3152,2023-05-29,140.0,科三补考费,科三终于过了！！！！我的驾照,支出,学习/培训/办公,学习/培训/办公,0,,,11,2026-03-20 15:58:46,2026-03-20 15:58:46,2026-03-20 15:58:46
3163,2023-05-28,13.0,晚餐,,支出,食品饮料,食品饮料,0,,,11,2026-03-20 15:58:46,2026-03-20 15:58:46,2026-03-20 15:58:46
3162,2023-05-28,36.0,午餐,,支出,食品饮料,食品饮料,0,,,11,2026-03-20 15:58:46,2026-03-20 15:58:46,2026-03-20 15:58:46
3161,2023-05-28,135.0,住宿,,支出,住宿,住宿,0,,,11,2026-03-20 15:58:46,2026-03-20 15:58:46,2026-03-20 15:58:46
3160,2023-05-28,40.0,交通,,支出,交通,交通,0,,,11,2026-03-20 15:58:46,2026-03-20 15:58:46,2026-03-20 15:58:46
3159,2023-05-28,700.0,科三模拟费,,支出,学习/培训/办公,学习/培训/办公,0,,,11,2026-03-20 15:58:46,2026-03-20 15:58:46,2026-03-20 15:58:46
3166,2023-05-27,29.0,水果,,支出,食品饮料,食品饮料,0,,,11,2026-03-20 15:58:46,2026-03-20 15:58:46,2026-03-20 15:58:46
3165,2023-05-27,5.5,交通,,支出,交通,交通,0,,,11,2026-03-20 15:58:46,2026-03-20 15:58:46,2026-03-20 15:58:46
3164,2023-05-27,230.0,饭卡,,支出,食品饮料,食品饮料,0,,,11,2026-03-20 15:58:46,2026-03-20 15:58:46,2026-03-20 15:58:46
3169,2023-05-26,17.0,樱桃,,支出,食品饮料,食品饮料,0,,,11,2026-03-20 15:58:46,2026-03-20 15:58:46,2026-03-20 15:58:46
3168,2023-05-26,36.0,皮肤,,支出,虚拟充值/通讯,虚拟充值/通讯,0,,,11,2026-03-20 15:58:46,2026-03-20 15:58:46,2026-03-20 15:58:46
3167,2023-05-26,27.0,晚餐,,支出,食品饮料,食品饮料,0,,,11,2026-03-20 15:58:46,2026-03-20 15:58:46,2026-03-20 15:58:46
3171,2023-05-25,39.66,水果,,支出,食品饮料,食品饮料,0,,,11,2026-03-20 15:58:46,2026-03-20 15:58:46,2026-03-20 15:58:46
3170,2023-05-25,11.0,晚餐,,支出,食品饮料,食品饮料,0,,,11,2026-03-20 15:58:46,2026-03-20 15:58:46,2026-03-20 15:58:46
3172,2023-05-23,11.98,水果,,支出,食品饮料,食品饮料,0,,,11,2026-03-20 15:58:46,2026-03-20 15:58:46,2026-03-20 15:58:46
3174,2023-05-22,9.97,水果,,支出,食品饮料,食品饮料,0,,,11,2026-03-20 15:58:46,2026-03-20 15:58:46,2026-03-20 15:58:46
3173,2023-05-22,50.0,悦学姐看病,,支出,生活支出,生活支出,0,,,11,2026-03-20 15:58:46,2026-03-20 15:58:46,2026-03-20 15:58:46
3175,2023-05-21,11.0,晚餐,,支出,食品饮料,食品饮料,0,,,11,2026-03-20 15:58:46,2026-03-20 15:58:46,2026-03-20 15:58:46
3178,2023-05-20,28.98,水果,,支出,食品饮料,食品饮料,0,,,11,2026-03-20 15:58:46,2026-03-20 15:58:46,2026-03-20 15:58:46
3177,2023-05-20,37.0,打车,,支出,交通,交通,0,,,11,2026-03-20 15:58:46,2026-03-20 15:58:46,2026-03-20 15:58:46
3176,2023-05-20,20.0,樱桃,,支出,食品饮料,食品饮料,0,,,11,2026-03-20 15:58:46,2026-03-20 15:58:46,2026-03-20 15:58:46
3180,2023-05-19,10.0,验孕棒,,支出,生活支出,生活支出,0,,,11,2026-03-20 15:58:46,2026-03-20 15:58:46,2026-03-20 15:58:46
3179,2023-05-19,28.0,水果,,支出,食品饮料,食品饮料,0,,,11,2026-03-20 15:58:46,2026-03-20 15:58:46,2026-03-20 15:58:46
3183,2023-05-18,82.6,晚餐,,支出,食品饮料,食品饮料,0,,,11,2026-03-20 15:58:46,2026-03-20 15:58:46,2026-03-20 15:58:46
3182,2023-05-18,50.0,家庭-话费,,支出,虚拟充值/通讯,虚拟充值/通讯,0,,,11,2026-03-20 15:58:46,2026-03-20 15:58:46,2026-03-20 15:58:46
3181,2023-05-18,22.5,午餐,,支出,食品饮料,食品饮料,0,,,11,2026-03-20 15:58:46,2026-03-20 15:58:46,2026-03-20 15:58:46
3187,2023-05-17,100.0,转账悦学姐,,支出,亲友转账,亲友转账,0,,,11,2026-03-20 15:58:46,2026-03-20 15:58:46,2026-03-20 15:58:46
3186,2023-05-17,100.0,充饭卡,,支出,食品饮料,食品饮料,0,,,11,2026-03-20 15:58:46,2026-03-20 15:58:46,2026-03-20 15:58:46
3185,2023-05-17,17.0,鸡蛋,,支出,食品饮料,食品饮料,0,,,11,2026-03-20 15:58:46,2026-03-20 15:58:46,2026-03-20 15:58:46
3184,2023-05-17,31.12,水果,,支出,食品饮料,食品饮料,0,,,11,2026-03-20 15:58:46,2026-03-20 15:58:46,2026-03-20 15:58:46
3188,2023-05-15,22.5,交通,,支出,交通,交通,0,,,11,2026-03-20 15:58:46,2026-03-20 15:58:46,2026-03-20 15:58:46
3190,2023-05-14,26.0,水果,,支出,食品饮料,食品饮料,0,,,11,2026-03-20 15:58:46,2026-03-20 15:58:46,2026-03-20 15:58:46
3189,2023-05-14,16.0,玉米红薯,,支出,食品饮料,食品饮料,0,,,11,2026-03-20 15:58:46,2026-03-20 15:58:46,2026-03-20 15:58:46
3191,2023-05-13,22.0,西瓜,,支出,食品饮料,食品饮料,0,,,11,2026-03-20 15:58:46,2026-03-20 15:58:46,2026-03-20 15:58:46
3194,2023-05-12,40.0,演唱会门票金,,支出,娱乐/运动,娱乐/运动,0,,,11,2026-03-20 15:58:46,2026-03-20 15:58:46,2026-03-20 15:58:46
3193,2023-05-12,13.34,玉米,,支出,食品饮料,食品饮料,0,,,11,2026-03-20 15:58:46,2026-03-20 15:58:46,2026-03-20 15:58:46
3192,2023-05-12,35.5,晚餐,,支出,食品饮料,食品饮料,0,,,11,2026-03-20 15:58:46,2026-03-20 15:58:46,2026-03-20 15:58:46
3196,2023-05-10,192.0,妈-母亲节礼物（花+睡衣）,,支出,生活支出,生活支出,0,,,11,2026-03-20 15:58:46,2026-03-20 15:58:46,2026-03-20 15:58:46
3195,2023-05-10,53.54,水果,,支出,食品饮料,食品饮料,0,,,11,2026-03-20 15:58:46,2026-03-20 15:58:46,2026-03-20 15:58:46
3197,2023-05-09,2.0,午餐,,支出,食品饮料,食品饮料,0,,,11,2026-03-20 15:58:46,2026-03-20 15:58:46,2026-03-20 15:58:46
3200,2023-05-08,17.5,奶茶,,支出,食品饮料,食品饮料,0,,,11,2026-03-20 15:58:46,2026-03-20 15:58:46,2026-03-20 15:58:46
3199,2023-05-08,88.0,33朵玫瑰花,,支出,娱乐/运动,娱乐/运动,0,,,11,2026-03-20 15:58:46,2026-03-20 15:58:46,2026-03-20 15:58:46
3198,2023-05-08,57.34,晚餐,,支出,食品饮料,食品饮料,0,,,11,2026-03-20 15:58:46,2026-03-20 15:58:46,2026-03-20 15:58:46
3201,2023-05-07,60.0,行人流试验兼职,,收入,工资,工资,0,,,11,2026-03-20 15:58:46,2026-03-20 15:58:46,2026-03-20 15:58:46
3204,2023-05-06,22.42,西瓜,,支出,食品饮料,食品饮料,0,,,11,2026-03-20 15:58:46,2026-03-20 15:58:46,2026-03-20 15:58:46
3203,2023-05-06,10.0,晚餐,,支出,食品饮料,食品饮料,0,,,11,2026-03-20 15:58:46,2026-03-20 15:58:46,2026-03-20 15:58:46
3202,2023-05-06,10.0,刮痧,,支出,娱乐/运动,娱乐/运动,0,,,11,2026-03-20 15:58:46,2026-03-20 15:58:46,2026-03-20 15:58:46
3206,2023-05-05,18.5,晚餐,,支出,食品饮料,食品饮料,0,,,11,2026-03-20 15:58:46,2026-03-20 15:58:46,2026-03-20 15:58:46
3205,2023-05-05,18.8,鸡蛋,,支出,食品饮料,食品饮料,0,,,11,2026-03-20 15:58:46,2026-03-20 15:58:46,2026-03-20 15:58:46
3207,2023-05-04,27.79,西瓜,,支出,食品饮料,食品饮料,0,,,11,2026-03-20 15:58:46,2026-03-20 15:58:46,2026-03-20 15:58:46
3208,2023-05-03,14.6,西瓜,,支出,食品饮料,食品饮料,0,,,11,2026-03-20 15:58:46,2026-03-20 15:58:46,2026-03-20 15:58:46
3210,2023-05-02,13.0,西瓜,,支出,食品饮料,食品饮料,0,,,11,2026-03-20 15:58:46,2026-03-20 15:58:46,2026-03-20 15:58:46
3209,2023-05-02,245.0,晚餐,,支出,食品饮料,食品饮料,0,,,11,2026-03-20 15:58:46,2026-03-20 15:58:46,2026-03-20 15:58:46
3213,2023-05-01,106.0,晚餐（重庆小酒馆）,,支出,食品饮料,食品饮料,0,,,11,2026-03-20 15:58:46,2026-03-20 15:58:46,2026-03-20 15:58:46
3212,2023-05-01,30.0,午餐,,支出,食品饮料,食品饮料,0,,,11,2026-03-20 15:58:46,2026-03-20 15:58:46,2026-03-20 15:58:46
3211,2023-05-01,2600.0,妈-5月生活费,,收入,亲友转账,亲友转账,0,,,11,2026-03-20 15:58:46,2026-03-20 15:58:46,2026-03-20 15:58:46
3219,2023-04-30,15.0,气球,大学同学聚餐,支出,娱乐/运动,娱乐/运动,0,,,11,2026-03-20 15:58:46,2026-03-20 15:58:46,2026-03-20 15:58:46
3218,2023-04-30,15.25,打车,大学同学聚餐,支出,交通,交通,0,,,11,2026-03-20 15:58:46,2026-03-20 15:58:46,2026-03-20 15:58:46
3217,2023-04-30,9.9,咖啡,大学同学聚餐,支出,食品饮料,食品饮料,0,,,11,2026-03-20 15:58:46,2026-03-20 15:58:46,2026-03-20 15:58:46
3216,2023-04-30,38.33,KTV,大学同学聚餐,支出,娱乐/运动,娱乐/运动,0,,,11,2026-03-20 15:58:46,2026-03-20 15:58:46,2026-03-20 15:58:46
3215,2023-04-30,80.0,晚餐-寻湘,大学同学聚餐,支出,食品饮料,食品饮料,0,,,11,2026-03-20 15:58:46,2026-03-20 15:58:46,2026-03-20 15:58:46
3214,2023-04-30,167.0,午餐-潮汕牛肉火锅,大学同学聚餐,支出,食品饮料,食品饮料,0,,,11,2026-03-20 15:58:46,2026-03-20 15:58:46,2026-03-20 15:58:46
3223,2023-04-29,13.13,打车,,支出,交通,交通,0,,,11,2026-03-20 15:58:46,2026-03-20 15:58:46,2026-03-20 15:58:46
3222,2023-04-29,37.0,水果,,支出,食品饮料,食品饮料,0,,,11,2026-03-20 15:58:46,2026-03-20 15:58:46,2026-03-20 15:58:46
3221,2023-04-29,17.5,奶茶,,支出,食品饮料,食品饮料,0,,,11,2026-03-20 15:58:46,2026-03-20 15:58:46,2026-03-20 15:58:46
3220,2023-04-29,16.5,午餐,,支出,食品饮料,食品饮料,0,,,11,2026-03-20 15:58:46,2026-03-20 15:58:46,2026-03-20 15:58:46
3226,2023-04-28,17.0,交通,,支出,交通,交通,0,,,11,2026-03-20 15:58:46,2026-03-20 15:58:46,2026-03-20 15:58:46
3225,2023-04-28,60.0,攀岩,,支出,娱乐/运动,娱乐/运动,0,,,11,2026-03-20 15:58:46,2026-03-20 15:58:46,2026-03-20 15:58:46
3224,2023-04-28,35.0,午餐,,支出,食品饮料,食品饮料,0,,,11,2026-03-20 15:58:46,2026-03-20 15:58:46,2026-03-20 15:58:46
3227,2023-04-27,17.0,晚餐,,支出,食品饮料,食品饮料,0,,,11,2026-03-20 15:58:46,2026-03-20 15:58:46,2026-03-20 15:58:46
3229,2023-04-26,32.0,妈-碗具,,支出,生活支出,生活支出,0,,,11,2026-03-20 15:58:46,2026-03-20 15:58:46,2026-03-20 15:58:46
3228,2023-04-26,41.0,木簪工具,,支出,生活支出,生活支出,0,,,11,2026-03-20 15:58:46,2026-03-20 15:58:46,2026-03-20 15:58:46
3230,2023-04-25,200.0,卤味店,,支出,食品饮料,食品饮料,0,,,11,2026-03-20 15:58:46,2026-03-20 15:58:46,2026-03-20 15:58:46
3232,2023-04-24,42.5,晚餐,,支出,食品饮料,食品饮料,0,,,11,2026-03-20 15:58:46,2026-03-20 15:58:46,2026-03-20 15:58:46
3231,2023-04-24,14.0,午餐,,支出,食品饮料,食品饮料,0,,,11,2026-03-20 15:58:46,2026-03-20 15:58:46,2026-03-20 15:58:46
3234,2023-04-22,54.5,甜点,,支出,食品饮料,食品饮料,0,,,11,2026-03-20 15:58:46,2026-03-20 15:58:46,2026-03-20 15:58:46
3233,2023-04-22,84.51,木簪DIY工具,,支出,生活支出,生活支出,0,,,11,2026-03-20 15:58:46,2026-03-20 15:58:46,2026-03-20 15:58:46
3236,2023-04-21,10.0,草莓,,支出,食品饮料,食品饮料,0,,,11,2026-03-20 15:58:46,2026-03-20 15:58:46,2026-03-20 15:58:46
3235,2023-04-21,52.8,晚餐,,支出,食品饮料,食品饮料,0,,,11,2026-03-20 15:58:46,2026-03-20 15:58:46,2026-03-20 15:58:46
3238,2023-04-20,26.5,晚餐,,支出,食品饮料,食品饮料,0,,,11,2026-03-20 15:58:46,2026-03-20 15:58:46,2026-03-20 15:58:46
3237,2023-04-20,200.0,健身卡,,支出,娱乐/运动,娱乐/运动,0,,,11,2026-03-20 15:58:46,2026-03-20 15:58:46,2026-03-20 15:58:46
3239,2023-04-19,16.5,晚餐,,支出,食品饮料,食品饮料,0,,,11,2026-03-20 15:58:46,2026-03-20 15:58:46,2026-03-20 15:58:46
3243,2023-04-18,18.5,水果杯,,支出,食品饮料,食品饮料,0,,,11,2026-03-20 15:58:46,2026-03-20 15:58:46,2026-03-20 15:58:46
3242,2023-04-18,31.0,晚餐,,支出,食品饮料,食品饮料,0,,,11,2026-03-20 15:58:46,2026-03-20 15:58:46,2026-03-20 15:58:46
3241,2023-04-18,8.5,发簪木材,,支出,生活支出,生活支出,0,,,11,2026-03-20 15:58:46,2026-03-20 15:58:46,2026-03-20 15:58:46
3240,2023-04-18,42.5,水果,,支出,食品饮料,食品饮料,0,,,11,2026-03-20 15:58:46,2026-03-20 15:58:46,2026-03-20 15:58:46
3244,2023-04-16,72.0,晚餐,,支出,食品饮料,食品饮料,0,,,11,2026-03-20 15:58:46,2026-03-20 15:58:46,2026-03-20 15:58:46
3248,2023-04-15,25.0,晚餐,,支出,食品饮料,食品饮料,0,,,11,2026-03-20 15:58:46,2026-03-20 15:58:46,2026-03-20 15:58:46
3247,2023-04-15,9.5,电单车,,支出,交通,交通,0,,,11,2026-03-20 15:58:46,2026-03-20 15:58:46,2026-03-20 15:58:46
3246,2023-04-15,62.0,攀岩,,支出,娱乐/运动,娱乐/运动,0,,,11,2026-03-20 15:58:46,2026-03-20 15:58:46,2026-03-20 15:58:46
3245,2023-04-15,350.0,请体质群吃饭,,支出,社交,社交,0,,,11,2026-03-20 15:58:46,2026-03-20 15:58:46,2026-03-20 15:58:46
3253,2023-04-14,700.0,房租,,支出,住宿,住宿,0,,,11,2026-03-20 15:58:46,2026-03-20 15:58:46,2026-03-20 15:58:46
3252,2023-04-14,1000.0,爸（科三费用）,,收入,亲友转账,亲友转账,0,,,11,2026-03-20 15:58:46,2026-03-20 15:58:46,2026-03-20 15:58:46
3251,2023-04-14,18.0,午餐,,支出,食品饮料,食品饮料,0,,,11,2026-03-20 15:58:46,2026-03-20 15:58:46,2026-03-20 15:58:46
3250,2023-04-14,80.0,统计兼职,,收入,工资,工资,0,,,11,2026-03-20 15:58:46,2026-03-20 15:58:46,2026-03-20 15:58:46
3249,2023-04-14,140.0,科三补考费,,支出,学习/培训/办公,学习/培训/办公,0,,,11,2026-03-20 15:58:46,2026-03-20 15:58:46,2026-03-20 15:58:46
3256,2023-04-13,50.0,晚餐,,支出,食品饮料,食品饮料,0,,,11,2026-03-20 15:58:46,2026-03-20 15:58:46,2026-03-20 15:58:46
3255,2023-04-13,125.0,住宿（城市之家）,,支出,住宿,住宿,0,,,11,2026-03-20 15:58:46,2026-03-20 15:58:46,2026-03-20 15:58:46
3254,2023-04-13,400.0,科三模拟费,,支出,学习/培训/办公,学习/培训/办公,0,,,11,2026-03-20 15:58:46,2026-03-20 15:58:46,2026-03-20 15:58:46
3260,2023-04-12,60.0,统计兼职,,收入,工资,工资,0,,,11,2026-03-20 15:58:46,2026-03-20 15:58:46,2026-03-20 15:58:46
3259,2023-04-12,28.0,午餐+瑞幸,,支出,食品饮料,食品饮料,0,,,11,2026-03-20 15:58:46,2026-03-20 15:58:46,2026-03-20 15:58:46
3258,2023-04-12,10.0,交通,,支出,交通,交通,0,,,11,2026-03-20 15:58:46,2026-03-20 15:58:46,2026-03-20 15:58:46
3257,2023-04-12,240.0,蛋白粉+肌酸,,支出,食品饮料,食品饮料,0,,,11,2026-03-20 15:58:46,2026-03-20 15:58:46,2026-03-20 15:58:46
3261,2023-04-11,28.0,午餐+瑞幸,,支出,食品饮料,食品饮料,0,,,11,2026-03-20 15:58:46,2026-03-20 15:58:46,2026-03-20 15:58:46
3262,2023-04-09,17.0,晚餐,,支出,食品饮料,食品饮料,0,,,11,2026-03-20 15:58:46,2026-03-20 15:58:46,2026-03-20 15:58:46
3268,2023-04-08,50.4,买菜20.0+鱼,,支出,食品饮料,食品饮料,0,,,11,2026-03-20 15:58:46,2026-03-20 15:58:46,2026-03-20 15:58:46
3267,2023-04-08,4.8,耳机,,支出,生活支出,生活支出,0,,,11,2026-03-20 15:58:46,2026-03-20 15:58:46,2026-03-20 15:58:46
3266,2023-04-08,23.0,挂号,,支出,生活支出,生活支出,0,,,11,2026-03-20 15:58:46,2026-03-20 15:58:46,2026-03-20 15:58:46
3265,2023-04-08,18.8,水果,,支出,食品饮料,食品饮料,0,,,11,2026-03-20 15:58:46,2026-03-20 15:58:46,2026-03-20 15:58:46
3264,2023-04-08,16.0,芝士,,支出,食品饮料,食品饮料,0,,,11,2026-03-20 15:58:46,2026-03-20 15:58:46,2026-03-20 15:58:46
3263,2023-04-08,29.0,午餐,,支出,食品饮料,食品饮料,0,,,11,2026-03-20 15:58:46,2026-03-20 15:58:46,2026-03-20 15:58:46
3271,2023-04-07,30.0,妈-巧克力,,支出,食品饮料,食品饮料,0,,,11,2026-03-20 15:58:46,2026-03-20 15:58:46,2026-03-20 15:58:46
3270,2023-04-07,170.0,悦学姐饭钱,,支出,食品饮料,食品饮料,0,,,11,2026-03-20 15:58:46,2026-03-20 15:58:46,2026-03-20 15:58:46
3269,2023-04-07,29.9,t恤,,支出,服饰,服饰,0,,,11,2026-03-20 15:58:46,2026-03-20 15:58:46,2026-03-20 15:58:46
3272,2023-04-06,103.0,西装,,支出,服饰,服饰,0,,,11,2026-03-20 15:58:46,2026-03-20 15:58:46,2026-03-20 15:58:46
3275,2023-04-05,136.0,麻将,,支出,娱乐/运动,娱乐/运动,0,,,11,2026-03-20 15:58:46,2026-03-20 15:58:46,2026-03-20 15:58:46
3274,2023-04-05,21.0,晚餐,,支出,食品饮料,食品饮料,0,,,11,2026-03-20 15:58:46,2026-03-20 15:58:46,2026-03-20 15:58:46
3273,2023-04-05,71.8,奶茶,,支出,食品饮料,食品饮料,0,,,11,2026-03-20 15:58:46,2026-03-20 15:58:46,2026-03-20 15:58:46
3278,2023-04-04,50.0,话费,北京-合肥，芈重山火锅-请莉莉吃饭,支出,虚拟充值/通讯,虚拟充值/通讯,0,,,11,2026-03-20 15:58:46,2026-03-20 15:58:46,2026-03-20 15:58:46
3277,2023-04-04,314.0,午餐,北京-合肥，芈重山火锅-请莉莉吃饭,支出,食品饮料,食品饮料,0,,,11,2026-03-20 15:58:46,2026-03-20 15:58:46,2026-03-20 15:58:46
3276,2023-04-04,28.0,交通,北京-合肥，芈重山火锅-请莉莉吃饭,支出,交通,交通,0,,,11,2026-03-20 15:58:46,2026-03-20 15:58:46,2026-03-20 15:58:46
3282,2023-04-03,3000.0,悦学姐给的钱,（北京-合肥，交通费：945.95+44+547.5+28.0+27.5=1592.95，住宿费：430×4+500×3=3220，餐饮费：41+45.2+20+29+26+29.6+74+62.8+25.6+85+28+115+106.7+244+244=1175.9，其他40+14+86+102=242，总支出：1592.95+3220+1175.9+242=6230.85，其中悦学姐给我转了3000）,收入,亲友转账,亲友转账,0,,,11,2026-03-20 15:58:46,2026-03-20 15:58:46,2026-03-20 15:58:46
3281,2023-04-03,244.0,晚餐（清蒸海鲜）,（北京-合肥，交通费：945.95+44+547.5+28.0+27.5=1592.95，住宿费：430×4+500×3=3220，餐饮费：41+45.2+20+29+26+29.6+74+62.8+25.6+85+28+115+106.7+244+244=1175.9，其他40+14+86+102=242，总支出：1592.95+3220+1175.9+242=6230.85，其中悦学姐给我转了3000）,支出,食品饮料,食品饮料,0,,,11,2026-03-20 15:58:46,2026-03-20 15:58:46,2026-03-20 15:58:46
3280,2023-04-03,244.0,午餐（芈重山火锅）,（北京-合肥，交通费：945.95+44+547.5+28.0+27.5=1592.95，住宿费：430×4+500×3=3220，餐饮费：41+45.2+20+29+26+29.6+74+62.8+25.6+85+28+115+106.7+244+244=1175.9，其他40+14+86+102=242，总支出：1592.95+3220+1175.9+242=6230.85，其中悦学姐给我转了3000）,支出,食品饮料,食品饮料,0,,,11,2026-03-20 15:58:46,2026-03-20 15:58:46,2026-03-20 15:58:46
3279,2023-04-03,547.5,交通,（北京-合肥，交通费：945.95+44+547.5+28.0+27.5=1592.95，住宿费：430×4+500×3=3220，餐饮费：41+45.2+20+29+26+29.6+74+62.8+25.6+85+28+115+106.7+244+244=1175.9，其他40+14+86+102=242，总支出：1592.95+3220+1175.9+242=6230.85，其中悦学姐给我转了3000）,支出,交通,交通,0,,,11,2026-03-20 15:58:46,2026-03-20 15:58:46,2026-03-20 15:58:46
3287,2023-04-02,27.5,交通,,支出,交通,交通,0,,,11,2026-03-20 15:58:46,2026-03-20 15:58:46,2026-03-20 15:58:46
3286,2023-04-02,64.2,奶茶,,支出,食品饮料,食品饮料,0,,,11,2026-03-20 15:58:46,2026-03-20 15:58:46,2026-03-20 15:58:46
3285,2023-04-02,102.0,麻将,,支出,娱乐/运动,娱乐/运动,0,,,11,2026-03-20 15:58:46,2026-03-20 15:58:46,2026-03-20 15:58:46
3284,2023-04-02,42.5,午餐,,支出,食品饮料,食品饮料,0,,,11,2026-03-20 15:58:46,2026-03-20 15:58:46,2026-03-20 15:58:46
3283,2023-04-02,430.0,住宿,,支出,住宿,住宿,0,,,11,2026-03-20 15:58:46,2026-03-20 15:58:46,2026-03-20 15:58:46
3292,2023-04-01,500.0,住宿,,支出,住宿,住宿,0,,,11,2026-03-20 15:58:46,2026-03-20 15:58:46,2026-03-20 15:58:46
3291,2023-04-01,15.0,水果,,支出,食品饮料,食品饮料,0,,,11,2026-03-20 15:58:46,2026-03-20 15:58:46,2026-03-20 15:58:46
3290,2023-04-01,60.0,晚餐,,支出,食品饮料,食品饮料,0,,,11,2026-03-20 15:58:46,2026-03-20 15:58:46,2026-03-20 15:58:46
3289,2023-04-01,40.0,早餐,,支出,食品饮料,食品饮料,0,,,11,2026-03-20 15:58:46,2026-03-20 15:58:46,2026-03-20 15:58:46
3288,2023-04-01,3000.0,妈生活费,,收入,亲友转账,亲友转账,0,,,11,2026-03-20 15:58:46,2026-03-20 15:58:46,2026-03-20 15:58:46
3295,2023-03-31,500.0,住宿,,支出,住宿,住宿,0,,,11,2026-03-20 15:58:46,2026-03-20 15:58:46,2026-03-20 15:58:46
3294,2023-03-31,28.0,晚餐,,支出,食品饮料,食品饮料,0,,,11,2026-03-20 15:58:46,2026-03-20 15:58:46,2026-03-20 15:58:46
3293,2023-03-31,85.0,午餐,,支出,食品饮料,食品饮料,0,,,11,2026-03-20 15:58:46,2026-03-20 15:58:46,2026-03-20 15:58:46
3299,2023-03-30,25.6,零食,,支出,食品饮料,食品饮料,0,,,11,2026-03-20 15:58:46,2026-03-20 15:58:46,2026-03-20 15:58:46
3298,2023-03-30,62.8,晚餐,,支出,食品饮料,食品饮料,0,,,11,2026-03-20 15:58:46,2026-03-20 15:58:46,2026-03-20 15:58:46
3297,2023-03-30,74.0,午餐,,支出,食品饮料,食品饮料,0,,,11,2026-03-20 15:58:46,2026-03-20 15:58:46,2026-03-20 15:58:46
3296,2023-03-30,500.0,住宿,,支出,住宿,住宿,0,,,11,2026-03-20 15:58:46,2026-03-20 15:58:46,2026-03-20 15:58:46
3306,2023-03-29,86.0,打麻将,,支出,娱乐/运动,娱乐/运动,0,,,11,2026-03-20 15:58:46,2026-03-20 15:58:46,2026-03-20 15:58:46
3305,2023-03-29,430.0,住宿,,支出,住宿,住宿,0,,,11,2026-03-20 15:58:46,2026-03-20 15:58:46,2026-03-20 15:58:46
3304,2023-03-29,29.6,水果,,支出,食品饮料,食品饮料,0,,,11,2026-03-20 15:58:46,2026-03-20 15:58:46,2026-03-20 15:58:46
3303,2023-03-29,26.0,水,,支出,食品饮料,食品饮料,0,,,11,2026-03-20 15:58:46,2026-03-20 15:58:46,2026-03-20 15:58:46
3302,2023-03-29,14.0,动物园,,支出,娱乐/运动,娱乐/运动,0,,,11,2026-03-20 15:58:46,2026-03-20 15:58:46,2026-03-20 15:58:46
3301,2023-03-29,44.0,交通,,支出,交通,交通,0,,,11,2026-03-20 15:58:46,2026-03-20 15:58:46,2026-03-20 15:58:46
3300,2023-03-29,29.0,咖啡,,支出,食品饮料,食品饮料,0,,,11,2026-03-20 15:58:46,2026-03-20 15:58:46,2026-03-20 15:58:46
3311,2023-03-28,20.0,水果,,支出,食品饮料,食品饮料,0,,,11,2026-03-20 15:58:46,2026-03-20 15:58:46,2026-03-20 15:58:46
3310,2023-03-28,45.2,晚餐,,支出,食品饮料,食品饮料,0,,,11,2026-03-20 15:58:46,2026-03-20 15:58:46,2026-03-20 15:58:46
3309,2023-03-28,40.0,悦学姐lolm皮肤,,支出,虚拟充值/通讯,虚拟充值/通讯,0,,,11,2026-03-20 15:58:46,2026-03-20 15:58:46,2026-03-20 15:58:46
3308,2023-03-28,430.0,住宿,,支出,住宿,住宿,0,,,11,2026-03-20 15:58:46,2026-03-20 15:58:46,2026-03-20 15:58:46
3307,2023-03-28,40.3,午餐,,支出,食品饮料,食品饮料,0,,,11,2026-03-20 15:58:46,2026-03-20 15:58:46,2026-03-20 15:58:46
3315,2023-03-27,41.0,晚餐,合肥-北京,支出,食品饮料,食品饮料,0,,,11,2026-03-20 15:58:46,2026-03-20 15:58:46,2026-03-20 15:58:46
3314,2023-03-27,430.0,住宿（秋果酒店）,合肥-北京,支出,住宿,住宿,0,,,11,2026-03-20 15:58:46,2026-03-20 15:58:46,2026-03-20 15:58:46
3313,2023-03-27,945.95,交通费：,合肥-北京,支出,交通,交通,0,,,11,2026-03-20 15:58:46,2026-03-20 15:58:46,2026-03-20 15:58:46
3312,2023-03-27,4200.0,妈（北京复试费）,合肥-北京,收入,亲友转账,亲友转账,0,,,11,2026-03-20 15:58:46,2026-03-20 15:58:46,2026-03-20 15:58:46
3317,2023-03-26,40.0,晚餐,,支出,食品饮料,食品饮料,0,,,11,2026-03-20 15:58:46,2026-03-20 15:58:46,2026-03-20 15:58:46
3316,2023-03-26,16.0,午餐,,支出,食品饮料,食品饮料,0,,,11,2026-03-20 15:58:46,2026-03-20 15:58:46,2026-03-20 15:58:46
3319,2023-03-25,16.0,晚餐,,支出,食品饮料,食品饮料,0,,,11,2026-03-20 15:58:46,2026-03-20 15:58:46,2026-03-20 15:58:46
3318,2023-03-25,21.0,午餐,,支出,食品饮料,食品饮料,0,,,11,2026-03-20 15:58:46,2026-03-20 15:58:46,2026-03-20 15:58:46
3320,2023-03-24,16.5,晚餐,,支出,食品饮料,食品饮料,0,,,11,2026-03-20 15:58:46,2026-03-20 15:58:46,2026-03-20 15:58:46
3322,2023-03-23,134.8,晚餐（重庆小酒馆）,,支出,食品饮料,食品饮料,0,,,11,2026-03-20 15:58:46,2026-03-20 15:58:46,2026-03-20 15:58:46
3321,2023-03-23,43.0,午餐,,支出,食品饮料,食品饮料,0,,,11,2026-03-20 15:58:46,2026-03-20 15:58:46,2026-03-20 15:58:46
3324,2023-03-22,11.5,晚餐,,支出,食品饮料,食品饮料,0,,,11,2026-03-20 15:58:46,2026-03-20 15:58:46,2026-03-20 15:58:46
3323,2023-03-22,13.6,午餐,,支出,食品饮料,食品饮料,0,,,11,2026-03-20 15:58:46,2026-03-20 15:58:46,2026-03-20 15:58:46
3329,2023-03-21,16.0,水果,,支出,食品饮料,食品饮料,0,,,11,2026-03-20 15:58:46,2026-03-20 15:58:46,2026-03-20 15:58:46
3328,2023-03-21,16.0,美团优选吃的,,支出,食品饮料,食品饮料,0,,,11,2026-03-20 15:58:46,2026-03-20 15:58:46,2026-03-20 15:58:46
3327,2023-03-21,17.0,晚餐,,支出,食品饮料,食品饮料,0,,,11,2026-03-20 15:58:46,2026-03-20 15:58:46,2026-03-20 15:58:46
3326,2023-03-21,88.0,撤柜西装+牛仔裤+T恤,,支出,服饰,服饰,0,,,11,2026-03-20 15:58:46,2026-03-20 15:58:46,2026-03-20 15:58:46
3325,2023-03-21,100.0,北交大复试费,,支出,学习/培训/办公,学习/培训/办公,0,,,11,2026-03-20 15:58:46,2026-03-20 15:58:46,2026-03-20 15:58:46
3332,2023-03-20,50.0,校医院,,支出,生活支出,生活支出,0,,,11,2026-03-20 15:58:46,2026-03-20 15:58:46,2026-03-20 15:58:46
3331,2023-03-20,200.0,健身卡,,支出,娱乐/运动,娱乐/运动,0,,,11,2026-03-20 15:58:46,2026-03-20 15:58:46,2026-03-20 15:58:46
3330,2023-03-20,17.5,晚餐,,支出,食品饮料,食品饮料,0,,,11,2026-03-20 15:58:46,2026-03-20 15:58:46,2026-03-20 15:58:46
3334,2023-03-19,45.0,妈-甜点,,支出,食品饮料,食品饮料,0,,,11,2026-03-20 15:58:46,2026-03-20 15:58:46,2026-03-20 15:58:46
3333,2023-03-19,22.5,晚餐,,支出,食品饮料,食品饮料,0,,,11,2026-03-20 15:58:46,2026-03-20 15:58:46,2026-03-20 15:58:46
3338,2023-03-18,35.0,新东方讲座兼职,,收入,工资,工资,0,,,11,2026-03-20 15:58:46,2026-03-20 15:58:46,2026-03-20 15:58:46
3337,2023-03-18,2.5,香菜,,支出,食品饮料,食品饮料,0,,,11,2026-03-20 15:58:46,2026-03-20 15:58:46,2026-03-20 15:58:46
3336,2023-03-18,146.9,锅圈食汇食材,,支出,食品饮料,食品饮料,0,,,11,2026-03-20 15:58:46,2026-03-20 15:58:46,2026-03-20 15:58:46
3335,2023-03-18,15.0,午餐,,支出,食品饮料,食品饮料,0,,,11,2026-03-20 15:58:46,2026-03-20 15:58:46,2026-03-20 15:58:46
3341,2023-03-17,17.0,背心,,支出,服饰,服饰,0,,,11,2026-03-20 15:58:46,2026-03-20 15:58:46,2026-03-20 15:58:46
3340,2023-03-17,11.5,晚餐,,支出,食品饮料,食品饮料,0,,,11,2026-03-20 15:58:46,2026-03-20 15:58:46,2026-03-20 15:58:46
3339,2023-03-17,15.0,午餐,,支出,食品饮料,食品饮料,0,,,11,2026-03-20 15:58:46,2026-03-20 15:58:46,2026-03-20 15:58:46
3344,2023-03-16,232.5,晚餐（请佟博文重庆小酒馆）,,支出,食品饮料,食品饮料,0,,,11,2026-03-20 15:58:46,2026-03-20 15:58:46,2026-03-20 15:58:46
3343,2023-03-16,16.8,鞋垫,,支出,服饰,服饰,0,,,11,2026-03-20 15:58:46,2026-03-20 15:58:46,2026-03-20 15:58:46
3342,2023-03-16,58.0,午餐（赵勇）,,支出,食品饮料,食品饮料,0,,,11,2026-03-20 15:58:46,2026-03-20 15:58:46,2026-03-20 15:58:46
3346,2023-03-15,400.0,悦学姐给我的吃饭专用资金,,支出,食品饮料,食品饮料,0,,,11,2026-03-20 15:58:46,2026-03-20 15:58:46,2026-03-20 15:58:46
3345,2023-03-15,90.0,午餐（难吃的美团火锅）,,支出,食品饮料,食品饮料,0,,,11,2026-03-20 15:58:46,2026-03-20 15:58:46,2026-03-20 15:58:46
3350,2023-03-14,27.6,小皮鞋,,支出,服饰,服饰,0,,,11,2026-03-20 15:58:46,2026-03-20 15:58:46,2026-03-20 15:58:46
3349,2023-03-14,700.0,房租,,支出,住宿,住宿,0,,,11,2026-03-20 15:58:46,2026-03-20 15:58:46,2026-03-20 15:58:46
3348,2023-03-14,18.0,晚餐,,支出,食品饮料,食品饮料,0,,,11,2026-03-20 15:58:46,2026-03-20 15:58:46,2026-03-20 15:58:46
3347,2023-03-14,13.6,午餐,,支出,食品饮料,食品饮料,0,,,11,2026-03-20 15:58:46,2026-03-20 15:58:46,2026-03-20 15:58:46
3351,2023-03-13,10.0,水果,,支出,食品饮料,食品饮料,0,,,11,2026-03-20 15:58:46,2026-03-20 15:58:46,2026-03-20 15:58:46
3353,2023-03-12,74.0,晚餐-马记隆,,支出,食品饮料,食品饮料,0,,,11,2026-03-20 15:58:46,2026-03-20 15:58:46,2026-03-20 15:58:46
3352,2023-03-12,23.8,中午,,支出,食品饮料,食品饮料,0,,,11,2026-03-20 15:58:46,2026-03-20 15:58:46,2026-03-20 15:58:46
3356,2023-03-11,8.0,零食,,支出,食品饮料,食品饮料,0,,,11,2026-03-20 15:58:46,2026-03-20 15:58:46,2026-03-20 15:58:46
3355,2023-03-11,8.8,水果,,支出,食品饮料,食品饮料,0,,,11,2026-03-20 15:58:46,2026-03-20 15:58:46,2026-03-20 15:58:46
3354,2023-03-11,28.0,锅底,,支出,食品饮料,食品饮料,0,,,11,2026-03-20 15:58:46,2026-03-20 15:58:46,2026-03-20 15:58:46
3360,2023-03-10,9.9,水果,,支出,食品饮料,食品饮料,0,,,11,2026-03-20 15:58:46,2026-03-20 15:58:46,2026-03-20 15:58:46
3359,2023-03-10,32.8,甜点,,支出,食品饮料,食品饮料,0,,,11,2026-03-20 15:58:46,2026-03-20 15:58:46,2026-03-20 15:58:46
3358,2023-03-10,15.0,晚餐,,支出,食品饮料,食品饮料,0,,,11,2026-03-20 15:58:46,2026-03-20 15:58:46,2026-03-20 15:58:46
3357,2023-03-10,16.0,午餐,,支出,食品饮料,食品饮料,0,,,11,2026-03-20 15:58:46,2026-03-20 15:58:46,2026-03-20 15:58:46
3362,2023-03-09,15.0,晚餐,,支出,食品饮料,食品饮料,0,,,11,2026-03-20 15:58:46,2026-03-20 15:58:46,2026-03-20 15:58:46
3361,2023-03-09,41.6,午餐,,支出,食品饮料,食品饮料,0,,,11,2026-03-20 15:58:46,2026-03-20 15:58:46,2026-03-20 15:58:46
3367,2023-03-08,40.0,兼职-国汽智联,,收入,工资,工资,0,,,11,2026-03-20 15:58:46,2026-03-20 15:58:46,2026-03-20 15:58:46
3366,2023-03-08,8.0,水果,,支出,食品饮料,食品饮料,0,,,11,2026-03-20 15:58:46,2026-03-20 15:58:46,2026-03-20 15:58:46
3365,2023-03-08,52.1,家庭-妇女节快乐红包,,支出,亲友转账,亲友转账,0,,,11,2026-03-20 15:58:46,2026-03-20 15:58:46,2026-03-20 15:58:46
3364,2023-03-08,52.1,悦学姐-妇女节红包,,支出,亲友转账,亲友转账,0,,,11,2026-03-20 15:58:46,2026-03-20 15:58:46,2026-03-20 15:58:46
3363,2023-03-08,29.6,午餐,,支出,食品饮料,食品饮料,0,,,11,2026-03-20 15:58:46,2026-03-20 15:58:46,2026-03-20 15:58:46
3371,2023-03-07,10.0,水果,,支出,食品饮料,食品饮料,0,,,11,2026-03-20 15:58:46,2026-03-20 15:58:46,2026-03-20 15:58:46
3370,2023-03-07,51.0,晚餐（粥皇）,,支出,食品饮料,食品饮料,0,,,11,2026-03-20 15:58:46,2026-03-20 15:58:46,2026-03-20 15:58:46
3369,2023-03-07,13.6,午餐,,支出,食品饮料,食品饮料,0,,,11,2026-03-20 15:58:46,2026-03-20 15:58:46,2026-03-20 15:58:46
3368,2023-03-07,30.0,VPN,,支出,虚拟充值/通讯,虚拟充值/通讯,0,,,11,2026-03-20 15:58:46,2026-03-20 15:58:46,2026-03-20 15:58:46
3374,2023-03-06,30.0,兼职宣讲会,,收入,工资,工资,0,,,11,2026-03-20 15:58:46,2026-03-20 15:58:46,2026-03-20 15:58:46
3373,2023-03-06,16.5,芝士,,支出,食品饮料,食品饮料,0,,,11,2026-03-20 15:58:46,2026-03-20 15:58:46,2026-03-20 15:58:46
3372,2023-03-06,29.6,午餐晚餐,,支出,食品饮料,食品饮料,0,,,11,2026-03-20 15:58:46,2026-03-20 15:58:46,2026-03-20 15:58:46
3381,2023-03-05,14.5,ChatGPT手机号,,支出,虚拟充值/通讯,虚拟充值/通讯,0,,,11,2026-03-20 15:58:46,2026-03-20 15:58:46,2026-03-20 15:58:46
3380,2023-03-05,30.0,话费,,支出,虚拟充值/通讯,虚拟充值/通讯,0,,,11,2026-03-20 15:58:46,2026-03-20 15:58:46,2026-03-20 15:58:46
3379,2023-03-05,13.79,水果,,支出,食品饮料,食品饮料,0,,,11,2026-03-20 15:58:46,2026-03-20 15:58:46,2026-03-20 15:58:46
3378,2023-03-05,17.0,晚餐,,支出,食品饮料,食品饮料,0,,,11,2026-03-20 15:58:46,2026-03-20 15:58:46,2026-03-20 15:58:46
3377,2023-03-05,13.6,午餐,,支出,食品饮料,食品饮料,0,,,11,2026-03-20 15:58:46,2026-03-20 15:58:46,2026-03-20 15:58:46
3376,2023-03-05,30.0,洗衣机师傅上门费,,支出,生活支出,生活支出,0,,,11,2026-03-20 15:58:46,2026-03-20 15:58:46,2026-03-20 15:58:46
3375,2023-03-05,7.5,打印费,,支出,学习/培训/办公,学习/培训/办公,0,,,11,2026-03-20 15:58:46,2026-03-20 15:58:46,2026-03-20 15:58:46
3384,2023-03-04,29.5,晚餐,,支出,食品饮料,食品饮料,0,,,11,2026-03-20 15:58:46,2026-03-20 15:58:46,2026-03-20 15:58:46
3383,2023-03-04,13.6,午餐,,支出,食品饮料,食品饮料,0,,,11,2026-03-20 15:58:46,2026-03-20 15:58:46,2026-03-20 15:58:46
3382,2023-03-04,22.67,水果,,支出,食品饮料,食品饮料,0,,,11,2026-03-20 15:58:46,2026-03-20 15:58:46,2026-03-20 15:58:46
3389,2023-03-03,165.0,阿迪裤子,,支出,服饰,服饰,0,,,11,2026-03-20 15:58:46,2026-03-20 15:58:46,2026-03-20 15:58:46
3388,2023-03-03,138.0,一套运动服,,支出,服饰,服饰,0,,,11,2026-03-20 15:58:46,2026-03-20 15:58:46,2026-03-20 15:58:46
3387,2023-03-03,16.5,水果,,支出,食品饮料,食品饮料,0,,,11,2026-03-20 15:58:46,2026-03-20 15:58:46,2026-03-20 15:58:46
3386,2023-03-03,168.0,晚餐（潮汕牛肉火锅+生蚝）,,支出,食品饮料,食品饮料,0,,,11,2026-03-20 15:58:46,2026-03-20 15:58:46,2026-03-20 15:58:46
3385,2023-03-03,13.6,午餐,,支出,食品饮料,食品饮料,0,,,11,2026-03-20 15:58:46,2026-03-20 15:58:46,2026-03-20 15:58:46
3392,2023-03-02,42.6,生蚝+酱料,,支出,食品饮料,食品饮料,0,,,11,2026-03-20 15:58:46,2026-03-20 15:58:46,2026-03-20 15:58:46
3391,2023-03-02,13.6,午餐,,支出,食品饮料,食品饮料,0,,,11,2026-03-20 15:58:46,2026-03-20 15:58:46,2026-03-20 15:58:46
3390,2023-03-02,17.0,草莓+菠萝蜜,,支出,食品饮料,食品饮料,0,,,11,2026-03-20 15:58:46,2026-03-20 15:58:46,2026-03-20 15:58:46
3396,2023-03-01,38.0,晚餐,,支出,食品饮料,食品饮料,0,,,11,2026-03-20 15:58:46,2026-03-20 15:58:46,2026-03-20 15:58:46
3395,2023-03-01,13.6,午餐,,支出,食品饮料,食品饮料,0,,,11,2026-03-20 15:58:46,2026-03-20 15:58:46,2026-03-20 15:58:46
3394,2023-03-01,8.2,大宝sod,,支出,生活支出,生活支出,0,,,11,2026-03-20 15:58:46,2026-03-20 15:58:46,2026-03-20 15:58:46
3393,2023-03-01,2800.0,妈（3月份生活费）,,收入,亲友转账,亲友转账,0,,,11,2026-03-20 15:58:46,2026-03-20 15:58:46,2026-03-20 15:58:46
3399,2023-02-28,12.0,咖啡,,支出,食品饮料,食品饮料,0,,,11,2026-03-20 15:58:46,2026-03-20 15:58:46,2026-03-20 15:58:46
3398,2023-02-28,16.0,晚餐,,支出,食品饮料,食品饮料,0,,,11,2026-03-20 15:58:46,2026-03-20 15:58:46,2026-03-20 15:58:46
3397,2023-02-28,13.6,午餐,,支出,食品饮料,食品饮料,0,,,11,2026-03-20 15:58:46,2026-03-20 15:58:46,2026-03-20 15:58:46
3403,2023-02-27,27.5,晚餐,,支出,食品饮料,食品饮料,0,,,11,2026-03-20 15:58:46,2026-03-20 15:58:46,2026-03-20 15:58:46
3402,2023-02-27,13.6,午餐,,支出,食品饮料,食品饮料,0,,,11,2026-03-20 15:58:46,2026-03-20 15:58:46,2026-03-20 15:58:46
3401,2023-02-27,6.3,杯子,,支出,生活支出,生活支出,0,,,11,2026-03-20 15:58:46,2026-03-20 15:58:46,2026-03-20 15:58:46
3400,2023-02-27,12.68,妈-红茶,,支出,食品饮料,食品饮料,0,,,11,2026-03-20 15:58:46,2026-03-20 15:58:46,2026-03-20 15:58:46
3407,2023-02-26,11.0,草莓,,支出,食品饮料,食品饮料,0,,,11,2026-03-20 15:58:46,2026-03-20 15:58:46,2026-03-20 15:58:46
3406,2023-02-26,50.0,接单表格做图,,收入,工资,工资,0,,,11,2026-03-20 15:58:46,2026-03-20 15:58:46,2026-03-20 15:58:46
3405,2023-02-26,13.6,晚餐,,支出,食品饮料,食品饮料,0,,,11,2026-03-20 15:58:46,2026-03-20 15:58:46,2026-03-20 15:58:46
3404,2023-02-26,11.7,习惯茶,,支出,食品饮料,食品饮料,0,,,11,2026-03-20 15:58:46,2026-03-20 15:58:46,2026-03-20 15:58:46
3410,2023-02-25,40.0,晚餐,,支出,食品饮料,食品饮料,0,,,11,2026-03-20 15:58:46,2026-03-20 15:58:46,2026-03-20 15:58:46
3409,2023-02-25,60.0,攀岩,,支出,娱乐/运动,娱乐/运动,0,,,11,2026-03-20 15:58:46,2026-03-20 15:58:46,2026-03-20 15:58:46
3408,2023-02-25,15.0,午餐,,支出,食品饮料,食品饮料,0,,,11,2026-03-20 15:58:46,2026-03-20 15:58:46,2026-03-20 15:58:46
3413,2023-02-24,57.0,水果,,支出,食品饮料,食品饮料,0,,,11,2026-03-20 15:58:46,2026-03-20 15:58:46,2026-03-20 15:58:46
3412,2023-02-24,20.0,晚餐,,支出,食品饮料,食品饮料,0,,,11,2026-03-20 15:58:46,2026-03-20 15:58:46,2026-03-20 15:58:46
3411,2023-02-24,13.6,午餐,,支出,食品饮料,食品饮料,0,,,11,2026-03-20 15:58:46,2026-03-20 15:58:46,2026-03-20 15:58:46
3417,2023-02-23,12.48,锡兰红茶,,支出,食品饮料,食品饮料,0,,,11,2026-03-20 15:58:46,2026-03-20 15:58:46,2026-03-20 15:58:46
3416,2023-02-23,27.8,内裤,,支出,服饰,服饰,0,,,11,2026-03-20 15:58:46,2026-03-20 15:58:46,2026-03-20 15:58:46
3415,2023-02-23,13.6,晚餐,,支出,食品饮料,食品饮料,0,,,11,2026-03-20 15:58:46,2026-03-20 15:58:46,2026-03-20 15:58:46
3414,2023-02-23,13.6,午餐,,支出,食品饮料,食品饮料,0,,,11,2026-03-20 15:58:46,2026-03-20 15:58:46,2026-03-20 15:58:46
3422,2023-02-22,13.6,晚餐,,支出,食品饮料,食品饮料,0,,,11,2026-03-20 15:58:46,2026-03-20 15:58:46,2026-03-20 15:58:46
3421,2023-02-22,10.8,午餐,,支出,食品饮料,食品饮料,0,,,11,2026-03-20 15:58:46,2026-03-20 15:58:46,2026-03-20 15:58:46
3420,2023-02-22,14.5,家庭-茶油剁辣椒,,支出,食品饮料,食品饮料,0,,,11,2026-03-20 15:58:46,2026-03-20 15:58:46,2026-03-20 15:58:46
3419,2023-02-22,11.0,茶包过滤器,,支出,生活支出,生活支出,0,,,11,2026-03-20 15:58:46,2026-03-20 15:58:46,2026-03-20 15:58:46
3418,2023-02-22,25.04,袜子,,支出,服饰,服饰,0,,,11,2026-03-20 15:58:46,2026-03-20 15:58:46,2026-03-20 15:58:46
3428,2023-02-21,100.0,爸-红包,,收入,亲友转账,亲友转账,0,,,11,2026-03-20 15:58:46,2026-03-20 15:58:46,2026-03-20 15:58:46
3427,2023-02-21,25.5,UU加速器,,支出,虚拟充值/通讯,虚拟充值/通讯,0,,,11,2026-03-20 15:58:46,2026-03-20 15:58:46,2026-03-20 15:58:46
3426,2023-02-21,36.5,悦学姐-内裤,,支出,服饰,服饰,0,,,11,2026-03-20 15:58:46,2026-03-20 15:58:46,2026-03-20 15:58:46
3425,2023-02-21,45.5,康佳-芝士,,支出,社交,社交,0,,,11,2026-03-20 15:58:46,2026-03-20 15:58:46,2026-03-20 15:58:46
3424,2023-02-21,17.0,晚餐,,支出,食品饮料,食品饮料,0,,,11,2026-03-20 15:58:46,2026-03-20 15:58:46,2026-03-20 15:58:46
3423,2023-02-21,16.0,午餐,,支出,食品饮料,食品饮料,0,,,11,2026-03-20 15:58:46,2026-03-20 15:58:46,2026-03-20 15:58:46
3434,2023-02-20,31.0,晚餐,,支出,食品饮料,食品饮料,0,,,11,2026-03-20 15:58:46,2026-03-20 15:58:46,2026-03-20 15:58:46
3433,2023-02-20,200.0,健身卡,,支出,娱乐/运动,娱乐/运动,0,,,11,2026-03-20 15:58:46,2026-03-20 15:58:46,2026-03-20 15:58:46
3432,2023-02-20,116.6,姐-弗兰茶+芝士,,支出,食品饮料,食品饮料,0,,,11,2026-03-20 15:58:46,2026-03-20 15:58:46,2026-03-20 15:58:46
3431,2023-02-20,29.6,午餐,,支出,食品饮料,食品饮料,0,,,11,2026-03-20 15:58:46,2026-03-20 15:58:46,2026-03-20 15:58:46
3430,2023-02-20,5.5,交通,,支出,交通,交通,0,,,11,2026-03-20 15:58:46,2026-03-20 15:58:46,2026-03-20 15:58:46
3429,2023-02-20,600.0,妈（2-20至3-01生活费）,,收入,亲友转账,亲友转账,0,,,11,2026-03-20 15:58:46,2026-03-20 15:58:46,2026-03-20 15:58:46
3439,2023-02-19,57.2,晚餐,长沙-合肥，返校（2-11至2-19（不包含悦学姐的交通费936.17+1003.3+383.5+780.3+519.5+351+988+936.5+318.7=6216.97，其中餐饮费：38+175+766+39+68+214+25+184+25+68+98+69+28.5+177+278+40+180=2472.5，住宿费：189×2+176×2+186+145+484+180=1725，交通费：305+8.2+15.5+33+9.5+80+16.5+26+9.8+340.5=844，给朋友带礼物：413，其他：6216.97-2472.5-1725-844-413=762.47，（其中，我出3000，悦学姐出2000，小荷包旅游经费1000元）,支出,食品饮料,食品饮料,0,,,11,2026-03-20 15:58:46,2026-03-20 15:58:46,2026-03-20 15:58:46
3438,2023-02-19,8.2,地铁,长沙-合肥，返校（2-11至2-19（不包含悦学姐的交通费936.17+1003.3+383.5+780.3+519.5+351+988+936.5+318.7=6216.97，其中餐饮费：38+175+766+39+68+214+25+184+25+68+98+69+28.5+177+278+40+180=2472.5，住宿费：189×2+176×2+186+145+484+180=1725，交通费：305+8.2+15.5+33+9.5+80+16.5+26+9.8+340.5=844，给朋友带礼物：413，其他：6216.97-2472.5-1725-844-413=762.47，（其中，我出3000，悦学姐出2000，小荷包旅游经费1000元）,支出,交通,交通,0,,,11,2026-03-20 15:58:46,2026-03-20 15:58:46,2026-03-20 15:58:46
3437,2023-02-19,305.0,高铁票,长沙-合肥，返校（2-11至2-19（不包含悦学姐的交通费936.17+1003.3+383.5+780.3+519.5+351+988+936.5+318.7=6216.97，其中餐饮费：38+175+766+39+68+214+25+184+25+68+98+69+28.5+177+278+40+180=2472.5，住宿费：189×2+176×2+186+145+484+180=1725，交通费：305+8.2+15.5+33+9.5+80+16.5+26+9.8+340.5=844，给朋友带礼物：413，其他：6216.97-2472.5-1725-844-413=762.47，（其中，我出3000，悦学姐出2000，小荷包旅游经费1000元）,支出,交通,交通,0,,,11,2026-03-20 15:58:46,2026-03-20 15:58:46,2026-03-20 15:58:46
3436,2023-02-19,5.5,早餐,长沙-合肥，返校（2-11至2-19（不包含悦学姐的交通费936.17+1003.3+383.5+780.3+519.5+351+988+936.5+318.7=6216.97，其中餐饮费：38+175+766+39+68+214+25+184+25+68+98+69+28.5+177+278+40+180=2472.5，住宿费：189×2+176×2+186+145+484+180=1725，交通费：305+8.2+15.5+33+9.5+80+16.5+26+9.8+340.5=844，给朋友带礼物：413，其他：6216.97-2472.5-1725-844-413=762.47，（其中，我出3000，悦学姐出2000，小荷包旅游经费1000元）,支出,食品饮料,食品饮料,0,,,11,2026-03-20 15:58:46,2026-03-20 15:58:46,2026-03-20 15:58:46
3435,2023-02-19,2500.0,悦姐转账,长沙-合肥，返校（2-11至2-19（不包含悦学姐的交通费936.17+1003.3+383.5+780.3+519.5+351+988+936.5+318.7=6216.97，其中餐饮费：38+175+766+39+68+214+25+184+25+68+98+69+28.5+177+278+40+180=2472.5，住宿费：189×2+176×2+186+145+484+180=1725，交通费：305+8.2+15.5+33+9.5+80+16.5+26+9.8+340.5=844，给朋友带礼物：413，其他：6216.97-2472.5-1725-844-413=762.47，（其中，我出3000，悦学姐出2000，小荷包旅游经费1000元）,收入,亲友转账,亲友转账,0,,,11,2026-03-20 15:58:46,2026-03-20 15:58:46,2026-03-20 15:58:46
3445,2023-02-18,189.0,住宿,,支出,住宿,住宿,0,,,11,2026-03-20 15:58:46,2026-03-20 15:58:46,2026-03-20 15:58:46
3444,2023-02-18,175.0,晚餐,,支出,食品饮料,食品饮料,0,,,11,2026-03-20 15:58:46,2026-03-20 15:58:46,2026-03-20 15:58:46
3443,2023-02-18,15.5,交通,,支出,交通,交通,0,,,11,2026-03-20 15:58:46,2026-03-20 15:58:46,2026-03-20 15:58:46
3442,2023-02-18,106.0,湖南博物馆,,支出,娱乐/运动,娱乐/运动,0,,,11,2026-03-20 15:58:46,2026-03-20 15:58:46,2026-03-20 15:58:46
3441,2023-02-18,38.0,咖啡,,支出,食品饮料,食品饮料,0,,,11,2026-03-20 15:58:46,2026-03-20 15:58:46,2026-03-20 15:58:46
3440,2023-02-18,413.0,给朋友带特产和礼物,,支出,社交,社交,0,,,11,2026-03-20 15:58:46,2026-03-20 15:58:46,2026-03-20 15:58:46
3449,2023-02-17,189.0,住宿,吃的最贵的一次自助餐,支出,住宿,住宿,0,,,11,2026-03-20 15:58:46,2026-03-20 15:58:46,2026-03-20 15:58:46
3448,2023-02-17,33.0,交通,吃的最贵的一次自助餐,支出,交通,交通,0,,,11,2026-03-20 15:58:46,2026-03-20 15:58:46,2026-03-20 15:58:46
3447,2023-02-17,700.0,晚餐,吃的最贵的一次自助餐,支出,食品饮料,食品饮料,0,,,11,2026-03-20 15:58:46,2026-03-20 15:58:46,2026-03-20 15:58:46
3446,2023-02-17,66.0,午餐,吃的最贵的一次自助餐,支出,食品饮料,食品饮料,0,,,11,2026-03-20 15:58:46,2026-03-20 15:58:46,2026-03-20 15:58:46
3453,2023-02-16,176.0,住宿,,支出,住宿,住宿,0,,,11,2026-03-20 15:58:46,2026-03-20 15:58:46,2026-03-20 15:58:46
3452,2023-02-16,68.0,晚餐,,支出,食品饮料,食品饮料,0,,,11,2026-03-20 15:58:46,2026-03-20 15:58:46,2026-03-20 15:58:46
3451,2023-02-16,68.0,电影票：河边的错误,,支出,娱乐/运动,娱乐/运动,0,,,11,2026-03-20 15:58:46,2026-03-20 15:58:46,2026-03-20 15:58:46
3450,2023-02-16,39.0,午餐,,支出,食品饮料,食品饮料,0,,,11,2026-03-20 15:58:46,2026-03-20 15:58:46,2026-03-20 15:58:46
3461,2023-02-15,176.0,住宿,,支出,住宿,住宿,0,,,11,2026-03-20 15:58:46,2026-03-20 15:58:46,2026-03-20 15:58:46
3460,2023-02-15,15.0,气球,,支出,生活支出,生活支出,0,,,11,2026-03-20 15:58:46,2026-03-20 15:58:46,2026-03-20 15:58:46
3459,2023-02-15,25.0,草莓,,支出,食品饮料,食品饮料,0,,,11,2026-03-20 15:58:46,2026-03-20 15:58:46,2026-03-20 15:58:46
3458,2023-02-15,41.0,晚餐,,支出,食品饮料,食品饮料,0,,,11,2026-03-20 15:58:46,2026-03-20 15:58:46,2026-03-20 15:58:46
3457,2023-02-15,80.0,橘子洲小火车,,支出,娱乐/运动,娱乐/运动,0,,,11,2026-03-20 15:58:46,2026-03-20 15:58:46,2026-03-20 15:58:46
3456,2023-02-15,150.0,午餐肉蟹煲,,支出,食品饮料,食品饮料,0,,,11,2026-03-20 15:58:46,2026-03-20 15:58:46,2026-03-20 15:58:46
3455,2023-02-15,23.0,茶颜悦色,,支出,食品饮料,食品饮料,0,,,11,2026-03-20 15:58:46,2026-03-20 15:58:46,2026-03-20 15:58:46
3454,2023-02-15,9.5,打车,,支出,交通,交通,0,,,11,2026-03-20 15:58:46,2026-03-20 15:58:46,2026-03-20 15:58:46
3470,2023-02-14,32.0,桶+睡衣,,支出,服饰,服饰,0,,,11,2026-03-20 15:58:46,2026-03-20 15:58:46,2026-03-20 15:58:46
3469,2023-02-14,186.0,住宿,,支出,住宿,住宿,0,,,11,2026-03-20 15:58:46,2026-03-20 15:58:46,2026-03-20 15:58:46
3468,2023-02-14,38.0,晚餐,,支出,食品饮料,食品饮料,0,,,11,2026-03-20 15:58:46,2026-03-20 15:58:46,2026-03-20 15:58:46
3467,2023-02-14,16.5,交通,,支出,交通,交通,0,,,11,2026-03-20 15:58:46,2026-03-20 15:58:46,2026-03-20 15:58:46
3466,2023-02-14,20.0,气球,,支出,生活支出,生活支出,0,,,11,2026-03-20 15:58:46,2026-03-20 15:58:46,2026-03-20 15:58:46
3465,2023-02-14,30.0,糖葫芦,,支出,食品饮料,食品饮料,0,,,11,2026-03-20 15:58:46,2026-03-20 15:58:46,2026-03-20 15:58:46
3464,2023-02-14,248.8,按摩+采耳+洗耳,,支出,娱乐/运动,娱乐/运动,0,,,11,2026-03-20 15:58:46,2026-03-20 15:58:46,2026-03-20 15:58:46
3463,2023-02-14,25.0,饮料,,支出,食品饮料,食品饮料,0,,,11,2026-03-20 15:58:46,2026-03-20 15:58:46,2026-03-20 15:58:46
3462,2023-02-14,184.0,午餐,,支出,食品饮料,食品饮料,0,,,11,2026-03-20 15:58:46,2026-03-20 15:58:46,2026-03-20 15:58:46
3476,2023-02-13,145.0,酒店,,支出,住宿,住宿,0,,,11,2026-03-20 15:58:46,2026-03-20 15:58:46,2026-03-20 15:58:46
3475,2023-02-13,28.5,零食,,支出,食品饮料,食品饮料,0,,,11,2026-03-20 15:58:46,2026-03-20 15:58:46,2026-03-20 15:58:46
3474,2023-02-13,69.0,晚餐,,支出,食品饮料,食品饮料,0,,,11,2026-03-20 15:58:46,2026-03-20 15:58:46,2026-03-20 15:58:46
3473,2023-02-13,26.0,交通,,支出,交通,交通,0,,,11,2026-03-20 15:58:46,2026-03-20 15:58:46,2026-03-20 15:58:46
3472,2023-02-13,98.0,午餐,,支出,食品饮料,食品饮料,0,,,11,2026-03-20 15:58:46,2026-03-20 15:58:46,2026-03-20 15:58:46
3471,2023-02-13,17.0,包包快递费,,支出,生活支出,生活支出,0,,,11,2026-03-20 15:58:46,2026-03-20 15:58:46,2026-03-20 15:58:46
3482,2023-02-12,484.0,酒店,住的最贵的一次酒店,支出,住宿,住宿,0,,,11,2026-03-20 15:58:46,2026-03-20 15:58:46,2026-03-20 15:58:46
3481,2023-02-12,39.5,茶颜悦色,住的最贵的一次酒店,支出,食品饮料,食品饮料,0,,,11,2026-03-20 15:58:46,2026-03-20 15:58:46,2026-03-20 15:58:46
3480,2023-02-12,278.0,晚餐,住的最贵的一次酒店,支出,食品饮料,食品饮料,0,,,11,2026-03-20 15:58:46,2026-03-20 15:58:46,2026-03-20 15:58:46
3479,2023-02-12,15.0,爱奇艺,住的最贵的一次酒店,支出,虚拟充值/通讯,虚拟充值/通讯,0,,,11,2026-03-20 15:58:46,2026-03-20 15:58:46,2026-03-20 15:58:46
3478,2023-02-12,177.0,午餐,住的最贵的一次酒店,支出,食品饮料,食品饮料,0,,,11,2026-03-20 15:58:46,2026-03-20 15:58:46,2026-03-20 15:58:46
3477,2023-02-12,9.8,交通,住的最贵的一次酒店,支出,交通,交通,0,,,11,2026-03-20 15:58:46,2026-03-20 15:58:46,2026-03-20 15:58:46
3488,2023-02-11,200.0,租相机,家-阜阳-合肥-长沙,支出,娱乐/运动,娱乐/运动,0,,,11,2026-03-20 15:58:46,2026-03-20 15:58:46,2026-03-20 15:58:46
3487,2023-02-11,180.0,酒店,家-阜阳-合肥-长沙,支出,住宿,住宿,0,,,11,2026-03-20 15:58:46,2026-03-20 15:58:46,2026-03-20 15:58:46
3486,2023-02-11,16.0,鞋垫+伞,家-阜阳-合肥-长沙,支出,服饰,服饰,0,,,11,2026-03-20 15:58:46,2026-03-20 15:58:46,2026-03-20 15:58:46
3485,2023-02-11,179.67,晚餐,家-阜阳-合肥-长沙,支出,食品饮料,食品饮料,0,,,11,2026-03-20 15:58:46,2026-03-20 15:58:46,2026-03-20 15:58:46
3484,2023-02-11,20.0,护发素,家-阜阳-合肥-长沙,支出,生活支出,生活支出,0,,,11,2026-03-20 15:58:46,2026-03-20 15:58:46,2026-03-20 15:58:46
3483,2023-02-11,340.5,火车票,家-阜阳-合肥-长沙,支出,交通,交通,0,,,11,2026-03-20 15:58:46,2026-03-20 15:58:46,2026-03-20 15:58:46
3489,2023-02-10,2000.0,妈（旅游经费）,,收入,亲友转账,亲友转账,0,,,11,2026-03-20 15:58:46,2026-03-20 15:58:46,2026-03-20 15:58:46
3490,2023-02-09,19.9,爸-花生,,支出,食品饮料,食品饮料,0,,,11,2026-03-20 15:58:46,2026-03-20 15:58:46,2026-03-20 15:58:46
3492,2023-02-06,160.0,攀岩鞋,,支出,娱乐/运动,娱乐/运动,0,,,11,2026-03-20 15:58:46,2026-03-20 15:58:46,2026-03-20 15:58:46
3491,2023-02-06,46.0,美特斯邦威马甲羽绒服,,支出,服饰,服饰,0,,,11,2026-03-20 15:58:46,2026-03-20 15:58:46,2026-03-20 15:58:46
3494,2023-02-04,28.9,家庭-卷纸,,支出,生活支出,生活支出,0,,,11,2026-03-20 15:58:46,2026-03-20 15:58:46,2026-03-20 15:58:46
3493,2023-02-04,22.0,鱼缸增氧石,,支出,生活支出,生活支出,0,,,11,2026-03-20 15:58:46,2026-03-20 15:58:46,2026-03-20 15:58:46
3496,2023-02-03,53.9,巧克力,,支出,食品饮料,食品饮料,0,,,11,2026-03-20 15:58:46,2026-03-20 15:58:46,2026-03-20 15:58:46
3495,2023-02-03,10.0,剪头,,支出,生活支出,生活支出,0,,,11,2026-03-20 15:58:46,2026-03-20 15:58:46,2026-03-20 15:58:46
3497,2023-02-02,35.8,引体向上杆,,支出,生活支出,生活支出,0,,,11,2026-03-20 15:58:46,2026-03-20 15:58:46,2026-03-20 15:58:46
3498,2023-02-01,26.8,袜子,,支出,服饰,服饰,0,,,11,2026-03-20 15:58:46,2026-03-20 15:58:46,2026-03-20 15:58:46
3504,2023-01-30,2000.0,妈（其中1000是旅游经费）,,收入,亲友转账,亲友转账,0,,,11,2026-03-20 15:58:46,2026-03-20 15:58:46,2026-03-20 15:58:46
3503,2023-01-30,22.5,鱼缸加热棒,,支出,生活支出,生活支出,0,,,11,2026-03-20 15:58:46,2026-03-20 15:58:46,2026-03-20 15:58:46
3502,2023-01-30,15.9,精确秤,,支出,生活支出,生活支出,0,,,11,2026-03-20 15:58:46,2026-03-20 15:58:46,2026-03-20 15:58:46
3501,2023-01-30,5.1,悦学姐头绳,,支出,生活支出,生活支出,0,,,11,2026-03-20 15:58:46,2026-03-20 15:58:46,2026-03-20 15:58:46
3500,2023-01-30,66.87,家庭日用品,,支出,生活支出,生活支出,0,,,11,2026-03-20 15:58:46,2026-03-20 15:58:46,2026-03-20 15:58:46
3499,2023-01-30,32.8,一次性内裤,,支出,服饰,服饰,0,,,11,2026-03-20 15:58:46,2026-03-20 15:58:46,2026-03-20 15:58:46
3511,2023-01-29,50.0,悦学姐皮肤,,支出,虚拟充值/通讯,虚拟充值/通讯,0,,,11,2026-03-20 15:58:46,2026-03-20 15:58:46,2026-03-20 15:58:46
3510,2023-01-29,43.8,套套,,支出,生活支出,生活支出,0,,,11,2026-03-20 15:58:46,2026-03-20 15:58:46,2026-03-20 15:58:46
3509,2023-01-29,53.8,润滑液,,支出,生活支出,生活支出,0,,,11,2026-03-20 15:58:46,2026-03-20 15:58:46,2026-03-20 15:58:46
3508,2023-01-29,26.0,飞机杯加热棒,,支出,生活支出,生活支出,0,,,11,2026-03-20 15:58:46,2026-03-20 15:58:46,2026-03-20 15:58:46
3507,2023-01-29,5.54,戒指,,支出,生活支出,生活支出,0,,,11,2026-03-20 15:58:46,2026-03-20 15:58:46,2026-03-20 15:58:46
3506,2023-01-29,8.25,电脑支架,,支出,生活支出,生活支出,0,,,11,2026-03-20 15:58:46,2026-03-20 15:58:46,2026-03-20 15:58:46
3505,2023-01-29,16.51,R语言统计分析,,支出,学习/培训/办公,学习/培训/办公,0,,,11,2026-03-20 15:58:46,2026-03-20 15:58:46,2026-03-20 15:58:46
3512,2023-01-28,50.0,森马针织衫,,支出,服饰,服饰,0,,,11,2026-03-20 15:58:46,2026-03-20 15:58:46,2026-03-20 15:58:46
3514,2023-01-26,6.4,鱼缸排便器,,支出,生活支出,生活支出,0,,,11,2026-03-20 15:58:46,2026-03-20 15:58:46,2026-03-20 15:58:46
3513,2023-01-26,14.6,妈-文竹盆景,,支出,生活支出,生活支出,0,,,11,2026-03-20 15:58:46,2026-03-20 15:58:46,2026-03-20 15:58:46
3515,2023-01-22,88.0,悦学姐红包,,支出,亲友转账,亲友转账,0,,,11,2026-03-20 15:58:46,2026-03-20 15:58:46,2026-03-20 15:58:46
3522,2023-01-21,200.0,爸,,收入,亲友转账,亲友转账,0,,,11,2026-03-20 15:58:46,2026-03-20 15:58:46,2026-03-20 15:58:46
3521,2023-01-21,200.0,妈,,收入,亲友转账,亲友转账,0,,,11,2026-03-20 15:58:46,2026-03-20 15:58:46,2026-03-20 15:58:46
3520,2023-01-21,30.0,悦学姐红包,,收入,亲友转账,亲友转账,0,,,11,2026-03-20 15:58:46,2026-03-20 15:58:46,2026-03-20 15:58:46
3519,2023-01-21,10.4,垃圾桶,,支出,生活支出,生活支出,0,,,11,2026-03-20 15:58:46,2026-03-20 15:58:46,2026-03-20 15:58:46
3518,2023-01-21,53.0,鱼缸森森过滤器,,支出,生活支出,生活支出,0,,,11,2026-03-20 15:58:46,2026-03-20 15:58:46,2026-03-20 15:58:46
3517,2023-01-21,5.0,鱼饲料,,支出,生活支出,生活支出,0,,,11,2026-03-20 15:58:46,2026-03-20 15:58:46,2026-03-20 15:58:46
3516,2023-01-21,164.5,羽绒裤,,支出,服饰,服饰,0,,,11,2026-03-20 15:58:46,2026-03-20 15:58:46,2026-03-20 15:58:46
3524,2023-01-19,10.0,悦学姐袜子,,支出,服饰,服饰,0,,,11,2026-03-20 15:58:46,2026-03-20 15:58:46,2026-03-20 15:58:46
3523,2023-01-19,297.0,悦学姐羽绒服,,支出,服饰,服饰,0,,,11,2026-03-20 15:58:46,2026-03-20 15:58:46,2026-03-20 15:58:46
3527,2023-01-15,18.8,增氧泵,,支出,生活支出,生活支出,0,,,11,2026-03-20 15:58:46,2026-03-20 15:58:46,2026-03-20 15:58:46
3526,2023-01-15,42.0,悦学姐晚餐,,支出,食品饮料,食品饮料,0,,,11,2026-03-20 15:58:46,2026-03-20 15:58:46,2026-03-20 15:58:46
3525,2023-01-15,118.0,复试资料,,支出,学习/培训/办公,学习/培训/办公,0,,,11,2026-03-20 15:58:46,2026-03-20 15:58:46,2026-03-20 15:58:46
3530,2023-01-14,25.0,草莓,回家,支出,食品饮料,食品饮料,0,,,11,2026-03-20 15:58:46,2026-03-20 15:58:46,2026-03-20 15:58:46
3529,2023-01-14,5.0,交通,回家,支出,交通,交通,0,,,11,2026-03-20 15:58:46,2026-03-20 15:58:46,2026-03-20 15:58:46
3528,2023-01-14,10.0,午餐,回家,支出,食品饮料,食品饮料,0,,,11,2026-03-20 15:58:46,2026-03-20 15:58:46,2026-03-20 15:58:46
3533,2023-01-13,40.0,悦学姐坚果,,支出,食品饮料,食品饮料,0,,,11,2026-03-20 15:58:46,2026-03-20 15:58:46,2026-03-20 15:58:46
3532,2023-01-13,10.0,晚餐,,支出,食品饮料,食品饮料,0,,,11,2026-03-20 15:58:46,2026-03-20 15:58:46,2026-03-20 15:58:46
3531,2023-01-13,14.5,午餐,,支出,食品饮料,食品饮料,0,,,11,2026-03-20 15:58:46,2026-03-20 15:58:46,2026-03-20 15:58:46
3536,2023-01-12,25.0,UU加速器,,支出,虚拟充值/通讯,虚拟充值/通讯,0,,,11,2026-03-20 15:58:46,2026-03-20 15:58:46,2026-03-20 15:58:46
3535,2023-01-12,45.0,晚餐,,支出,食品饮料,食品饮料,0,,,11,2026-03-20 15:58:46,2026-03-20 15:58:46,2026-03-20 15:58:46
3534,2023-01-12,17.8,午餐,,支出,食品饮料,食品饮料,0,,,11,2026-03-20 15:58:46,2026-03-20 15:58:46,2026-03-20 15:58:46
3540,2023-01-11,16.0,夜宵,悦姐掉冰水里,支出,食品饮料,食品饮料,0,,,11,2026-03-20 15:58:46,2026-03-20 15:58:46,2026-03-20 15:58:46
3539,2023-01-11,50.0,打麻将,悦姐掉冰水里,支出,娱乐/运动,娱乐/运动,0,,,11,2026-03-20 15:58:46,2026-03-20 15:58:46,2026-03-20 15:58:46
3538,2023-01-11,20.1,午餐,悦姐掉冰水里,支出,食品饮料,食品饮料,0,,,11,2026-03-20 15:58:46,2026-03-20 15:58:46,2026-03-20 15:58:46
3537,2023-01-11,98.5,二姨水果+书,悦姐掉冰水里,支出,社交,社交,0,,,11,2026-03-20 15:58:46,2026-03-20 15:58:46,2026-03-20 15:58:46
3544,2023-01-10,70.0,住宿,,支出,住宿,住宿,0,,,11,2026-03-20 15:58:46,2026-03-20 15:58:46,2026-03-20 15:58:46
3543,2023-01-10,15.5,晚餐,,支出,食品饮料,食品饮料,0,,,11,2026-03-20 15:58:46,2026-03-20 15:58:46,2026-03-20 15:58:46
3542,2023-01-10,200.0,悦学姐生活费,,支出,亲友转账,亲友转账,0,,,11,2026-03-20 15:58:46,2026-03-20 15:58:46,2026-03-20 15:58:46
3541,2023-01-10,38.3,午餐,,支出,食品饮料,食品饮料,0,,,11,2026-03-20 15:58:46,2026-03-20 15:58:46,2026-03-20 15:58:46
3545,2023-01-09,13.0,晚餐,阜阳-利辛李涛家,支出,食品饮料,食品饮料,0,,,11,2026-03-20 15:58:46,2026-03-20 15:58:46,2026-03-20 15:58:46
3546,2023-01-07,180.0,打本-康佳,我明白了，异性朋友可以多见面多玩耍，但是不能多线上一直聊,支出,社交,社交,0,,,11,2026-03-20 15:58:46,2026-03-20 15:58:46,2026-03-20 15:58:46
3550,2023-01-06,100.0,下午一单线性代数,,收入,工资,工资,0,,,11,2026-03-20 15:58:46,2026-03-20 15:58:46,2026-03-20 15:58:46
3549,2023-01-06,100.0,上午一单统计学,,收入,工资,工资,0,,,11,2026-03-20 15:58:46,2026-03-20 15:58:46,2026-03-20 15:58:46
3548,2023-01-06,50.0,书,,支出,学习/培训/办公,学习/培训/办公,0,,,11,2026-03-20 15:58:46,2026-03-20 15:58:46,2026-03-20 15:58:46
3547,2023-01-06,35.0,套,,支出,生活支出,生活支出,0,,,11,2026-03-20 15:58:46,2026-03-20 15:58:46,2026-03-20 15:58:46
3552,2023-01-05,500.0,悦学姐麻将钱,,支出,娱乐/运动,娱乐/运动,0,,,11,2026-03-20 15:58:46,2026-03-20 15:58:46,2026-03-20 15:58:46
3551,2023-01-05,15.0,做一题,,收入,工资,工资,0,,,11,2026-03-20 15:58:46,2026-03-20 15:58:46,2026-03-20 15:58:46
3556,2023-01-04,2.0,哈罗,从家到康佳家,支出,交通,交通,0,,,11,2026-03-20 15:58:46,2026-03-20 15:58:46,2026-03-20 15:58:46
3555,2023-01-04,105.5,买菜+吃的+生活用品,从家到康佳家,支出,食品饮料,食品饮料,0,,,11,2026-03-20 15:58:46,2026-03-20 15:58:46,2026-03-20 15:58:46
3554,2023-01-04,25.0,晚上做作业,从家到康佳家,收入,工资,工资,0,,,11,2026-03-20 15:58:46,2026-03-20 15:58:46,2026-03-20 15:58:46
3553,2023-01-04,150.0,上午一单,从家到康佳家,收入,工资,工资,0,,,11,2026-03-20 15:58:46,2026-03-20 15:58:46,2026-03-20 15:58:46
3559,2023-01-03,525.0,下午接单,,收入,工资,工资,0,,,11,2026-03-20 15:58:46,2026-03-20 15:58:46,2026-03-20 15:58:46
3558,2023-01-03,200.0,上午两单,,收入,工资,工资,0,,,11,2026-03-20 15:58:46,2026-03-20 15:58:46,2026-03-20 15:58:46
3557,2023-01-03,50.0,话费,,支出,虚拟充值/通讯,虚拟充值/通讯,0,,,11,2026-03-20 15:58:46,2026-03-20 15:58:46,2026-03-20 15:58:46
3562,2023-01-01,110.0,接一单,,收入,工资,工资,0,,,11,2026-03-20 15:58:46,2026-03-20 15:58:46,2026-03-20 15:58:46
3561,2023-01-01,88.8,悦学姐跨年红包,,支出,亲友转账,亲友转账,0,,,11,2026-03-20 15:58:46,2026-03-20 15:58:46,2026-03-20 15:58:46
3560,2023-01-01,66.0,蒲地蓝口服液,,支出,生活支出,生活支出,0,,,11,2026-03-20 15:58:46,2026-03-20 15:58:46,2026-03-20 15:58:46
8107,2022-12-31,20.0,红包,旧账导入-2022,支出,社交,社交,0,,,14,2026-03-20 16:40:48,2026-03-20 16:40:48,2026-03-20 16:40:48
8106,2022-12-31,36.0,交通出行,旧账导入-2022,支出,交通,交通,0,,,14,2026-03-20 16:40:48,2026-03-20 16:40:48,2026-03-20 16:40:48
8105,2022-12-31,62.0,晚餐,旧账导入-2022,支出,食品饮料,食品饮料,0,,,14,2026-03-20 16:40:48,2026-03-20 16:40:48,2026-03-20 16:40:48
8104,2022-12-31,15.0,午餐,旧账导入-2022,支出,食品饮料,食品饮料,0,,,14,2026-03-20 16:40:48,2026-03-20 16:40:48,2026-03-20 16:40:48
8103,2022-12-30,400.0,龙舟队训练费,旧账导入-2022,收入,其他,其他,0,,,14,2026-03-20 16:40:48,2026-03-20 16:40:48,2026-03-20 16:40:48
8102,2022-12-30,110.0,安装床,旧账导入-2022,支出,生活支出,生活支出,0,,,14,2026-03-20 16:40:48,2026-03-20 16:40:48,2026-03-20 16:40:48
8101,2022-12-30,100.0,悦姐姐,旧账导入-2022,支出,亲友转账,亲友转账,0,,,14,2026-03-20 16:40:48,2026-03-20 16:40:48,2026-03-20 16:40:48
8100,2022-12-29,6.0,交通出行,旧账导入-2022,支出,交通,交通,0,,,14,2026-03-20 16:40:48,2026-03-20 16:40:48,2026-03-20 16:40:48
8099,2022-12-29,11.0,餐饮,旧账导入-2022,支出,食品饮料,食品饮料,0,,,14,2026-03-20 16:40:48,2026-03-20 16:40:48,2026-03-20 16:40:48
8098,2022-12-29,11.0,午餐,旧账导入-2022,支出,食品饮料,食品饮料,0,,,14,2026-03-20 16:40:48,2026-03-20 16:40:48,2026-03-20 16:40:48
8097,2022-12-28,440.0,看病,旧账导入-2022,支出,生活支出,生活支出,0,,,14,2026-03-20 16:40:48,2026-03-20 16:40:48,2026-03-20 16:40:48
8096,2022-12-28,-500.0,姐姐转账,旧账导入-2022,支出,亲友转账,亲友转账,0,,,14,2026-03-20 16:40:48,2026-03-20 16:40:48,2026-03-20 16:40:48
8095,2022-12-27,8.0,生活支出,旧账导入-2022,支出,生活支出,生活支出,0,,,14,2026-03-20 16:40:48,2026-03-20 16:40:48,2026-03-20 16:40:48
8094,2022-12-27,4.0,交通出行,旧账导入-2022,支出,交通,交通,0,,,14,2026-03-20 16:40:48,2026-03-20 16:40:48,2026-03-20 16:40:48
8093,2022-12-27,9.5,晚餐,旧账导入-2022,支出,食品饮料,食品饮料,0,,,14,2026-03-20 16:40:48,2026-03-20 16:40:48,2026-03-20 16:40:48
8092,2022-12-26,24.8,买药,旧账导入-2022,支出,生活支出,生活支出,0,,,14,2026-03-20 16:40:48,2026-03-20 16:40:48,2026-03-20 16:40:48
8091,2022-12-26,32.0,域名,旧账导入-2022,支出,虚拟充值/通讯,虚拟充值/通讯,0,,,14,2026-03-20 16:40:48,2026-03-20 16:40:48,2026-03-20 16:40:48
8090,2022-12-26,99.0,皮肤,旧账导入-2022,支出,亲友转账,亲友转账,0,,,14,2026-03-20 16:40:48,2026-03-20 16:40:48,2026-03-20 16:40:48
8089,2022-12-26,35.0,买菜,旧账导入-2022,支出,食品饮料,食品饮料,0,,,14,2026-03-20 16:40:48,2026-03-20 16:40:48,2026-03-20 16:40:48
8088,2022-12-26,18.8,蛋挞,旧账导入-2022,支出,食品饮料,食品饮料,0,,,14,2026-03-20 16:40:48,2026-03-20 16:40:48,2026-03-20 16:40:48
8087,2022-12-25,32.0,买菜,旧账导入-2022,支出,食品饮料,食品饮料,0,,,14,2026-03-20 16:40:48,2026-03-20 16:40:48,2026-03-20 16:40:48
8086,2022-12-24,500.0,学校补助,旧账导入-2022,收入,其他,其他,0,,,14,2026-03-20 16:40:48,2026-03-20 16:40:48,2026-03-20 16:40:48
8085,2022-12-24,366.0,买床,旧账导入-2022,支出,生活支出,生活支出,0,,,14,2026-03-20 16:40:48,2026-03-20 16:40:48,2026-03-20 16:40:48
8084,2022-12-24,200.0,悦姐姐,旧账导入-2022,支出,亲友转账,亲友转账,0,,,14,2026-03-20 16:40:48,2026-03-20 16:40:48,2026-03-20 16:40:48
8083,2022-12-23,150.0,医疗健康,旧账导入-2022,支出,生活支出,生活支出,0,,,14,2026-03-20 16:40:48,2026-03-20 16:40:48,2026-03-20 16:40:48
8082,2022-12-23,80.0,交通出行,旧账导入-2022,支出,交通,交通,0,,,14,2026-03-20 16:40:48,2026-03-20 16:40:48,2026-03-20 16:40:48
8081,2022-12-22,8.0,交通出行,旧账导入-2022,支出,交通,交通,0,,,14,2026-03-20 16:40:48,2026-03-20 16:40:48,2026-03-20 16:40:48
8080,2022-12-22,34.5,烧烤,旧账导入-2022,支出,食品饮料,食品饮料,0,,,14,2026-03-20 16:40:48,2026-03-20 16:40:48,2026-03-20 16:40:48
8079,2022-12-22,72.0,买菜,旧账导入-2022,支出,食品饮料,食品饮料,0,,,14,2026-03-20 16:40:48,2026-03-20 16:40:48,2026-03-20 16:40:48
8078,2022-12-20,18.9,插排,旧账导入-2022,支出,生活支出,生活支出,0,,,14,2026-03-20 16:40:48,2026-03-20 16:40:48,2026-03-20 16:40:48
8077,2022-12-20,5.5,餐饮,旧账导入-2022,支出,食品饮料,食品饮料,0,,,14,2026-03-20 16:40:48,2026-03-20 16:40:48,2026-03-20 16:40:48
8076,2022-12-18,4.0,交通出行,旧账导入-2022,支出,交通,交通,0,,,14,2026-03-20 16:40:48,2026-03-20 16:40:48,2026-03-20 16:40:48
8075,2022-12-18,16.0,餐饮,旧账导入-2022,支出,食品饮料,食品饮料,0,,,14,2026-03-20 16:40:48,2026-03-20 16:40:48,2026-03-20 16:40:48
8074,2022-12-17,-95.0,隐形眼镜,旧账导入-2022,支出,亲友转账,亲友转账,0,,,14,2026-03-20 16:40:48,2026-03-20 16:40:48,2026-03-20 16:40:48
8073,2022-12-17,32.0,交通出行,旧账导入-2022,支出,交通,交通,0,,,14,2026-03-20 16:40:48,2026-03-20 16:40:48,2026-03-20 16:40:48
8072,2022-12-16,30.0,生活支出,旧账导入-2022,支出,生活支出,生活支出,0,,,14,2026-03-20 16:40:48,2026-03-20 16:40:48,2026-03-20 16:40:48
8071,2022-12-16,3.5,交通出行,旧账导入-2022,支出,交通,交通,0,,,14,2026-03-20 16:40:48,2026-03-20 16:40:48,2026-03-20 16:40:48
8070,2022-12-16,34.0,餐饮,旧账导入-2022,支出,食品饮料,食品饮料,0,,,14,2026-03-20 16:40:48,2026-03-20 16:40:48,2026-03-20 16:40:48
8069,2022-12-15,210.0,医疗健康,旧账导入-2022,支出,生活支出,生活支出,0,,,14,2026-03-20 16:40:48,2026-03-20 16:40:48,2026-03-20 16:40:48
8068,2022-12-15,-100.0,悦姐姐,旧账导入-2022,支出,亲友转账,亲友转账,0,,,14,2026-03-20 16:40:48,2026-03-20 16:40:48,2026-03-20 16:40:48
8067,2022-12-15,20.74,交通出行,旧账导入-2022,支出,交通,交通,0,,,14,2026-03-20 16:40:48,2026-03-20 16:40:48,2026-03-20 16:40:48
8066,2022-12-15,28.8,晚餐,旧账导入-2022,支出,食品饮料,食品饮料,0,,,14,2026-03-20 16:40:48,2026-03-20 16:40:48,2026-03-20 16:40:48
8065,2022-12-14,182.0,医疗健康,旧账导入-2022,支出,生活支出,生活支出,0,,,14,2026-03-20 16:40:48,2026-03-20 16:40:48,2026-03-20 16:40:48
8064,2022-12-14,89.0,水电费,旧账导入-2022,支出,生活支出,生活支出,0,,,14,2026-03-20 16:40:48,2026-03-20 16:40:48,2026-03-20 16:40:48
8063,2022-12-14,6.0,交通出行,旧账导入-2022,支出,交通,交通,0,,,14,2026-03-20 16:40:48,2026-03-20 16:40:48,2026-03-20 16:40:48
8062,2022-12-14,50.0,晚餐,旧账导入-2022,支出,食品饮料,食品饮料,0,,,14,2026-03-20 16:40:48,2026-03-20 16:40:48,2026-03-20 16:40:48
8061,2022-12-14,22.0,午餐,旧账导入-2022,支出,食品饮料,食品饮料,0,,,14,2026-03-20 16:40:48,2026-03-20 16:40:48,2026-03-20 16:40:48
8060,2022-12-08,115.0,家庭支出,旧账导入-2022,支出,亲友转账,亲友转账,0,,,14,2026-03-20 16:40:48,2026-03-20 16:40:48,2026-03-20 16:40:48
8059,2022-12-08,8.0,餐饮,旧账导入-2022,支出,食品饮料,食品饮料,0,,,14,2026-03-20 16:40:48,2026-03-20 16:40:48,2026-03-20 16:40:48
8058,2022-12-07,30.0,医疗健康,旧账导入-2022,支出,生活支出,生活支出,0,,,14,2026-03-20 16:40:48,2026-03-20 16:40:48,2026-03-20 16:40:48
8057,2022-12-05,200.0,医疗健康,旧账导入-2022,支出,生活支出,生活支出,0,,,14,2026-03-20 16:40:48,2026-03-20 16:40:48,2026-03-20 16:40:48
8056,2022-12-05,150.0,悦姐姐,旧账导入-2022,支出,亲友转账,亲友转账,0,,,14,2026-03-20 16:40:48,2026-03-20 16:40:48,2026-03-20 16:40:48
8055,2022-12-05,43.0,交通出行,旧账导入-2022,支出,交通,交通,0,,,14,2026-03-20 16:40:48,2026-03-20 16:40:48,2026-03-20 16:40:48
8054,2022-12-05,30.0,早餐,旧账导入-2022,支出,食品饮料,食品饮料,0,,,14,2026-03-20 16:40:48,2026-03-20 16:40:48,2026-03-20 16:40:48
8053,2022-12-04,90.0,医疗健康,旧账导入-2022,支出,生活支出,生活支出,0,,,14,2026-03-20 16:40:48,2026-03-20 16:40:48,2026-03-20 16:40:48
8052,2022-12-04,30.0,交通出行,旧账导入-2022,支出,交通,交通,0,,,14,2026-03-20 16:40:48,2026-03-20 16:40:48,2026-03-20 16:40:48
8051,2022-12-04,93.0,买菜,旧账导入-2022,支出,食品饮料,食品饮料,0,,,14,2026-03-20 16:40:48,2026-03-20 16:40:48,2026-03-20 16:40:48
8050,2022-12-03,3500.0,学校补助,旧账导入-2022,收入,其他,其他,0,,,14,2026-03-20 16:40:48,2026-03-20 16:40:48,2026-03-20 16:40:48
8049,2022-12-03,5.5,交通出行,旧账导入-2022,支出,交通,交通,0,,,14,2026-03-20 16:40:48,2026-03-20 16:40:48,2026-03-20 16:40:48
8048,2022-12-03,6.0,餐饮,旧账导入-2022,支出,食品饮料,食品饮料,0,,,14,2026-03-20 16:40:48,2026-03-20 16:40:48,2026-03-20 16:40:48
8047,2022-12-03,11.0,午餐,旧账导入-2022,支出,食品饮料,食品饮料,0,,,14,2026-03-20 16:40:48,2026-03-20 16:40:48,2026-03-20 16:40:48
8046,2022-12-02,600.0,悦姐姐,旧账导入-2022,支出,亲友转账,亲友转账,0,,,14,2026-03-20 16:40:48,2026-03-20 16:40:48,2026-03-20 16:40:48
8045,2022-12-02,50.0,家庭支出,旧账导入-2022,支出,亲友转账,亲友转账,0,,,14,2026-03-20 16:40:48,2026-03-20 16:40:48,2026-03-20 16:40:48
8044,2022-12-02,5.0,交通出行,旧账导入-2022,支出,交通,交通,0,,,14,2026-03-20 16:40:48,2026-03-20 16:40:48,2026-03-20 16:40:48
8043,2022-12-02,94.0,奶粉+买菜,旧账导入-2022,支出,食品饮料,食品饮料,0,,,14,2026-03-20 16:40:48,2026-03-20 16:40:48,2026-03-20 16:40:48
8042,2022-12-02,10.0,午餐,旧账导入-2022,支出,食品饮料,食品饮料,0,,,14,2026-03-20 16:40:48,2026-03-20 16:40:48,2026-03-20 16:40:48
8041,2022-12-01,1800.0,爸妈,旧账导入-2022,收入,亲友转账,亲友转账,0,,,14,2026-03-20 16:40:48,2026-03-20 16:40:48,2026-03-20 16:40:48
8040,2022-12-01,11.0,交通出行,旧账导入-2022,支出,交通,交通,0,,,14,2026-03-20 16:40:48,2026-03-20 16:40:48,2026-03-20 16:40:48
8039,2022-12-01,55.75,晚餐,旧账导入-2022,支出,食品饮料,食品饮料,0,,,14,2026-03-20 16:40:48,2026-03-20 16:40:48,2026-03-20 16:40:48
8038,2022-12-01,17.5,午餐,旧账导入-2022,支出,食品饮料,食品饮料,0,,,14,2026-03-20 16:40:48,2026-03-20 16:40:48,2026-03-20 16:40:48
8037,2022-11-30,8.0,交通出行,旧账导入-2022,支出,交通,交通,0,,,14,2026-03-20 16:40:48,2026-03-20 16:40:48,2026-03-20 16:40:48
8036,2022-11-30,27.0,餐饮,旧账导入-2022,支出,食品饮料,食品饮料,0,,,14,2026-03-20 16:40:48,2026-03-20 16:40:48,2026-03-20 16:40:48
8035,2022-11-30,50.0,王肖旭来家吃饭,旧账导入-2022,支出,食品饮料,食品饮料,0,,,14,2026-03-20 16:40:48,2026-03-20 16:40:48,2026-03-20 16:40:48
8034,2022-11-30,16.0,午餐,旧账导入-2022,支出,食品饮料,食品饮料,0,,,14,2026-03-20 16:40:48,2026-03-20 16:40:48,2026-03-20 16:40:48
8033,2022-11-29,-270.0,悦姐姐,旧账导入-2022,支出,亲友转账,亲友转账,0,,,14,2026-03-20 16:40:48,2026-03-20 16:40:48,2026-03-20 16:40:48
8032,2022-11-29,3.0,交通出行,旧账导入-2022,支出,交通,交通,0,,,14,2026-03-20 16:40:48,2026-03-20 16:40:48,2026-03-20 16:40:48
8031,2022-11-29,18.0,餐饮,旧账导入-2022,支出,食品饮料,食品饮料,0,,,14,2026-03-20 16:40:48,2026-03-20 16:40:48,2026-03-20 16:40:48
8030,2022-11-29,9.0,早餐,旧账导入-2022,支出,食品饮料,食品饮料,0,,,14,2026-03-20 16:40:48,2026-03-20 16:40:48,2026-03-20 16:40:48
8029,2022-11-27,-50.0,悦姐姐,旧账导入-2022,支出,亲友转账,亲友转账,0,,,14,2026-03-20 16:40:48,2026-03-20 16:40:48,2026-03-20 16:40:48
8028,2022-11-27,8.0,交通出行,旧账导入-2022,支出,交通,交通,0,,,14,2026-03-20 16:40:48,2026-03-20 16:40:48,2026-03-20 16:40:48
8027,2022-11-27,8.4,餐饮,旧账导入-2022,支出,食品饮料,食品饮料,0,,,14,2026-03-20 16:40:48,2026-03-20 16:40:48,2026-03-20 16:40:48
8026,2022-11-26,8.0,交通出行,旧账导入-2022,支出,交通,交通,0,,,14,2026-03-20 16:40:48,2026-03-20 16:40:48,2026-03-20 16:40:48
8025,2022-11-25,31.28,悦姐姐,旧账导入-2022,支出,亲友转账,亲友转账,0,,,14,2026-03-20 16:40:48,2026-03-20 16:40:48,2026-03-20 16:40:48
8024,2022-11-25,6.0,交通出行,旧账导入-2022,支出,交通,交通,0,,,14,2026-03-20 16:40:48,2026-03-20 16:40:48,2026-03-20 16:40:48
8023,2022-11-24,7.5,交通出行,旧账导入-2022,支出,交通,交通,0,,,14,2026-03-20 16:40:48,2026-03-20 16:40:48,2026-03-20 16:40:48
8022,2022-11-24,35.0,晚餐,旧账导入-2022,支出,食品饮料,食品饮料,0,,,14,2026-03-20 16:40:48,2026-03-20 16:40:48,2026-03-20 16:40:48
8021,2022-11-24,13.0,午餐,旧账导入-2022,支出,食品饮料,食品饮料,0,,,14,2026-03-20 16:40:48,2026-03-20 16:40:48,2026-03-20 16:40:48
8020,2022-11-23,13.8,餐饮,旧账导入-2022,支出,食品饮料,食品饮料,0,,,14,2026-03-20 16:40:48,2026-03-20 16:40:48,2026-03-20 16:40:48
8019,2022-11-22,44.0,餐饮,旧账导入-2022,支出,食品饮料,食品饮料,0,,,14,2026-03-20 16:40:48,2026-03-20 16:40:48,2026-03-20 16:40:48
8018,2022-11-21,5.0,交通出行,旧账导入-2022,支出,交通,交通,0,,,14,2026-03-20 16:40:48,2026-03-20 16:40:48,2026-03-20 16:40:48
8017,2022-11-21,43.0,餐饮,旧账导入-2022,支出,食品饮料,食品饮料,0,,,14,2026-03-20 16:40:48,2026-03-20 16:40:48,2026-03-20 16:40:48
8016,2022-11-21,11.0,午餐,旧账导入-2022,支出,食品饮料,食品饮料,0,,,14,2026-03-20 16:40:48,2026-03-20 16:40:48,2026-03-20 16:40:48
8015,2022-11-20,431.0,生活用具,旧账导入-2022,支出,生活支出,生活支出,0,,,14,2026-03-20 16:40:48,2026-03-20 16:40:48,2026-03-20 16:40:48
8014,2022-11-20,-720.0,悦姐姐,旧账导入-2022,支出,亲友转账,亲友转账,0,,,14,2026-03-20 16:40:48,2026-03-20 16:40:48,2026-03-20 16:40:48
8013,2022-11-20,8.0,交通出行,旧账导入-2022,支出,交通,交通,0,,,14,2026-03-20 16:40:48,2026-03-20 16:40:48,2026-03-20 16:40:48
8012,2022-11-20,26.65,晚餐,旧账导入-2022,支出,食品饮料,食品饮料,0,,,14,2026-03-20 16:40:48,2026-03-20 16:40:48,2026-03-20 16:40:48
8011,2022-11-20,13.0,午餐,旧账导入-2022,支出,食品饮料,食品饮料,0,,,14,2026-03-20 16:40:48,2026-03-20 16:40:48,2026-03-20 16:40:48
8010,2022-11-19,25.0,晚餐,旧账导入-2022,支出,食品饮料,食品饮料,0,,,14,2026-03-20 16:40:48,2026-03-20 16:40:48,2026-03-20 16:40:48
8009,2022-11-19,11.0,午餐,旧账导入-2022,支出,食品饮料,食品饮料,0,,,14,2026-03-20 16:40:48,2026-03-20 16:40:48,2026-03-20 16:40:48
8008,2022-11-18,775.0,房租,旧账导入-2022,支出,住宿,住宿,0,,,14,2026-03-20 16:40:48,2026-03-20 16:40:48,2026-03-20 16:40:48
8007,2022-11-18,73.0,悦姐姐,旧账导入-2022,支出,亲友转账,亲友转账,0,,,14,2026-03-20 16:40:48,2026-03-20 16:40:48,2026-03-20 16:40:48
8006,2022-11-18,11.0,交通出行,旧账导入-2022,支出,交通,交通,0,,,14,2026-03-20 16:40:48,2026-03-20 16:40:48,2026-03-20 16:40:48
8005,2022-11-18,20.0,晚餐,旧账导入-2022,支出,食品饮料,食品饮料,0,,,14,2026-03-20 16:40:48,2026-03-20 16:40:48,2026-03-20 16:40:48
8004,2022-11-18,11.0,午餐,旧账导入-2022,支出,食品饮料,食品饮料,0,,,14,2026-03-20 16:40:48,2026-03-20 16:40:48,2026-03-20 16:40:48
8003,2022-11-17,30.0,悦姐姐,旧账导入-2022,支出,亲友转账,亲友转账,0,,,14,2026-03-20 16:40:48,2026-03-20 16:40:48,2026-03-20 16:40:48
8002,2022-11-17,11.0,晚餐,旧账导入-2022,支出,食品饮料,食品饮料,0,,,14,2026-03-20 16:40:48,2026-03-20 16:40:48,2026-03-20 16:40:48
8001,2022-11-16,99.0,住宿支出,旧账导入-2022,支出,住宿,住宿,0,,,14,2026-03-20 16:40:48,2026-03-20 16:40:48,2026-03-20 16:40:48
8000,2022-11-16,24.1,交通出行,旧账导入-2022,支出,交通,交通,0,,,14,2026-03-20 16:40:48,2026-03-20 16:40:48,2026-03-20 16:40:48
7999,2022-11-16,54.0,晚餐,旧账导入-2022,支出,食品饮料,食品饮料,0,,,14,2026-03-20 16:40:48,2026-03-20 16:40:48,2026-03-20 16:40:48
7998,2022-11-16,11.0,午餐,旧账导入-2022,支出,食品饮料,食品饮料,0,,,14,2026-03-20 16:40:48,2026-03-20 16:40:48,2026-03-20 16:40:48
7997,2022-11-15,12.0,衣帽服饰,旧账导入-2022,支出,服饰,服饰,0,,,14,2026-03-20 16:40:48,2026-03-20 16:40:48,2026-03-20 16:40:48
7996,2022-11-15,12.0,晚餐,旧账导入-2022,支出,食品饮料,食品饮料,0,,,14,2026-03-20 16:40:48,2026-03-20 16:40:48,2026-03-20 16:40:48
7995,2022-11-15,13.0,午餐,旧账导入-2022,支出,食品饮料,食品饮料,0,,,14,2026-03-20 16:40:48,2026-03-20 16:40:48,2026-03-20 16:40:48
7994,2022-11-14,20.0,休闲娱乐,旧账导入-2022,支出,娱乐/运动,娱乐/运动,0,,,14,2026-03-20 16:40:48,2026-03-20 16:40:48,2026-03-20 16:40:48
7993,2022-11-14,10.0,晚餐,旧账导入-2022,支出,食品饮料,食品饮料,0,,,14,2026-03-20 16:40:48,2026-03-20 16:40:48,2026-03-20 16:40:48
7992,2022-11-14,150.0,小龙坎,旧账导入-2022,支出,食品饮料,食品饮料,0,,,14,2026-03-20 16:40:48,2026-03-20 16:40:48,2026-03-20 16:40:48
7991,2022-11-13,16.8,衣帽服饰,旧账导入-2022,支出,服饰,服饰,0,,,14,2026-03-20 16:40:48,2026-03-20 16:40:48,2026-03-20 16:40:48
7990,2022-11-13,96.0,住宿支出,旧账导入-2022,支出,住宿,住宿,0,,,14,2026-03-20 16:40:48,2026-03-20 16:40:48,2026-03-20 16:40:48
7989,2022-11-13,20.0,悦姐姐,旧账导入-2022,支出,亲友转账,亲友转账,0,,,14,2026-03-20 16:40:48,2026-03-20 16:40:48,2026-03-20 16:40:48
7988,2022-11-13,24.0,晚餐,旧账导入-2022,支出,食品饮料,食品饮料,0,,,14,2026-03-20 16:40:48,2026-03-20 16:40:48,2026-03-20 16:40:48
7987,2022-11-13,13.0,午餐,旧账导入-2022,支出,食品饮料,食品饮料,0,,,14,2026-03-20 16:40:48,2026-03-20 16:40:48,2026-03-20 16:40:48
7986,2022-11-12,25.0,晚餐,旧账导入-2022,支出,食品饮料,食品饮料,0,,,14,2026-03-20 16:40:48,2026-03-20 16:40:48,2026-03-20 16:40:48
7985,2022-11-12,14.0,午餐,旧账导入-2022,支出,食品饮料,食品饮料,0,,,14,2026-03-20 16:40:48,2026-03-20 16:40:48,2026-03-20 16:40:48
7984,2022-11-11,300.0,攀岩名次津贴,旧账导入-2022,收入,其他,其他,0,,,14,2026-03-20 16:40:48,2026-03-20 16:40:48,2026-03-20 16:40:48
7983,2022-11-11,366.1,衣帽服饰,旧账导入-2022,支出,服饰,服饰,0,,,14,2026-03-20 16:40:48,2026-03-20 16:40:48,2026-03-20 16:40:48
7982,2022-11-11,23.0,悦姐姐,旧账导入-2022,支出,亲友转账,亲友转账,0,,,14,2026-03-20 16:40:48,2026-03-20 16:40:48,2026-03-20 16:40:48
7981,2022-11-11,12.0,晚餐,旧账导入-2022,支出,食品饮料,食品饮料,0,,,14,2026-03-20 16:40:48,2026-03-20 16:40:48,2026-03-20 16:40:48
7980,2022-11-11,12.0,午餐,旧账导入-2022,支出,食品饮料,食品饮料,0,,,14,2026-03-20 16:40:48,2026-03-20 16:40:48,2026-03-20 16:40:48
7979,2022-11-10,12.0,晚餐,旧账导入-2022,支出,食品饮料,食品饮料,0,,,14,2026-03-20 16:40:48,2026-03-20 16:40:48,2026-03-20 16:40:48
7978,2022-11-10,14.0,午餐,旧账导入-2022,支出,食品饮料,食品饮料,0,,,14,2026-03-20 16:40:48,2026-03-20 16:40:48,2026-03-20 16:40:48
7977,2022-11-09,33.0,交通出行,旧账导入-2022,支出,交通,交通,0,,,14,2026-03-20 16:40:48,2026-03-20 16:40:48,2026-03-20 16:40:48
7976,2022-11-09,163.0,晚餐,旧账导入-2022,支出,食品饮料,食品饮料,0,,,14,2026-03-20 16:40:48,2026-03-20 16:40:48,2026-03-20 16:40:48
7975,2022-11-09,14.0,午餐,旧账导入-2022,支出,食品饮料,食品饮料,0,,,14,2026-03-20 16:40:48,2026-03-20 16:40:48,2026-03-20 16:40:48
7974,2022-11-08,600.0,妈,旧账导入-2022,收入,亲友转账,亲友转账,0,,,14,2026-03-20 16:40:48,2026-03-20 16:40:48,2026-03-20 16:40:48
7973,2022-11-08,15.0,衣帽服饰,旧账导入-2022,支出,服饰,服饰,0,,,14,2026-03-20 16:40:48,2026-03-20 16:40:48,2026-03-20 16:40:48
7972,2022-11-08,231.0,悦姐姐,旧账导入-2022,支出,亲友转账,亲友转账,0,,,14,2026-03-20 16:40:48,2026-03-20 16:40:48,2026-03-20 16:40:48
7971,2022-11-08,14.0,晚餐,旧账导入-2022,支出,食品饮料,食品饮料,0,,,14,2026-03-20 16:40:48,2026-03-20 16:40:48,2026-03-20 16:40:48
7970,2022-11-07,15.0,生活支出,旧账导入-2022,支出,生活支出,生活支出,0,,,14,2026-03-20 16:40:48,2026-03-20 16:40:48,2026-03-20 16:40:48
7969,2022-11-07,121.0,住宿支出,旧账导入-2022,支出,住宿,住宿,0,,,14,2026-03-20 16:40:48,2026-03-20 16:40:48,2026-03-20 16:40:48
7968,2022-11-07,-100.0,悦姐姐,旧账导入-2022,支出,亲友转账,亲友转账,0,,,14,2026-03-20 16:40:48,2026-03-20 16:40:48,2026-03-20 16:40:48
7967,2022-11-07,46.0,交通出行,旧账导入-2022,支出,交通,交通,0,,,14,2026-03-20 16:40:48,2026-03-20 16:40:48,2026-03-20 16:40:48
7966,2022-11-07,56.0,晚餐,旧账导入-2022,支出,食品饮料,食品饮料,0,,,14,2026-03-20 16:40:48,2026-03-20 16:40:48,2026-03-20 16:40:48
7965,2022-11-07,34.0,午餐,旧账导入-2022,支出,食品饮料,食品饮料,0,,,14,2026-03-20 16:40:48,2026-03-20 16:40:48,2026-03-20 16:40:48
7964,2022-11-06,102.0,锦江之星,旧账导入-2022,支出,住宿,住宿,0,,,14,2026-03-20 16:40:48,2026-03-20 16:40:48,2026-03-20 16:40:48
7963,2022-11-06,99.0,opus酒吧,旧账导入-2022,支出,娱乐/运动,娱乐/运动,0,,,14,2026-03-20 16:40:48,2026-03-20 16:40:48,2026-03-20 16:40:48
7962,2022-11-06,30.0,悦姐姐,旧账导入-2022,支出,亲友转账,亲友转账,0,,,14,2026-03-20 16:40:48,2026-03-20 16:40:48,2026-03-20 16:40:48
7961,2022-11-06,30.0,交通出行,旧账导入-2022,支出,交通,交通,0,,,14,2026-03-20 16:40:48,2026-03-20 16:40:48,2026-03-20 16:40:48
7960,2022-11-06,9.0,午餐,旧账导入-2022,支出,食品饮料,食品饮料,0,,,14,2026-03-20 16:40:48,2026-03-20 16:40:48,2026-03-20 16:40:48
7959,2022-11-06,9.0,早餐,旧账导入-2022,支出,食品饮料,食品饮料,0,,,14,2026-03-20 16:40:48,2026-03-20 16:40:48,2026-03-20 16:40:48
7958,2022-11-05,9.0,晚餐,旧账导入-2022,支出,食品饮料,食品饮料,0,,,14,2026-03-20 16:40:48,2026-03-20 16:40:48,2026-03-20 16:40:48
7957,2022-11-05,18.0,午餐,旧账导入-2022,支出,食品饮料,食品饮料,0,,,14,2026-03-20 16:40:48,2026-03-20 16:40:48,2026-03-20 16:40:48
7956,2022-11-04,13.0,晚餐,旧账导入-2022,支出,食品饮料,食品饮料,0,,,14,2026-03-20 16:40:48,2026-03-20 16:40:48,2026-03-20 16:40:48
7955,2022-11-04,20.0,午餐,旧账导入-2022,支出,食品饮料,食品饮料,0,,,14,2026-03-20 16:40:48,2026-03-20 16:40:48,2026-03-20 16:40:48
7954,2022-11-03,50.0,话费,旧账导入-2022,支出,生活支出,生活支出,0,,,14,2026-03-20 16:40:48,2026-03-20 16:40:48,2026-03-20 16:40:48
7953,2022-11-03,17.0,晚餐,旧账导入-2022,支出,食品饮料,食品饮料,0,,,14,2026-03-20 16:40:48,2026-03-20 16:40:48,2026-03-20 16:40:48
7952,2022-11-03,9.0,午餐,旧账导入-2022,支出,食品饮料,食品饮料,0,,,14,2026-03-20 16:40:48,2026-03-20 16:40:48,2026-03-20 16:40:48
7951,2022-11-03,10.0,早餐,旧账导入-2022,支出,食品饮料,食品饮料,0,,,14,2026-03-20 16:40:48,2026-03-20 16:40:48,2026-03-20 16:40:48
7950,2022-11-02,13.7,生活支出,旧账导入-2022,支出,生活支出,生活支出,0,,,14,2026-03-20 16:40:48,2026-03-20 16:40:48,2026-03-20 16:40:48
7949,2022-11-02,26.7,休闲娱乐,旧账导入-2022,支出,娱乐/运动,娱乐/运动,0,,,14,2026-03-20 16:40:48,2026-03-20 16:40:48,2026-03-20 16:40:48
7948,2022-11-02,25.0,餐饮,旧账导入-2022,支出,食品饮料,食品饮料,0,,,14,2026-03-20 16:40:48,2026-03-20 16:40:48,2026-03-20 16:40:48
7947,2022-11-02,13.0,晚餐,旧账导入-2022,支出,食品饮料,食品饮料,0,,,14,2026-03-20 16:40:48,2026-03-20 16:40:48,2026-03-20 16:40:48
7946,2022-11-02,11.0,午餐,旧账导入-2022,支出,食品饮料,食品饮料,0,,,14,2026-03-20 16:40:48,2026-03-20 16:40:48,2026-03-20 16:40:48
7945,2022-11-01,-1400.0,借款损失,旧账导入-2022,收入,其他,其他,0,,,14,2026-03-20 16:40:48,2026-03-20 16:40:48,2026-03-20 16:40:48
7944,2022-11-01,2400.0,妈,旧账导入-2022,收入,亲友转账,亲友转账,0,,,14,2026-03-20 16:40:48,2026-03-20 16:40:48,2026-03-20 16:40:48
7943,2022-11-01,10.0,晚餐,旧账导入-2022,支出,食品饮料,食品饮料,0,,,14,2026-03-20 16:40:48,2026-03-20 16:40:48,2026-03-20 16:40:48
7942,2022-11-01,14.0,午餐,旧账导入-2022,支出,食品饮料,食品饮料,0,,,14,2026-03-20 16:40:48,2026-03-20 16:40:48,2026-03-20 16:40:48
7941,2022-10-31,600.0,爸,旧账导入-2022,收入,亲友转账,亲友转账,0,,,14,2026-03-20 16:40:48,2026-03-20 16:40:48,2026-03-20 16:40:48
7940,2022-10-31,104.0,住宿支出,旧账导入-2022,支出,住宿,住宿,0,,,14,2026-03-20 16:40:48,2026-03-20 16:40:48,2026-03-20 16:40:48
7939,2022-10-31,45.0,休闲娱乐,旧账导入-2022,支出,娱乐/运动,娱乐/运动,0,,,14,2026-03-20 16:40:48,2026-03-20 16:40:48,2026-03-20 16:40:48
7938,2022-10-31,21.0,APP付费,旧账导入-2022,支出,虚拟充值/通讯,虚拟充值/通讯,0,,,14,2026-03-20 16:40:48,2026-03-20 16:40:48,2026-03-20 16:40:48
7937,2022-10-31,40.0,悦姐姐,旧账导入-2022,支出,亲友转账,亲友转账,0,,,14,2026-03-20 16:40:48,2026-03-20 16:40:48,2026-03-20 16:40:48
7936,2022-10-31,3.5,交通出行,旧账导入-2022,支出,交通,交通,0,,,14,2026-03-20 16:40:48,2026-03-20 16:40:48,2026-03-20 16:40:48
7935,2022-10-31,112.9,奥运酒家,旧账导入-2022,支出,食品饮料,食品饮料,0,,,14,2026-03-20 16:40:48,2026-03-20 16:40:48,2026-03-20 16:40:48
7934,2022-10-31,9.0,午餐,旧账导入-2022,支出,食品饮料,食品饮料,0,,,14,2026-03-20 16:40:48,2026-03-20 16:40:48,2026-03-20 16:40:48
7933,2022-10-31,14.0,早餐,旧账导入-2022,支出,食品饮料,食品饮料,0,,,14,2026-03-20 16:40:48,2026-03-20 16:40:48,2026-03-20 16:40:48
7932,2022-10-30,120.0,卡丁车,旧账导入-2022,收入,其他,其他,0,,,14,2026-03-20 16:40:48,2026-03-20 16:40:48,2026-03-20 16:40:48
7931,2022-10-30,139.0,住宿支出,旧账导入-2022,支出,住宿,住宿,0,,,14,2026-03-20 16:40:48,2026-03-20 16:40:48,2026-03-20 16:40:48
7930,2022-10-30,24.0,悦姐姐,旧账导入-2022,支出,亲友转账,亲友转账,0,,,14,2026-03-20 16:40:48,2026-03-20 16:40:48,2026-03-20 16:40:48
7929,2022-10-30,6.0,交通出行,旧账导入-2022,支出,交通,交通,0,,,14,2026-03-20 16:40:48,2026-03-20 16:40:48,2026-03-20 16:40:48
7928,2022-10-30,96.0,晚餐,旧账导入-2022,支出,食品饮料,食品饮料,0,,,14,2026-03-20 16:40:48,2026-03-20 16:40:48,2026-03-20 16:40:48
7927,2022-10-30,24.0,午餐,旧账导入-2022,支出,食品饮料,食品饮料,0,,,14,2026-03-20 16:40:48,2026-03-20 16:40:48,2026-03-20 16:40:48
7926,2022-10-29,6.0,购物,旧账导入-2022,支出,生活支出,生活支出,0,,,14,2026-03-20 16:40:48,2026-03-20 16:40:48,2026-03-20 16:40:48
7925,2022-10-29,105.0,住宿支出,旧账导入-2022,支出,住宿,住宿,0,,,14,2026-03-20 16:40:48,2026-03-20 16:40:48,2026-03-20 16:40:48
7924,2022-10-29,19.5,餐饮,旧账导入-2022,支出,食品饮料,食品饮料,0,,,14,2026-03-20 16:40:48,2026-03-20 16:40:48,2026-03-20 16:40:48
7923,2022-10-29,17.7,晚餐,旧账导入-2022,支出,食品饮料,食品饮料,0,,,14,2026-03-20 16:40:48,2026-03-20 16:40:48,2026-03-20 16:40:48
7922,2022-10-29,14.0,午餐,旧账导入-2022,支出,食品饮料,食品饮料,0,,,14,2026-03-20 16:40:48,2026-03-20 16:40:48,2026-03-20 16:40:48
7921,2022-10-28,120.0,卡丁车,旧账导入-2022,收入,其他,其他,0,,,14,2026-03-20 16:40:48,2026-03-20 16:40:48,2026-03-20 16:40:48
7920,2022-10-28,26.0,医疗健康,旧账导入-2022,支出,生活支出,生活支出,0,,,14,2026-03-20 16:40:48,2026-03-20 16:40:48,2026-03-20 16:40:48
7919,2022-10-28,5.0,购物,旧账导入-2022,支出,生活支出,生活支出,0,,,14,2026-03-20 16:40:48,2026-03-20 16:40:48,2026-03-20 16:40:48
7918,2022-10-28,30.12,休闲娱乐,旧账导入-2022,支出,娱乐/运动,娱乐/运动,0,,,14,2026-03-20 16:40:48,2026-03-20 16:40:48,2026-03-20 16:40:48
7917,2022-10-28,12.0,APP付费,旧账导入-2022,支出,虚拟充值/通讯,虚拟充值/通讯,0,,,14,2026-03-20 16:40:48,2026-03-20 16:40:48,2026-03-20 16:40:48
7916,2022-10-28,90.8,悦姐姐,旧账导入-2022,支出,亲友转账,亲友转账,0,,,14,2026-03-20 16:40:48,2026-03-20 16:40:48,2026-03-20 16:40:48
7915,2022-10-28,13.0,晚餐,旧账导入-2022,支出,食品饮料,食品饮料,0,,,14,2026-03-20 16:40:48,2026-03-20 16:40:48,2026-03-20 16:40:48
7914,2022-10-28,11.0,午餐,旧账导入-2022,支出,食品饮料,食品饮料,0,,,14,2026-03-20 16:40:48,2026-03-20 16:40:48,2026-03-20 16:40:48
7913,2022-10-27,36.0,晚餐,旧账导入-2022,支出,食品饮料,食品饮料,0,,,14,2026-03-20 16:40:48,2026-03-20 16:40:48,2026-03-20 16:40:48
7912,2022-10-27,15.0,午餐,旧账导入-2022,支出,食品饮料,食品饮料,0,,,14,2026-03-20 16:40:48,2026-03-20 16:40:48,2026-03-20 16:40:48
7911,2022-10-26,320.0,医保,旧账导入-2022,支出,生活支出,生活支出,0,,,14,2026-03-20 16:40:48,2026-03-20 16:40:48,2026-03-20 16:40:48
7910,2022-10-26,5.0,交通出行,旧账导入-2022,支出,交通,交通,0,,,14,2026-03-20 16:40:48,2026-03-20 16:40:48,2026-03-20 16:40:48
7909,2022-10-26,16.0,午餐,旧账导入-2022,支出,食品饮料,食品饮料,0,,,14,2026-03-20 16:40:48,2026-03-20 16:40:48,2026-03-20 16:40:48
7908,2022-10-25,10.2,晚餐,旧账导入-2022,支出,食品饮料,食品饮料,0,,,14,2026-03-20 16:40:48,2026-03-20 16:40:48,2026-03-20 16:40:48
7907,2022-10-25,14.0,午餐,旧账导入-2022,支出,食品饮料,食品饮料,0,,,14,2026-03-20 16:40:48,2026-03-20 16:40:48,2026-03-20 16:40:48
7906,2022-10-24,9.0,生活支出,旧账导入-2022,支出,生活支出,生活支出,0,,,14,2026-03-20 16:40:48,2026-03-20 16:40:48,2026-03-20 16:40:48
7905,2022-10-24,62.0,悦姐姐,旧账导入-2022,支出,亲友转账,亲友转账,0,,,14,2026-03-20 16:40:48,2026-03-20 16:40:48,2026-03-20 16:40:48
7904,2022-10-24,11.5,晚餐,旧账导入-2022,支出,食品饮料,食品饮料,0,,,14,2026-03-20 16:40:48,2026-03-20 16:40:48,2026-03-20 16:40:48
7903,2022-10-22,2000.0,妈,旧账导入-2022,收入,亲友转账,亲友转账,0,,,14,2026-03-20 16:40:48,2026-03-20 16:40:48,2026-03-20 16:40:48
7902,2022-10-22,50.0,悦姐姐,旧账导入-2022,支出,亲友转账,亲友转账,0,,,14,2026-03-20 16:40:48,2026-03-20 16:40:48,2026-03-20 16:40:48
7901,2022-10-22,13.0,早餐,旧账导入-2022,支出,食品饮料,食品饮料,0,,,14,2026-03-20 16:40:48,2026-03-20 16:40:48,2026-03-20 16:40:48
7900,2022-10-21,82.0,住宿支出,旧账导入-2022,支出,住宿,住宿,0,,,14,2026-03-20 16:40:48,2026-03-20 16:40:48,2026-03-20 16:40:48
7899,2022-10-21,48.0,午餐,旧账导入-2022,支出,食品饮料,食品饮料,0,,,14,2026-03-20 16:40:48,2026-03-20 16:40:48,2026-03-20 16:40:48
7898,2022-10-21,17.0,早餐,旧账导入-2022,支出,食品饮料,食品饮料,0,,,14,2026-03-20 16:40:48,2026-03-20 16:40:48,2026-03-20 16:40:48
7897,2022-10-20,88.0,住宿支出,旧账导入-2022,支出,住宿,住宿,0,,,14,2026-03-20 16:40:48,2026-03-20 16:40:48,2026-03-20 16:40:48
7896,2022-10-20,-300.0,悦姐姐,旧账导入-2022,支出,亲友转账,亲友转账,0,,,14,2026-03-20 16:40:48,2026-03-20 16:40:48,2026-03-20 16:40:48
7895,2022-10-20,44.0,交通出行,旧账导入-2022,支出,交通,交通,0,,,14,2026-03-20 16:40:48,2026-03-20 16:40:48,2026-03-20 16:40:48
7894,2022-10-20,84.0,晚餐,旧账导入-2022,支出,食品饮料,食品饮料,0,,,14,2026-03-20 16:40:48,2026-03-20 16:40:48,2026-03-20 16:40:48
7893,2022-10-20,30.0,午餐,旧账导入-2022,支出,食品饮料,食品饮料,0,,,14,2026-03-20 16:40:48,2026-03-20 16:40:48,2026-03-20 16:40:48
7892,2022-10-20,26.0,早餐,旧账导入-2022,支出,食品饮料,食品饮料,0,,,14,2026-03-20 16:40:48,2026-03-20 16:40:48,2026-03-20 16:40:48
7891,2022-10-19,30.0,生活支出,旧账导入-2022,支出,生活支出,生活支出,0,,,14,2026-03-20 16:40:48,2026-03-20 16:40:48,2026-03-20 16:40:48
7890,2022-10-19,90.0,住宿支出,旧账导入-2022,支出,住宿,住宿,0,,,14,2026-03-20 16:40:48,2026-03-20 16:40:48,2026-03-20 16:40:48
7889,2022-10-19,25.8,交通出行,旧账导入-2022,支出,交通,交通,0,,,14,2026-03-20 16:40:48,2026-03-20 16:40:48,2026-03-20 16:40:48
7888,2022-10-19,19.0,晚餐,旧账导入-2022,支出,食品饮料,食品饮料,0,,,14,2026-03-20 16:40:48,2026-03-20 16:40:48,2026-03-20 16:40:48
7887,2022-10-19,15.8,午餐,旧账导入-2022,支出,食品饮料,食品饮料,0,,,14,2026-03-20 16:40:48,2026-03-20 16:40:48,2026-03-20 16:40:48
7886,2022-10-18,17.7,生活支出,旧账导入-2022,支出,生活支出,生活支出,0,,,14,2026-03-20 16:40:48,2026-03-20 16:40:48,2026-03-20 16:40:48
7885,2022-10-18,13.0,晚餐,旧账导入-2022,支出,食品饮料,食品饮料,0,,,14,2026-03-20 16:40:48,2026-03-20 16:40:48,2026-03-20 16:40:48
7884,2022-10-18,8.0,午餐,旧账导入-2022,支出,食品饮料,食品饮料,0,,,14,2026-03-20 16:40:48,2026-03-20 16:40:48,2026-03-20 16:40:48
7883,2022-10-17,21.0,交通出行,旧账导入-2022,支出,交通,交通,0,,,14,2026-03-20 16:40:48,2026-03-20 16:40:48,2026-03-20 16:40:48
7882,2022-10-17,12.0,餐饮,旧账导入-2022,支出,食品饮料,食品饮料,0,,,14,2026-03-20 16:40:48,2026-03-20 16:40:48,2026-03-20 16:40:48
7881,2022-10-17,16.0,晚餐,旧账导入-2022,支出,食品饮料,食品饮料,0,,,14,2026-03-20 16:40:48,2026-03-20 16:40:48,2026-03-20 16:40:48
7880,2022-10-17,12.0,午餐,旧账导入-2022,支出,食品饮料,食品饮料,0,,,14,2026-03-20 16:40:48,2026-03-20 16:40:48,2026-03-20 16:40:48
7879,2022-10-16,-200.0,悦姐姐,旧账导入-2022,支出,亲友转账,亲友转账,0,,,14,2026-03-20 16:40:48,2026-03-20 16:40:48,2026-03-20 16:40:48
7878,2022-10-16,12.0,午餐,旧账导入-2022,支出,食品饮料,食品饮料,0,,,14,2026-03-20 16:40:48,2026-03-20 16:40:48,2026-03-20 16:40:48
7877,2022-10-15,600.0,银证转出,旧账导入-2022,收入,其他,其他,0,,,14,2026-03-20 16:40:48,2026-03-20 16:40:48,2026-03-20 16:40:48
7876,2022-10-15,500.0,医院,旧账导入-2022,支出,生活支出,生活支出,0,,,14,2026-03-20 16:40:48,2026-03-20 16:40:48,2026-03-20 16:40:48
7875,2022-10-15,13.0,交通出行,旧账导入-2022,支出,交通,交通,0,,,14,2026-03-20 16:40:48,2026-03-20 16:40:48,2026-03-20 16:40:48
7874,2022-10-15,12.0,晚餐,旧账导入-2022,支出,食品饮料,食品饮料,0,,,14,2026-03-20 16:40:48,2026-03-20 16:40:48,2026-03-20 16:40:48
7873,2022-10-15,12.0,午餐,旧账导入-2022,支出,食品饮料,食品饮料,0,,,14,2026-03-20 16:40:48,2026-03-20 16:40:48,2026-03-20 16:40:48
7872,2022-10-14,40.8,衣帽服饰,旧账导入-2022,支出,服饰,服饰,0,,,14,2026-03-20 16:40:48,2026-03-20 16:40:48,2026-03-20 16:40:48
7871,2022-10-14,30.0,干洗,旧账导入-2022,支出,生活支出,生活支出,0,,,14,2026-03-20 16:40:48,2026-03-20 16:40:48,2026-03-20 16:40:48
7870,2022-10-14,127.4,悦姐姐,旧账导入-2022,支出,亲友转账,亲友转账,0,,,14,2026-03-20 16:40:48,2026-03-20 16:40:48,2026-03-20 16:40:48
7869,2022-10-14,13.0,晚餐,旧账导入-2022,支出,食品饮料,食品饮料,0,,,14,2026-03-20 16:40:48,2026-03-20 16:40:48,2026-03-20 16:40:48
7868,2022-10-13,86.0,住宿支出,旧账导入-2022,支出,住宿,住宿,0,,,14,2026-03-20 16:40:48,2026-03-20 16:40:48,2026-03-20 16:40:48
7867,2022-10-13,16.0,晚餐,旧账导入-2022,支出,食品饮料,食品饮料,0,,,14,2026-03-20 16:40:48,2026-03-20 16:40:48,2026-03-20 16:40:48
7866,2022-10-13,13.0,午餐,旧账导入-2022,支出,食品饮料,食品饮料,0,,,14,2026-03-20 16:40:48,2026-03-20 16:40:48,2026-03-20 16:40:48
7865,2022-10-13,8.0,早餐,旧账导入-2022,支出,食品饮料,食品饮料,0,,,14,2026-03-20 16:40:48,2026-03-20 16:40:48,2026-03-20 16:40:48
7864,2022-10-12,1000.0,银证转出,旧账导入-2022,收入,其他,其他,0,,,14,2026-03-20 16:40:48,2026-03-20 16:40:48,2026-03-20 16:40:48
7863,2022-10-12,500.0,医院,旧账导入-2022,支出,生活支出,生活支出,0,,,14,2026-03-20 16:40:48,2026-03-20 16:40:48,2026-03-20 16:40:48
7862,2022-10-12,100.0,悦姐姐,旧账导入-2022,支出,亲友转账,亲友转账,0,,,14,2026-03-20 16:40:48,2026-03-20 16:40:48,2026-03-20 16:40:48
7861,2022-10-12,2.0,交通出行,旧账导入-2022,支出,交通,交通,0,,,14,2026-03-20 16:40:48,2026-03-20 16:40:48,2026-03-20 16:40:48
7860,2022-10-12,40.0,晚餐,旧账导入-2022,支出,食品饮料,食品饮料,0,,,14,2026-03-20 16:40:48,2026-03-20 16:40:48,2026-03-20 16:40:48
7859,2022-10-12,19.8,午餐,旧账导入-2022,支出,食品饮料,食品饮料,0,,,14,2026-03-20 16:40:48,2026-03-20 16:40:48,2026-03-20 16:40:48
7858,2022-10-11,96.0,住宿支出,旧账导入-2022,支出,住宿,住宿,0,,,14,2026-03-20 16:40:48,2026-03-20 16:40:48,2026-03-20 16:40:48
7857,2022-10-11,-60.0,悦姐姐,旧账导入-2022,支出,亲友转账,亲友转账,0,,,14,2026-03-20 16:40:48,2026-03-20 16:40:48,2026-03-20 16:40:48
7856,2022-10-11,21.0,交通出行,旧账导入-2022,支出,交通,交通,0,,,14,2026-03-20 16:40:48,2026-03-20 16:40:48,2026-03-20 16:40:48
7855,2022-10-11,12.0,午餐,旧账导入-2022,支出,食品饮料,食品饮料,0,,,14,2026-03-20 16:40:48,2026-03-20 16:40:48,2026-03-20 16:40:48
7854,2022-10-10,300.0,爸妈打钱,旧账导入-2022,收入,亲友转账,亲友转账,0,,,14,2026-03-20 16:40:48,2026-03-20 16:40:48,2026-03-20 16:40:48
7853,2022-10-10,100.0,悦姐姐,旧账导入-2022,支出,亲友转账,亲友转账,0,,,14,2026-03-20 16:40:48,2026-03-20 16:40:48,2026-03-20 16:40:48
7852,2022-10-10,15.0,交通出行,旧账导入-2022,支出,交通,交通,0,,,14,2026-03-20 16:40:48,2026-03-20 16:40:48,2026-03-20 16:40:48
7851,2022-10-10,9.5,早餐,旧账导入-2022,支出,食品饮料,食品饮料,0,,,14,2026-03-20 16:40:48,2026-03-20 16:40:48,2026-03-20 16:40:48
7850,2022-10-09,12.0,生活支出,旧账导入-2022,支出,生活支出,生活支出,0,,,14,2026-03-20 16:40:48,2026-03-20 16:40:48,2026-03-20 16:40:48
7849,2022-10-09,9.5,晚餐,旧账导入-2022,支出,食品饮料,食品饮料,0,,,14,2026-03-20 16:40:48,2026-03-20 16:40:48,2026-03-20 16:40:48
7848,2022-10-09,11.0,午餐,旧账导入-2022,支出,食品饮料,食品饮料,0,,,14,2026-03-20 16:40:48,2026-03-20 16:40:48,2026-03-20 16:40:48
7847,2022-10-08,50.0,悦姐姐,旧账导入-2022,支出,亲友转账,亲友转账,0,,,14,2026-03-20 16:40:48,2026-03-20 16:40:48,2026-03-20 16:40:48
7846,2022-10-08,25.0,交通出行,旧账导入-2022,支出,交通,交通,0,,,14,2026-03-20 16:40:48,2026-03-20 16:40:48,2026-03-20 16:40:48
7845,2022-10-08,15.0,晚餐,旧账导入-2022,支出,食品饮料,食品饮料,0,,,14,2026-03-20 16:40:48,2026-03-20 16:40:48,2026-03-20 16:40:48
7844,2022-10-08,11.0,午餐,旧账导入-2022,支出,食品饮料,食品饮料,0,,,14,2026-03-20 16:40:48,2026-03-20 16:40:48,2026-03-20 16:40:48
7843,2022-10-07,60.0,龙舟队视频奖励,旧账导入-2022,收入,其他,其他,0,,,14,2026-03-20 16:40:48,2026-03-20 16:40:48,2026-03-20 16:40:48
7842,2022-10-07,105.0,住宿支出,旧账导入-2022,支出,住宿,住宿,0,,,14,2026-03-20 16:40:48,2026-03-20 16:40:48,2026-03-20 16:40:48
7841,2022-10-07,21.0,交通出行,旧账导入-2022,支出,交通,交通,0,,,14,2026-03-20 16:40:48,2026-03-20 16:40:48,2026-03-20 16:40:48
7840,2022-10-07,19.8,餐饮,旧账导入-2022,支出,食品饮料,食品饮料,0,,,14,2026-03-20 16:40:48,2026-03-20 16:40:48,2026-03-20 16:40:48
7839,2022-10-07,66.8,午餐,旧账导入-2022,支出,食品饮料,食品饮料,0,,,14,2026-03-20 16:40:48,2026-03-20 16:40:48,2026-03-20 16:40:48
7838,2022-10-06,105.0,住宿支出,旧账导入-2022,支出,住宿,住宿,0,,,14,2026-03-20 16:40:48,2026-03-20 16:40:48,2026-03-20 16:40:48
7837,2022-10-06,40.0,交通出行,旧账导入-2022,支出,交通,交通,0,,,14,2026-03-20 16:40:48,2026-03-20 16:40:48,2026-03-20 16:40:48
7836,2022-10-06,56.0,晚餐,旧账导入-2022,支出,食品饮料,食品饮料,0,,,14,2026-03-20 16:40:48,2026-03-20 16:40:48,2026-03-20 16:40:48
7835,2022-10-06,36.0,早餐,旧账导入-2022,支出,食品饮料,食品饮料,0,,,14,2026-03-20 16:40:48,2026-03-20 16:40:48,2026-03-20 16:40:48
7834,2022-10-05,105.0,住宿支出,旧账导入-2022,支出,住宿,住宿,0,,,14,2026-03-20 16:40:48,2026-03-20 16:40:48,2026-03-20 16:40:48
7833,2022-10-05,44.0,悦姐姐,旧账导入-2022,支出,亲友转账,亲友转账,0,,,14,2026-03-20 16:40:48,2026-03-20 16:40:48,2026-03-20 16:40:48
7832,2022-10-05,20.0,交通出行,旧账导入-2022,支出,交通,交通,0,,,14,2026-03-20 16:40:48,2026-03-20 16:40:48,2026-03-20 16:40:48
7831,2022-10-05,30.0,晚餐,旧账导入-2022,支出,食品饮料,食品饮料,0,,,14,2026-03-20 16:40:48,2026-03-20 16:40:48,2026-03-20 16:40:48
7830,2022-10-05,30.0,午餐,旧账导入-2022,支出,食品饮料,食品饮料,0,,,14,2026-03-20 16:40:48,2026-03-20 16:40:48,2026-03-20 16:40:48
7829,2022-10-04,105.0,住宿支出,旧账导入-2022,支出,住宿,住宿,0,,,14,2026-03-20 16:40:48,2026-03-20 16:40:48,2026-03-20 16:40:48
7828,2022-10-04,10.0,晚餐,旧账导入-2022,支出,食品饮料,食品饮料,0,,,14,2026-03-20 16:40:48,2026-03-20 16:40:48,2026-03-20 16:40:48
7827,2022-10-04,30.0,午餐,旧账导入-2022,支出,食品饮料,食品饮料,0,,,14,2026-03-20 16:40:48,2026-03-20 16:40:48,2026-03-20 16:40:48
7826,2022-10-03,1000.0,爸,旧账导入-2022,收入,亲友转账,亲友转账,0,,,14,2026-03-20 16:40:48,2026-03-20 16:40:48,2026-03-20 16:40:48
7825,2022-10-03,2300.0,医院,旧账导入-2022,支出,生活支出,生活支出,0,,,14,2026-03-20 16:40:48,2026-03-20 16:40:48,2026-03-20 16:40:48
7824,2022-10-03,600.0,换屏,旧账导入-2022,支出,生活支出,生活支出,0,,,14,2026-03-20 16:40:48,2026-03-20 16:40:48,2026-03-20 16:40:48
7823,2022-10-03,105.0,住宿支出,旧账导入-2022,支出,住宿,住宿,0,,,14,2026-03-20 16:40:48,2026-03-20 16:40:48,2026-03-20 16:40:48
7822,2022-10-03,31.0,交通出行,旧账导入-2022,支出,交通,交通,0,,,14,2026-03-20 16:40:48,2026-03-20 16:40:48,2026-03-20 16:40:48
7821,2022-10-03,144.0,晚餐,旧账导入-2022,支出,食品饮料,食品饮料,0,,,14,2026-03-20 16:40:48,2026-03-20 16:40:48,2026-03-20 16:40:48
7820,2022-10-03,180.0,午餐,旧账导入-2022,支出,食品饮料,食品饮料,0,,,14,2026-03-20 16:40:48,2026-03-20 16:40:48,2026-03-20 16:40:48
7819,2022-10-02,105.0,住宿支出,旧账导入-2022,支出,住宿,住宿,0,,,14,2026-03-20 16:40:48,2026-03-20 16:40:48,2026-03-20 16:40:48
7818,2022-10-02,40.0,剧本杀,旧账导入-2022,支出,娱乐/运动,娱乐/运动,0,,,14,2026-03-20 16:40:48,2026-03-20 16:40:48,2026-03-20 16:40:48
7817,2022-10-02,40.0,交通出行,旧账导入-2022,支出,交通,交通,0,,,14,2026-03-20 16:40:48,2026-03-20 16:40:48,2026-03-20 16:40:48
7816,2022-10-02,80.0,晚餐,旧账导入-2022,支出,食品饮料,食品饮料,0,,,14,2026-03-20 16:40:48,2026-03-20 16:40:48,2026-03-20 16:40:48
7815,2022-10-01,200.0,爸,旧账导入-2022,收入,亲友转账,亲友转账,0,,,14,2026-03-20 16:40:48,2026-03-20 16:40:48,2026-03-20 16:40:48
7814,2022-10-01,105.0,住宿支出,旧账导入-2022,支出,住宿,住宿,0,,,14,2026-03-20 16:40:48,2026-03-20 16:40:48,2026-03-20 16:40:48
7813,2022-10-01,60.0,攀岩,旧账导入-2022,支出,娱乐/运动,娱乐/运动,0,,,14,2026-03-20 16:40:48,2026-03-20 16:40:48,2026-03-20 16:40:48
7812,2022-10-01,25.0,交通出行,旧账导入-2022,支出,交通,交通,0,,,14,2026-03-20 16:40:48,2026-03-20 16:40:48,2026-03-20 16:40:48
7811,2022-10-01,190.0,火锅,旧账导入-2022,支出,食品饮料,食品饮料,0,,,14,2026-03-20 16:40:48,2026-03-20 16:40:48,2026-03-20 16:40:48
7810,2022-09-30,105.0,住宿支出,旧账导入-2022,支出,住宿,住宿,0,,,14,2026-03-20 16:40:48,2026-03-20 16:40:48,2026-03-20 16:40:48
7809,2022-09-30,500.0,卡丁车,旧账导入-2022,支出,娱乐/运动,娱乐/运动,0,,,14,2026-03-20 16:40:48,2026-03-20 16:40:48,2026-03-20 16:40:48
7808,2022-09-30,24.36,交通出行,旧账导入-2022,支出,交通,交通,0,,,14,2026-03-20 16:40:48,2026-03-20 16:40:48,2026-03-20 16:40:48
7807,2022-09-30,48.0,晚餐,旧账导入-2022,支出,食品饮料,食品饮料,0,,,14,2026-03-20 16:40:48,2026-03-20 16:40:48,2026-03-20 16:40:48
7806,2022-09-30,11.0,午餐,旧账导入-2022,支出,食品饮料,食品饮料,0,,,14,2026-03-20 16:40:48,2026-03-20 16:40:48,2026-03-20 16:40:48
7805,2022-09-29,1000.0,转出,旧账导入-2022,收入,其他,其他,0,,,14,2026-03-20 16:40:48,2026-03-20 16:40:48,2026-03-20 16:40:48
7804,2022-09-29,10.0,休闲娱乐,旧账导入-2022,支出,娱乐/运动,娱乐/运动,0,,,14,2026-03-20 16:40:48,2026-03-20 16:40:48,2026-03-20 16:40:48
7803,2022-09-29,-52.1,悦姐姐,旧账导入-2022,支出,亲友转账,亲友转账,0,,,14,2026-03-20 16:40:48,2026-03-20 16:40:48,2026-03-20 16:40:48
7802,2022-09-29,24.36,交通出行,旧账导入-2022,支出,交通,交通,0,,,14,2026-03-20 16:40:48,2026-03-20 16:40:48,2026-03-20 16:40:48
7801,2022-09-29,39.0,餐饮,旧账导入-2022,支出,食品饮料,食品饮料,0,,,14,2026-03-20 16:40:48,2026-03-20 16:40:48,2026-03-20 16:40:48
7800,2022-09-29,115.0,晚餐,旧账导入-2022,支出,食品饮料,食品饮料,0,,,14,2026-03-20 16:40:48,2026-03-20 16:40:48,2026-03-20 16:40:48
7799,2022-09-29,11.0,午餐,旧账导入-2022,支出,食品饮料,食品饮料,0,,,14,2026-03-20 16:40:48,2026-03-20 16:40:48,2026-03-20 16:40:48
7798,2022-09-28,4162.0,换手机,旧账导入-2022,支出,生活支出,生活支出,0,,,14,2026-03-20 16:40:48,2026-03-20 16:40:48,2026-03-20 16:40:48
7797,2022-09-28,226.0,住宿支出,旧账导入-2022,支出,住宿,住宿,0,,,14,2026-03-20 16:40:48,2026-03-20 16:40:48,2026-03-20 16:40:48
7796,2022-09-28,20.0,悦姐姐,旧账导入-2022,支出,亲友转账,亲友转账,0,,,14,2026-03-20 16:40:48,2026-03-20 16:40:48,2026-03-20 16:40:48
7795,2022-09-28,18.0,交通出行,旧账导入-2022,支出,交通,交通,0,,,14,2026-03-20 16:40:48,2026-03-20 16:40:48,2026-03-20 16:40:48
7794,2022-09-28,10.0,餐饮,旧账导入-2022,支出,食品饮料,食品饮料,0,,,14,2026-03-20 16:40:48,2026-03-20 16:40:48,2026-03-20 16:40:48
7793,2022-09-28,13.0,午餐,旧账导入-2022,支出,食品饮料,食品饮料,0,,,14,2026-03-20 16:40:48,2026-03-20 16:40:48,2026-03-20 16:40:48
7792,2022-09-27,89.0,住宿支出,旧账导入-2022,支出,住宿,住宿,0,,,14,2026-03-20 16:40:48,2026-03-20 16:40:48,2026-03-20 16:40:48
7791,2022-09-27,25.9,餐饮,旧账导入-2022,支出,食品饮料,食品饮料,0,,,14,2026-03-20 16:40:48,2026-03-20 16:40:48,2026-03-20 16:40:48
7790,2022-09-27,13.0,晚餐,旧账导入-2022,支出,食品饮料,食品饮料,0,,,14,2026-03-20 16:40:48,2026-03-20 16:40:48,2026-03-20 16:40:48
7789,2022-09-27,11.0,午餐,旧账导入-2022,支出,食品饮料,食品饮料,0,,,14,2026-03-20 16:40:48,2026-03-20 16:40:48,2026-03-20 16:40:48
7788,2022-09-26,500.0,医院,旧账导入-2022,支出,生活支出,生活支出,0,,,14,2026-03-20 16:40:48,2026-03-20 16:40:48,2026-03-20 16:40:48
7787,2022-09-26,10.8,晚餐,旧账导入-2022,支出,食品饮料,食品饮料,0,,,14,2026-03-20 16:40:48,2026-03-20 16:40:48,2026-03-20 16:40:48
7786,2022-09-26,8.0,午餐,旧账导入-2022,支出,食品饮料,食品饮料,0,,,14,2026-03-20 16:40:48,2026-03-20 16:40:48,2026-03-20 16:40:48
7785,2022-09-25,2000.0,妈,旧账导入-2022,收入,亲友转账,亲友转账,0,,,14,2026-03-20 16:40:48,2026-03-20 16:40:48,2026-03-20 16:40:48
7784,2022-09-25,74.0,刮痧等,旧账导入-2022,支出,生活支出,生活支出,0,,,14,2026-03-20 16:40:48,2026-03-20 16:40:48,2026-03-20 16:40:48
7783,2022-09-25,20.0,交通出行,旧账导入-2022,支出,交通,交通,0,,,14,2026-03-20 16:40:48,2026-03-20 16:40:48,2026-03-20 16:40:48
7782,2022-09-25,14.5,餐饮,旧账导入-2022,支出,食品饮料,食品饮料,0,,,14,2026-03-20 16:40:48,2026-03-20 16:40:48,2026-03-20 16:40:48
7781,2022-09-25,23.5,晚餐,旧账导入-2022,支出,食品饮料,食品饮料,0,,,14,2026-03-20 16:40:48,2026-03-20 16:40:48,2026-03-20 16:40:48
7780,2022-09-25,139.0,赖胖子肉蟹煲,旧账导入-2022,支出,食品饮料,食品饮料,0,,,14,2026-03-20 16:40:48,2026-03-20 16:40:48,2026-03-20 16:40:48
7779,2022-09-24,2000.0,爸,旧账导入-2022,收入,亲友转账,亲友转账,0,,,14,2026-03-20 16:40:48,2026-03-20 16:40:48,2026-03-20 16:40:48
7778,2022-09-24,96.0,住宿支出,旧账导入-2022,支出,住宿,住宿,0,,,14,2026-03-20 16:40:48,2026-03-20 16:40:48,2026-03-20 16:40:48
7777,2022-09-24,38.0,晚餐,旧账导入-2022,支出,食品饮料,食品饮料,0,,,14,2026-03-20 16:40:48,2026-03-20 16:40:48,2026-03-20 16:40:48
7776,2022-09-24,13.0,午餐,旧账导入-2022,支出,食品饮料,食品饮料,0,,,14,2026-03-20 16:40:48,2026-03-20 16:40:48,2026-03-20 16:40:48
7775,2022-09-23,-52.1,悦姐姐,旧账导入-2022,支出,亲友转账,亲友转账,0,,,14,2026-03-20 16:40:48,2026-03-20 16:40:48,2026-03-20 16:40:48
7774,2022-09-23,69.1,餐饮,旧账导入-2022,支出,食品饮料,食品饮料,0,,,14,2026-03-20 16:40:48,2026-03-20 16:40:48,2026-03-20 16:40:48
7773,2022-09-23,14.6,晚餐,旧账导入-2022,支出,食品饮料,食品饮料,0,,,14,2026-03-20 16:40:48,2026-03-20 16:40:48,2026-03-20 16:40:48
7772,2022-09-23,14.0,午餐,旧账导入-2022,支出,食品饮料,食品饮料,0,,,14,2026-03-20 16:40:48,2026-03-20 16:40:48,2026-03-20 16:40:48
7771,2022-09-22,30.0,六级,旧账导入-2022,支出,生活支出,生活支出,0,,,14,2026-03-20 16:40:48,2026-03-20 16:40:48,2026-03-20 16:40:48
7770,2022-09-22,20.0,餐饮,旧账导入-2022,支出,食品饮料,食品饮料,0,,,14,2026-03-20 16:40:48,2026-03-20 16:40:48,2026-03-20 16:40:48
7769,2022-09-22,46.0,晚餐,旧账导入-2022,支出,食品饮料,食品饮料,0,,,14,2026-03-20 16:40:48,2026-03-20 16:40:48,2026-03-20 16:40:48
7768,2022-09-22,14.0,午餐,旧账导入-2022,支出,食品饮料,食品饮料,0,,,14,2026-03-20 16:40:48,2026-03-20 16:40:48,2026-03-20 16:40:48
7767,2022-09-21,600.0,妈,旧账导入-2022,收入,亲友转账,亲友转账,0,,,14,2026-03-20 16:40:48,2026-03-20 16:40:48,2026-03-20 16:40:48
7766,2022-09-21,58.8,润滑液,旧账导入-2022,支出,生活支出,生活支出,0,,,14,2026-03-20 16:40:48,2026-03-20 16:40:48,2026-03-20 16:40:48
7765,2022-09-21,50.0,话费,旧账导入-2022,支出,生活支出,生活支出,0,,,14,2026-03-20 16:40:48,2026-03-20 16:40:48,2026-03-20 16:40:48
7764,2022-09-21,107.0,住宿支出,旧账导入-2022,支出,住宿,住宿,0,,,14,2026-03-20 16:40:48,2026-03-20 16:40:48,2026-03-20 16:40:48
7763,2022-09-21,152.1,悦姐姐,旧账导入-2022,支出,亲友转账,亲友转账,0,,,14,2026-03-20 16:40:48,2026-03-20 16:40:48,2026-03-20 16:40:48
7762,2022-09-21,106.0,交通出行,旧账导入-2022,支出,交通,交通,0,,,14,2026-03-20 16:40:48,2026-03-20 16:40:48,2026-03-20 16:40:48
7761,2022-09-19,2600.0,妈,旧账导入-2022,收入,亲友转账,亲友转账,0,,,14,2026-03-20 16:40:48,2026-03-20 16:40:48,2026-03-20 16:40:48
7760,2022-09-19,100.0,悦姐姐,旧账导入-2022,支出,亲友转账,亲友转账,0,,,14,2026-03-20 16:40:48,2026-03-20 16:40:48,2026-03-20 16:40:48
7759,2022-09-19,128.0,中秋回家,旧账导入-2022,支出,交通,交通,0,,,14,2026-03-20 16:40:48,2026-03-20 16:40:48,2026-03-20 16:40:48
7758,2022-09-19,15.0,午餐,旧账导入-2022,支出,食品饮料,食品饮料,0,,,14,2026-03-20 16:40:48,2026-03-20 16:40:48,2026-03-20 16:40:48
7757,2022-09-18,179.0,证券从业考试,旧账导入-2022,支出,学习/培训/办公,学习/培训/办公,0,,,14,2026-03-20 16:40:48,2026-03-20 16:40:48,2026-03-20 16:40:48
7756,2022-09-18,56.0,游泳,旧账导入-2022,支出,娱乐/运动,娱乐/运动,0,,,14,2026-03-20 16:40:48,2026-03-20 16:40:48,2026-03-20 16:40:48
7755,2022-09-18,5.0,餐饮,旧账导入-2022,支出,食品饮料,食品饮料,0,,,14,2026-03-20 16:40:48,2026-03-20 16:40:48,2026-03-20 16:40:48
7754,2022-09-18,18.0,晚餐,旧账导入-2022,支出,食品饮料,食品饮料,0,,,14,2026-03-20 16:40:48,2026-03-20 16:40:48,2026-03-20 16:40:48
7753,2022-09-18,13.0,午餐,旧账导入-2022,支出,食品饮料,食品饮料,0,,,14,2026-03-20 16:40:48,2026-03-20 16:40:48,2026-03-20 16:40:48
7752,2022-09-17,130.0,卖鞋,旧账导入-2022,收入,其他,其他,0,,,14,2026-03-20 16:40:48,2026-03-20 16:40:48,2026-03-20 16:40:48
7751,2022-09-17,4.0,交通出行,旧账导入-2022,支出,交通,交通,0,,,14,2026-03-20 16:40:48,2026-03-20 16:40:48,2026-03-20 16:40:48
7750,2022-09-17,48.0,午餐,旧账导入-2022,支出,食品饮料,食品饮料,0,,,14,2026-03-20 16:40:48,2026-03-20 16:40:48,2026-03-20 16:40:48
7749,2022-09-16,76.0,住宿支出,旧账导入-2022,支出,住宿,住宿,0,,,14,2026-03-20 16:40:48,2026-03-20 16:40:48,2026-03-20 16:40:48
7748,2022-09-16,-100.0,悦姐姐,旧账导入-2022,支出,亲友转账,亲友转账,0,,,14,2026-03-20 16:40:48,2026-03-20 16:40:48,2026-03-20 16:40:48
7747,2022-09-16,6.0,交通出行,旧账导入-2022,支出,交通,交通,0,,,14,2026-03-20 16:40:48,2026-03-20 16:40:48,2026-03-20 16:40:48
7746,2022-09-16,22.0,餐饮,旧账导入-2022,支出,食品饮料,食品饮料,0,,,14,2026-03-20 16:40:48,2026-03-20 16:40:48,2026-03-20 16:40:48
7745,2022-09-16,82.5,晚餐,旧账导入-2022,支出,食品饮料,食品饮料,0,,,14,2026-03-20 16:40:48,2026-03-20 16:40:48,2026-03-20 16:40:48
7744,2022-09-16,48.0,午餐,旧账导入-2022,支出,食品饮料,食品饮料,0,,,14,2026-03-20 16:40:48,2026-03-20 16:40:48,2026-03-20 16:40:48
7743,2022-09-15,550.0,实习津贴,旧账导入-2022,收入,其他,其他,0,,,14,2026-03-20 16:40:48,2026-03-20 16:40:48,2026-03-20 16:40:48
7742,2022-09-15,25.0,生活支出,旧账导入-2022,支出,生活支出,生活支出,0,,,14,2026-03-20 16:40:48,2026-03-20 16:40:48,2026-03-20 16:40:48
7741,2022-09-15,85.0,住宿支出,旧账导入-2022,支出,住宿,住宿,0,,,14,2026-03-20 16:40:48,2026-03-20 16:40:48,2026-03-20 16:40:48
7740,2022-09-15,30.0,悦姐姐,旧账导入-2022,支出,亲友转账,亲友转账,0,,,14,2026-03-20 16:40:48,2026-03-20 16:40:48,2026-03-20 16:40:48
7739,2022-09-15,99.7,大润发,旧账导入-2022,支出,食品饮料,食品饮料,0,,,14,2026-03-20 16:40:48,2026-03-20 16:40:48,2026-03-20 16:40:48
7738,2022-09-15,13.0,午餐,旧账导入-2022,支出,食品饮料,食品饮料,0,,,14,2026-03-20 16:40:48,2026-03-20 16:40:48,2026-03-20 16:40:48
7737,2022-09-14,16.5,咖啡,旧账导入-2022,支出,食品饮料,食品饮料,0,,,14,2026-03-20 16:40:48,2026-03-20 16:40:48,2026-03-20 16:40:48
7736,2022-09-14,13.0,午餐,旧账导入-2022,支出,食品饮料,食品饮料,0,,,14,2026-03-20 16:40:48,2026-03-20 16:40:48,2026-03-20 16:40:48
7735,2022-09-14,6.8,早餐,旧账导入-2022,支出,食品饮料,食品饮料,0,,,14,2026-03-20 16:40:48,2026-03-20 16:40:48,2026-03-20 16:40:48
7734,2022-09-13,-100.0,悦姐姐,旧账导入-2022,支出,亲友转账,亲友转账,0,,,14,2026-03-20 16:40:48,2026-03-20 16:40:48,2026-03-20 16:40:48
7733,2022-09-13,4.0,餐饮,旧账导入-2022,支出,食品饮料,食品饮料,0,,,14,2026-03-20 16:40:48,2026-03-20 16:40:48,2026-03-20 16:40:48
7732,2022-09-13,13.0,晚餐,旧账导入-2022,支出,食品饮料,食品饮料,0,,,14,2026-03-20 16:40:48,2026-03-20 16:40:48,2026-03-20 16:40:48
7731,2022-09-12,44.5,交通出行,旧账导入-2022,支出,交通,交通,0,,,14,2026-03-20 16:40:48,2026-03-20 16:40:48,2026-03-20 16:40:48
7730,2022-09-12,19.0,餐饮,旧账导入-2022,支出,食品饮料,食品饮料,0,,,14,2026-03-20 16:40:48,2026-03-20 16:40:48,2026-03-20 16:40:48
7729,2022-09-12,132.0,晚餐,旧账导入-2022,支出,食品饮料,食品饮料,0,,,14,2026-03-20 16:40:48,2026-03-20 16:40:48,2026-03-20 16:40:48
7728,2022-09-11,100.0,姐,旧账导入-2022,收入,其他,其他,0,,,14,2026-03-20 16:40:48,2026-03-20 16:40:48,2026-03-20 16:40:48
7727,2022-09-11,186.0,住宿支出,旧账导入-2022,支出,住宿,住宿,0,,,14,2026-03-20 16:40:48,2026-03-20 16:40:48,2026-03-20 16:40:48
7726,2022-09-11,100.0,红包,旧账导入-2022,支出,亲友转账,亲友转账,0,,,14,2026-03-20 16:40:48,2026-03-20 16:40:48,2026-03-20 16:40:48
7725,2022-09-11,15.5,餐饮,旧账导入-2022,支出,食品饮料,食品饮料,0,,,14,2026-03-20 16:40:48,2026-03-20 16:40:48,2026-03-20 16:40:48
7724,2022-09-11,60.0,午餐,旧账导入-2022,支出,食品饮料,食品饮料,0,,,14,2026-03-20 16:40:48,2026-03-20 16:40:48,2026-03-20 16:40:48
7723,2022-09-10,400.0,爸妈,旧账导入-2022,收入,亲友转账,亲友转账,0,,,14,2026-03-20 16:40:48,2026-03-20 16:40:48,2026-03-20 16:40:48
7722,2022-09-10,106.0,住宿支出,旧账导入-2022,支出,住宿,住宿,0,,,14,2026-03-20 16:40:48,2026-03-20 16:40:48,2026-03-20 16:40:48
7721,2022-09-10,-80.0,悦姐姐,旧账导入-2022,支出,亲友转账,亲友转账,0,,,14,2026-03-20 16:40:48,2026-03-20 16:40:48,2026-03-20 16:40:48
7720,2022-09-10,3.5,交通出行,旧账导入-2022,支出,交通,交通,0,,,14,2026-03-20 16:40:48,2026-03-20 16:40:48,2026-03-20 16:40:48
7719,2022-09-10,20.5,餐饮,旧账导入-2022,支出,食品饮料,食品饮料,0,,,14,2026-03-20 16:40:48,2026-03-20 16:40:48,2026-03-20 16:40:48
7718,2022-09-10,17.0,晚餐,旧账导入-2022,支出,食品饮料,食品饮料,0,,,14,2026-03-20 16:40:48,2026-03-20 16:40:48,2026-03-20 16:40:48
7717,2022-09-10,13.0,午餐,旧账导入-2022,支出,食品饮料,食品饮料,0,,,14,2026-03-20 16:40:48,2026-03-20 16:40:48,2026-03-20 16:40:48
7716,2022-09-09,100.0,充卡,旧账导入-2022,支出,亲友转账,亲友转账,0,,,14,2026-03-20 16:40:48,2026-03-20 16:40:48,2026-03-20 16:40:48
7715,2022-09-09,13.0,晚餐,旧账导入-2022,支出,食品饮料,食品饮料,0,,,14,2026-03-20 16:40:48,2026-03-20 16:40:48,2026-03-20 16:40:48
7714,2022-09-09,6.5,早餐,旧账导入-2022,支出,食品饮料,食品饮料,0,,,14,2026-03-20 16:40:48,2026-03-20 16:40:48,2026-03-20 16:40:48
7713,2022-09-08,25.0,洗鞋,旧账导入-2022,支出,生活支出,生活支出,0,,,14,2026-03-20 16:40:48,2026-03-20 16:40:48,2026-03-20 16:40:48
7712,2022-09-08,45.0,卡丁车,旧账导入-2022,支出,娱乐/运动,娱乐/运动,0,,,14,2026-03-20 16:40:48,2026-03-20 16:40:48,2026-03-20 16:40:48
7711,2022-09-08,16.7,餐饮,旧账导入-2022,支出,食品饮料,食品饮料,0,,,14,2026-03-20 16:40:48,2026-03-20 16:40:48,2026-03-20 16:40:48
7710,2022-09-08,80.0,晚餐,旧账导入-2022,支出,食品饮料,食品饮料,0,,,14,2026-03-20 16:40:48,2026-03-20 16:40:48,2026-03-20 16:40:48
7709,2022-09-08,12.0,午餐,旧账导入-2022,支出,食品饮料,食品饮料,0,,,14,2026-03-20 16:40:48,2026-03-20 16:40:48,2026-03-20 16:40:48
7708,2022-09-07,20.0,晚餐,旧账导入-2022,支出,食品饮料,食品饮料,0,,,14,2026-03-20 16:40:48,2026-03-20 16:40:48,2026-03-20 16:40:48
7707,2022-09-07,12.0,午餐,旧账导入-2022,支出,食品饮料,食品饮料,0,,,14,2026-03-20 16:40:48,2026-03-20 16:40:48,2026-03-20 16:40:48
7706,2022-09-06,3.6,交通出行,旧账导入-2022,支出,交通,交通,0,,,14,2026-03-20 16:40:48,2026-03-20 16:40:48,2026-03-20 16:40:48
7705,2022-09-06,36.0,晚餐,旧账导入-2022,支出,食品饮料,食品饮料,0,,,14,2026-03-20 16:40:48,2026-03-20 16:40:48,2026-03-20 16:40:48
7704,2022-09-06,14.0,午餐,旧账导入-2022,支出,食品饮料,食品饮料,0,,,14,2026-03-20 16:40:48,2026-03-20 16:40:48,2026-03-20 16:40:48
7703,2022-09-05,10.0,优酷,旧账导入-2022,支出,虚拟充值/通讯,虚拟充值/通讯,0,,,14,2026-03-20 16:40:48,2026-03-20 16:40:48,2026-03-20 16:40:48
7702,2022-09-05,10.0,交通出行,旧账导入-2022,支出,交通,交通,0,,,14,2026-03-20 16:40:48,2026-03-20 16:40:48,2026-03-20 16:40:48
7701,2022-09-05,25.0,餐饮,旧账导入-2022,支出,食品饮料,食品饮料,0,,,14,2026-03-20 16:40:48,2026-03-20 16:40:48,2026-03-20 16:40:48
7700,2022-09-05,12.0,晚餐,旧账导入-2022,支出,食品饮料,食品饮料,0,,,14,2026-03-20 16:40:48,2026-03-20 16:40:48,2026-03-20 16:40:48
7699,2022-09-04,147.0,住宿支出,旧账导入-2022,支出,住宿,住宿,0,,,14,2026-03-20 16:40:48,2026-03-20 16:40:48,2026-03-20 16:40:48
7698,2022-09-04,20.0,交通出行,旧账导入-2022,支出,交通,交通,0,,,14,2026-03-20 16:40:48,2026-03-20 16:40:48,2026-03-20 16:40:48
7697,2022-09-04,37.5,餐饮,旧账导入-2022,支出,食品饮料,食品饮料,0,,,14,2026-03-20 16:40:48,2026-03-20 16:40:48,2026-03-20 16:40:48
7696,2022-09-03,200.0,妈,旧账导入-2022,收入,亲友转账,亲友转账,0,,,14,2026-03-20 16:40:48,2026-03-20 16:40:48,2026-03-20 16:40:48
7695,2022-09-03,114.0,住宿支出,旧账导入-2022,支出,住宿,住宿,0,,,14,2026-03-20 16:40:48,2026-03-20 16:40:48,2026-03-20 16:40:48
7694,2022-09-03,80.0,拙政园,旧账导入-2022,支出,娱乐/运动,娱乐/运动,0,,,14,2026-03-20 16:40:48,2026-03-20 16:40:48,2026-03-20 16:40:48
7693,2022-09-03,71.0,人际交往,旧账导入-2022,支出,社交,社交,0,,,14,2026-03-20 16:40:48,2026-03-20 16:40:48,2026-03-20 16:40:48
7692,2022-09-03,326.0,苏州回合肥,旧账导入-2022,支出,交通,交通,0,,,14,2026-03-20 16:40:48,2026-03-20 16:40:48,2026-03-20 16:40:48
7691,2022-09-03,60.0,餐饮,旧账导入-2022,支出,食品饮料,食品饮料,0,,,14,2026-03-20 16:40:48,2026-03-20 16:40:48,2026-03-20 16:40:48
7690,2022-09-03,120.0,午餐,旧账导入-2022,支出,食品饮料,食品饮料,0,,,14,2026-03-20 16:40:48,2026-03-20 16:40:48,2026-03-20 16:40:48
7689,2022-09-02,-15.0,妈,旧账导入-2022,收入,亲友转账,亲友转账,0,,,14,2026-03-20 16:40:48,2026-03-20 16:40:48,2026-03-20 16:40:48
7688,2022-09-02,15.0,购物,旧账导入-2022,支出,生活支出,生活支出,0,,,14,2026-03-20 16:40:48,2026-03-20 16:40:48,2026-03-20 16:40:48
7687,2022-09-02,9.5,交通出行,旧账导入-2022,支出,交通,交通,0,,,14,2026-03-20 16:40:48,2026-03-20 16:40:48,2026-03-20 16:40:48
7686,2022-09-02,158.0,晚餐,旧账导入-2022,支出,食品饮料,食品饮料,0,,,14,2026-03-20 16:40:48,2026-03-20 16:40:48,2026-03-20 16:40:48
7685,2022-09-02,50.0,午餐,旧账导入-2022,支出,食品饮料,食品饮料,0,,,14,2026-03-20 16:40:48,2026-03-20 16:40:48,2026-03-20 16:40:48
7684,2022-09-01,1000.0,妈,旧账导入-2022,收入,亲友转账,亲友转账,0,,,14,2026-03-20 16:40:48,2026-03-20 16:40:48,2026-03-20 16:40:48
7683,2022-09-01,108.0,住宿支出,旧账导入-2022,支出,住宿,住宿,0,,,14,2026-03-20 16:40:48,2026-03-20 16:40:48,2026-03-20 16:40:48
7682,2022-09-01,186.0,坐船,旧账导入-2022,支出,娱乐/运动,娱乐/运动,0,,,14,2026-03-20 16:40:48,2026-03-20 16:40:48,2026-03-20 16:40:48
7681,2022-09-01,40.0,餐饮,旧账导入-2022,支出,食品饮料,食品饮料,0,,,14,2026-03-20 16:40:48,2026-03-20 16:40:48,2026-03-20 16:40:48
7680,2022-09-01,224.0,午餐,旧账导入-2022,支出,食品饮料,食品饮料,0,,,14,2026-03-20 16:40:48,2026-03-20 16:40:48,2026-03-20 16:40:48
7679,2022-08-31,107.0,住宿支出,旧账导入-2022,支出,住宿,住宿,0,,,14,2026-03-20 16:40:48,2026-03-20 16:40:48,2026-03-20 16:40:48
7678,2022-08-31,73.0,交通出行,旧账导入-2022,支出,交通,交通,0,,,14,2026-03-20 16:40:48,2026-03-20 16:40:48,2026-03-20 16:40:48
7677,2022-08-31,76.0,午餐,旧账导入-2022,支出,食品饮料,食品饮料,0,,,14,2026-03-20 16:40:48,2026-03-20 16:40:48,2026-03-20 16:40:48
7676,2022-08-30,78.0,药,旧账导入-2022,支出,生活支出,生活支出,0,,,14,2026-03-20 16:40:48,2026-03-20 16:40:48,2026-03-20 16:40:48
7675,2022-08-30,83.0,住宿支出,旧账导入-2022,支出,住宿,住宿,0,,,14,2026-03-20 16:40:48,2026-03-20 16:40:48,2026-03-20 16:40:48
7674,2022-08-30,79.0,鞋,旧账导入-2022,支出,亲友转账,亲友转账,0,,,14,2026-03-20 16:40:48,2026-03-20 16:40:48,2026-03-20 16:40:48
7673,2022-08-30,18.0,交通出行,旧账导入-2022,支出,交通,交通,0,,,14,2026-03-20 16:40:48,2026-03-20 16:40:48,2026-03-20 16:40:48
7672,2022-08-30,63.1,餐饮,旧账导入-2022,支出,食品饮料,食品饮料,0,,,14,2026-03-20 16:40:48,2026-03-20 16:40:48,2026-03-20 16:40:48
7671,2022-08-30,55.0,晚餐,旧账导入-2022,支出,食品饮料,食品饮料,0,,,14,2026-03-20 16:40:48,2026-03-20 16:40:48,2026-03-20 16:40:48
7670,2022-08-30,57.0,午餐,旧账导入-2022,支出,食品饮料,食品饮料,0,,,14,2026-03-20 16:40:48,2026-03-20 16:40:48,2026-03-20 16:40:48
7669,2022-08-29,122.0,住宿支出,旧账导入-2022,支出,住宿,住宿,0,,,14,2026-03-20 16:40:48,2026-03-20 16:40:48,2026-03-20 16:40:48
7668,2022-08-29,150.0,密室逃脱,旧账导入-2022,支出,娱乐/运动,娱乐/运动,0,,,14,2026-03-20 16:40:48,2026-03-20 16:40:48,2026-03-20 16:40:48
7667,2022-08-29,150.0,去南京,旧账导入-2022,支出,交通,交通,0,,,14,2026-03-20 16:40:48,2026-03-20 16:40:48,2026-03-20 16:40:48
7666,2022-08-29,42.0,晚餐,旧账导入-2022,支出,食品饮料,食品饮料,0,,,14,2026-03-20 16:40:48,2026-03-20 16:40:48,2026-03-20 16:40:48
7665,2022-08-29,62.0,午餐,旧账导入-2022,支出,食品饮料,食品饮料,0,,,14,2026-03-20 16:40:48,2026-03-20 16:40:48,2026-03-20 16:40:48
7664,2022-08-28,10.0,生活支出,旧账导入-2022,支出,生活支出,生活支出,0,,,14,2026-03-20 16:40:48,2026-03-20 16:40:48,2026-03-20 16:40:48
7663,2022-08-28,144.0,住宿支出,旧账导入-2022,支出,住宿,住宿,0,,,14,2026-03-20 16:40:48,2026-03-20 16:40:48,2026-03-20 16:40:48
7662,2022-08-28,50.0,游泳,旧账导入-2022,支出,娱乐/运动,娱乐/运动,0,,,14,2026-03-20 16:40:48,2026-03-20 16:40:48,2026-03-20 16:40:48
7661,2022-08-28,-200.0,悦姐姐,旧账导入-2022,支出,亲友转账,亲友转账,0,,,14,2026-03-20 16:40:48,2026-03-20 16:40:48,2026-03-20 16:40:48
7660,2022-08-28,30.0,交通出行,旧账导入-2022,支出,交通,交通,0,,,14,2026-03-20 16:40:48,2026-03-20 16:40:48,2026-03-20 16:40:48
7659,2022-08-28,25.0,餐饮,旧账导入-2022,支出,食品饮料,食品饮料,0,,,14,2026-03-20 16:40:48,2026-03-20 16:40:48,2026-03-20 16:40:48
7658,2022-08-28,46.0,晚餐,旧账导入-2022,支出,食品饮料,食品饮料,0,,,14,2026-03-20 16:40:48,2026-03-20 16:40:48,2026-03-20 16:40:48
7657,2022-08-28,58.0,午餐,旧账导入-2022,支出,食品饮料,食品饮料,0,,,14,2026-03-20 16:40:48,2026-03-20 16:40:48,2026-03-20 16:40:48
7656,2022-08-27,76.0,生活用品,旧账导入-2022,支出,生活支出,生活支出,0,,,14,2026-03-20 16:40:48,2026-03-20 16:40:48,2026-03-20 16:40:48
7655,2022-08-27,258.0,住宿支出,旧账导入-2022,支出,住宿,住宿,0,,,14,2026-03-20 16:40:48,2026-03-20 16:40:48,2026-03-20 16:40:48
7654,2022-08-27,-500.0,悦姐姐,旧账导入-2022,支出,亲友转账,亲友转账,0,,,14,2026-03-20 16:40:48,2026-03-20 16:40:48,2026-03-20 16:40:48
7653,2022-08-27,85.0,交通出行,旧账导入-2022,支出,交通,交通,0,,,14,2026-03-20 16:40:48,2026-03-20 16:40:48,2026-03-20 16:40:48
7652,2022-08-27,196.0,晚餐,旧账导入-2022,支出,食品饮料,食品饮料,0,,,14,2026-03-20 16:40:48,2026-03-20 16:40:48,2026-03-20 16:40:48
7651,2022-08-27,11.5,早餐,旧账导入-2022,支出,食品饮料,食品饮料,0,,,14,2026-03-20 16:40:48,2026-03-20 16:40:48,2026-03-20 16:40:48
7650,2022-08-26,125.0,住宿,旧账导入-2022,支出,亲友转账,亲友转账,0,,,14,2026-03-20 16:40:48,2026-03-20 16:40:48,2026-03-20 16:40:48
7649,2022-08-26,5.0,交通出行,旧账导入-2022,支出,交通,交通,0,,,14,2026-03-20 16:40:48,2026-03-20 16:40:48,2026-03-20 16:40:48
7648,2022-08-26,6.5,晚餐,旧账导入-2022,支出,食品饮料,食品饮料,0,,,14,2026-03-20 16:40:48,2026-03-20 16:40:48,2026-03-20 16:40:48
7647,2022-08-26,28.0,午餐,旧账导入-2022,支出,食品饮料,食品饮料,0,,,14,2026-03-20 16:40:48,2026-03-20 16:40:48,2026-03-20 16:40:48
7646,2022-08-26,8.5,早餐,旧账导入-2022,支出,食品饮料,食品饮料,0,,,14,2026-03-20 16:40:48,2026-03-20 16:40:48,2026-03-20 16:40:48
7645,2022-08-25,6.0,交通出行,旧账导入-2022,支出,交通,交通,0,,,14,2026-03-20 16:40:48,2026-03-20 16:40:48,2026-03-20 16:40:48
7644,2022-08-25,72.0,晚餐,旧账导入-2022,支出,食品饮料,食品饮料,0,,,14,2026-03-20 16:40:48,2026-03-20 16:40:48,2026-03-20 16:40:48
7643,2022-08-25,23.0,午餐,旧账导入-2022,支出,食品饮料,食品饮料,0,,,14,2026-03-20 16:40:48,2026-03-20 16:40:48,2026-03-20 16:40:48
7642,2022-08-25,6.0,早餐,旧账导入-2022,支出,食品饮料,食品饮料,0,,,14,2026-03-20 16:40:48,2026-03-20 16:40:48,2026-03-20 16:40:48
7641,2022-08-24,18.0,奶茶,旧账导入-2022,支出,亲友转账,亲友转账,0,,,14,2026-03-20 16:40:48,2026-03-20 16:40:48,2026-03-20 16:40:48
7640,2022-08-24,12.0,晚餐,旧账导入-2022,支出,食品饮料,食品饮料,0,,,14,2026-03-20 16:40:48,2026-03-20 16:40:48,2026-03-20 16:40:48
7639,2022-08-24,28.0,午餐,旧账导入-2022,支出,食品饮料,食品饮料,0,,,14,2026-03-20 16:40:48,2026-03-20 16:40:48,2026-03-20 16:40:48
7638,2022-08-24,5.0,早餐,旧账导入-2022,支出,食品饮料,食品饮料,0,,,14,2026-03-20 16:40:48,2026-03-20 16:40:48,2026-03-20 16:40:48
7637,2022-08-23,151.0,鞋,旧账导入-2022,支出,服饰,服饰,0,,,14,2026-03-20 16:40:48,2026-03-20 16:40:48,2026-03-20 16:40:48
7636,2022-08-23,8.0,餐饮,旧账导入-2022,支出,食品饮料,食品饮料,0,,,14,2026-03-20 16:40:48,2026-03-20 16:40:48,2026-03-20 16:40:48
7635,2022-08-23,12.0,晚餐,旧账导入-2022,支出,食品饮料,食品饮料,0,,,14,2026-03-20 16:40:48,2026-03-20 16:40:48,2026-03-20 16:40:48
7634,2022-08-23,29.0,午餐,旧账导入-2022,支出,食品饮料,食品饮料,0,,,14,2026-03-20 16:40:48,2026-03-20 16:40:48,2026-03-20 16:40:48
7633,2022-08-23,5.0,早餐,旧账导入-2022,支出,食品饮料,食品饮料,0,,,14,2026-03-20 16:40:48,2026-03-20 16:40:48,2026-03-20 16:40:48
7632,2022-08-22,55.0,套套,旧账导入-2022,支出,生活支出,生活支出,0,,,14,2026-03-20 16:40:48,2026-03-20 16:40:48,2026-03-20 16:40:48
7631,2022-08-22,13.0,午餐,旧账导入-2022,支出,食品饮料,食品饮料,0,,,14,2026-03-20 16:40:48,2026-03-20 16:40:48,2026-03-20 16:40:48
7630,2022-08-21,68.0,润滑液,旧账导入-2022,支出,生活支出,生活支出,0,,,14,2026-03-20 16:40:48,2026-03-20 16:40:48,2026-03-20 16:40:48
7629,2022-08-21,56.0,吃的,旧账导入-2022,支出,亲友转账,亲友转账,0,,,14,2026-03-20 16:40:48,2026-03-20 16:40:48,2026-03-20 16:40:48
7628,2022-08-21,5.0,交通出行,旧账导入-2022,支出,交通,交通,0,,,14,2026-03-20 16:40:48,2026-03-20 16:40:48,2026-03-20 16:40:48
7627,2022-08-21,35.0,晚餐,旧账导入-2022,支出,食品饮料,食品饮料,0,,,14,2026-03-20 16:40:48,2026-03-20 16:40:48,2026-03-20 16:40:48
7626,2022-08-20,30.0,话费,旧账导入-2022,支出,生活支出,生活支出,0,,,14,2026-03-20 16:40:48,2026-03-20 16:40:48,2026-03-20 16:40:48
7625,2022-08-20,25.0,游泳,旧账导入-2022,支出,娱乐/运动,娱乐/运动,0,,,14,2026-03-20 16:40:48,2026-03-20 16:40:48,2026-03-20 16:40:48
7624,2022-08-20,17.0,交通出行,旧账导入-2022,支出,交通,交通,0,,,14,2026-03-20 16:40:48,2026-03-20 16:40:48,2026-03-20 16:40:48
7623,2022-08-20,12.5,餐饮,旧账导入-2022,支出,食品饮料,食品饮料,0,,,14,2026-03-20 16:40:48,2026-03-20 16:40:48,2026-03-20 16:40:48
7622,2022-08-20,19.0,午餐,旧账导入-2022,支出,食品饮料,食品饮料,0,,,14,2026-03-20 16:40:48,2026-03-20 16:40:48,2026-03-20 16:40:48
7621,2022-08-20,5.0,早餐,旧账导入-2022,支出,食品饮料,食品饮料,0,,,14,2026-03-20 16:40:48,2026-03-20 16:40:48,2026-03-20 16:40:48
7620,2022-08-19,80.0,奶茶,旧账导入-2022,支出,亲友转账,亲友转账,0,,,14,2026-03-20 16:40:48,2026-03-20 16:40:48,2026-03-20 16:40:48
7619,2022-08-19,8.0,餐饮,旧账导入-2022,支出,食品饮料,食品饮料,0,,,14,2026-03-20 16:40:48,2026-03-20 16:40:48,2026-03-20 16:40:48
7618,2022-08-19,43.0,晚餐,旧账导入-2022,支出,食品饮料,食品饮料,0,,,14,2026-03-20 16:40:48,2026-03-20 16:40:48,2026-03-20 16:40:48
7617,2022-08-19,26.0,午餐,旧账导入-2022,支出,食品饮料,食品饮料,0,,,14,2026-03-20 16:40:48,2026-03-20 16:40:48,2026-03-20 16:40:48
7616,2022-08-19,5.0,早餐,旧账导入-2022,支出,食品饮料,食品饮料,0,,,14,2026-03-20 16:40:48,2026-03-20 16:40:48,2026-03-20 16:40:48
7615,2022-08-18,6.5,蜡粒,旧账导入-2022,支出,生活支出,生活支出,0,,,14,2026-03-20 16:40:48,2026-03-20 16:40:48,2026-03-20 16:40:48
7614,2022-08-18,3.0,交通出行,旧账导入-2022,支出,交通,交通,0,,,14,2026-03-20 16:40:48,2026-03-20 16:40:48,2026-03-20 16:40:48
7613,2022-08-18,22.0,晚餐,旧账导入-2022,支出,食品饮料,食品饮料,0,,,14,2026-03-20 16:40:48,2026-03-20 16:40:48,2026-03-20 16:40:48
7612,2022-08-18,30.0,午餐,旧账导入-2022,支出,食品饮料,食品饮料,0,,,14,2026-03-20 16:40:48,2026-03-20 16:40:48,2026-03-20 16:40:48
7611,2022-08-18,5.3,早餐,旧账导入-2022,支出,食品饮料,食品饮料,0,,,14,2026-03-20 16:40:48,2026-03-20 16:40:48,2026-03-20 16:40:48
7610,2022-08-17,3.0,交通出行,旧账导入-2022,支出,交通,交通,0,,,14,2026-03-20 16:40:48,2026-03-20 16:40:48,2026-03-20 16:40:48
7609,2022-08-17,18.0,晚餐,旧账导入-2022,支出,食品饮料,食品饮料,0,,,14,2026-03-20 16:40:48,2026-03-20 16:40:48,2026-03-20 16:40:48
7608,2022-08-17,12.0,午餐,旧账导入-2022,支出,食品饮料,食品饮料,0,,,14,2026-03-20 16:40:48,2026-03-20 16:40:48,2026-03-20 16:40:48
7607,2022-08-17,5.3,早餐,旧账导入-2022,支出,食品饮料,食品饮料,0,,,14,2026-03-20 16:40:48,2026-03-20 16:40:48,2026-03-20 16:40:48
7606,2022-08-16,169.0,绳缚教程,旧账导入-2022,支出,学习/培训/办公,学习/培训/办公,0,,,14,2026-03-20 16:40:48,2026-03-20 16:40:48,2026-03-20 16:40:48
7605,2022-08-16,23.0,相册,旧账导入-2022,支出,亲友转账,亲友转账,0,,,14,2026-03-20 16:40:48,2026-03-20 16:40:48,2026-03-20 16:40:48
7604,2022-08-16,3.0,交通出行,旧账导入-2022,支出,交通,交通,0,,,14,2026-03-20 16:40:48,2026-03-20 16:40:48,2026-03-20 16:40:48
7603,2022-08-16,22.0,晚餐,旧账导入-2022,支出,食品饮料,食品饮料,0,,,14,2026-03-20 16:40:48,2026-03-20 16:40:48,2026-03-20 16:40:48
7602,2022-08-16,12.0,午餐,旧账导入-2022,支出,食品饮料,食品饮料,0,,,14,2026-03-20 16:40:48,2026-03-20 16:40:48,2026-03-20 16:40:48
7601,2022-08-16,5.3,早餐,旧账导入-2022,支出,食品饮料,食品饮料,0,,,14,2026-03-20 16:40:48,2026-03-20 16:40:48,2026-03-20 16:40:48
7600,2022-08-15,750.0,实习津贴,旧账导入-2022,收入,其他,其他,0,,,14,2026-03-20 16:40:48,2026-03-20 16:40:48,2026-03-20 16:40:48
7599,2022-08-15,-80.0,妈-烤肠,旧账导入-2022,收入,亲友转账,亲友转账,0,,,14,2026-03-20 16:40:48,2026-03-20 16:40:48,2026-03-20 16:40:48
7598,2022-08-15,80.0,姐-烤肠,旧账导入-2022,支出,社交,社交,0,,,14,2026-03-20 16:40:48,2026-03-20 16:40:48,2026-03-20 16:40:48
7597,2022-08-15,90.0,烤肠,旧账导入-2022,支出,亲友转账,亲友转账,0,,,14,2026-03-20 16:40:48,2026-03-20 16:40:48,2026-03-20 16:40:48
7596,2022-08-14,42.0,阿达帕林,旧账导入-2022,支出,生活支出,生活支出,0,,,14,2026-03-20 16:40:48,2026-03-20 16:40:48,2026-03-20 16:40:48
7595,2022-08-14,29.0,相册+火漆勺,旧账导入-2022,支出,生活支出,生活支出,0,,,14,2026-03-20 16:40:48,2026-03-20 16:40:48,2026-03-20 16:40:48
7594,2022-08-14,405.0,七夕礼物,旧账导入-2022,支出,亲友转账,亲友转账,0,,,14,2026-03-20 16:40:48,2026-03-20 16:40:48,2026-03-20 16:40:48
7593,2022-08-14,5.0,交通出行,旧账导入-2022,支出,交通,交通,0,,,14,2026-03-20 16:40:48,2026-03-20 16:40:48,2026-03-20 16:40:48
7592,2022-08-14,12.0,晚餐,旧账导入-2022,支出,食品饮料,食品饮料,0,,,14,2026-03-20 16:40:48,2026-03-20 16:40:48,2026-03-20 16:40:48
7591,2022-08-14,12.0,午餐,旧账导入-2022,支出,食品饮料,食品饮料,0,,,14,2026-03-20 16:40:48,2026-03-20 16:40:48,2026-03-20 16:40:48
7590,2022-08-13,-19.0,妈妈-鱼,旧账导入-2022,收入,亲友转账,亲友转账,0,,,14,2026-03-20 16:40:48,2026-03-20 16:40:48,2026-03-20 16:40:48
7589,2022-08-13,9.9,电池,旧账导入-2022,支出,生活支出,生活支出,0,,,14,2026-03-20 16:40:48,2026-03-20 16:40:48,2026-03-20 16:40:48
7588,2022-08-13,25.0,游泳,旧账导入-2022,支出,娱乐/运动,娱乐/运动,0,,,14,2026-03-20 16:40:48,2026-03-20 16:40:48,2026-03-20 16:40:48
7587,2022-08-13,14.0,王路辉-快递,旧账导入-2022,支出,社交,社交,0,,,14,2026-03-20 16:40:48,2026-03-20 16:40:48,2026-03-20 16:40:48
7586,2022-08-13,234.0,阿姨礼物,旧账导入-2022,支出,亲友转账,亲友转账,0,,,14,2026-03-20 16:40:48,2026-03-20 16:40:48,2026-03-20 16:40:48
7585,2022-08-13,8.6,交通出行,旧账导入-2022,支出,交通,交通,0,,,14,2026-03-20 16:40:48,2026-03-20 16:40:48,2026-03-20 16:40:48
7584,2022-08-13,12.0,午餐,旧账导入-2022,支出,食品饮料,食品饮料,0,,,14,2026-03-20 16:40:48,2026-03-20 16:40:48,2026-03-20 16:40:48
7583,2022-08-13,3.5,早餐,旧账导入-2022,支出,食品饮料,食品饮料,0,,,14,2026-03-20 16:40:48,2026-03-20 16:40:48,2026-03-20 16:40:48
7582,2022-08-12,-20.0,妈妈-盆栽,旧账导入-2022,收入,亲友转账,亲友转账,0,,,14,2026-03-20 16:40:48,2026-03-20 16:40:48,2026-03-20 16:40:48
7581,2022-08-12,15.0,口罩,旧账导入-2022,支出,生活支出,生活支出,0,,,14,2026-03-20 16:40:48,2026-03-20 16:40:48,2026-03-20 16:40:48
7580,2022-08-12,15.0,口罩,旧账导入-2022,支出,亲友转账,亲友转账,0,,,14,2026-03-20 16:40:48,2026-03-20 16:40:48,2026-03-20 16:40:48
7579,2022-08-12,12.0,晚餐,旧账导入-2022,支出,食品饮料,食品饮料,0,,,14,2026-03-20 16:40:48,2026-03-20 16:40:48,2026-03-20 16:40:48
7578,2022-08-12,12.0,午餐,旧账导入-2022,支出,食品饮料,食品饮料,0,,,14,2026-03-20 16:40:48,2026-03-20 16:40:48,2026-03-20 16:40:48
7577,2022-08-12,3.1,早餐,旧账导入-2022,支出,食品饮料,食品饮料,0,,,14,2026-03-20 16:40:48,2026-03-20 16:40:48,2026-03-20 16:40:48
7576,2022-08-11,3.6,交通出行,旧账导入-2022,支出,交通,交通,0,,,14,2026-03-20 16:40:48,2026-03-20 16:40:48,2026-03-20 16:40:48
7575,2022-08-11,20.7,餐饮,旧账导入-2022,支出,食品饮料,食品饮料,0,,,14,2026-03-20 16:40:48,2026-03-20 16:40:48,2026-03-20 16:40:48
7574,2022-08-11,12.0,晚餐,旧账导入-2022,支出,食品饮料,食品饮料,0,,,14,2026-03-20 16:40:48,2026-03-20 16:40:48,2026-03-20 16:40:48
7573,2022-08-11,12.0,午餐,旧账导入-2022,支出,食品饮料,食品饮料,0,,,14,2026-03-20 16:40:48,2026-03-20 16:40:48,2026-03-20 16:40:48
7572,2022-08-11,3.5,早餐,旧账导入-2022,支出,食品饮料,食品饮料,0,,,14,2026-03-20 16:40:48,2026-03-20 16:40:48,2026-03-20 16:40:48
7571,2022-08-10,1000.0,股市收益,旧账导入-2022,收入,其他,其他,0,,,14,2026-03-20 16:40:48,2026-03-20 16:40:48,2026-03-20 16:40:48
7570,2022-08-10,1.8,交通出行,旧账导入-2022,支出,交通,交通,0,,,14,2026-03-20 16:40:48,2026-03-20 16:40:48,2026-03-20 16:40:48
7569,2022-08-10,4.0,晚餐,旧账导入-2022,支出,食品饮料,食品饮料,0,,,14,2026-03-20 16:40:48,2026-03-20 16:40:48,2026-03-20 16:40:48
7568,2022-08-10,12.0,午餐,旧账导入-2022,支出,食品饮料,食品饮料,0,,,14,2026-03-20 16:40:48,2026-03-20 16:40:48,2026-03-20 16:40:48
7567,2022-08-10,3.5,早餐,旧账导入-2022,支出,食品饮料,食品饮料,0,,,14,2026-03-20 16:40:48,2026-03-20 16:40:48,2026-03-20 16:40:48
7566,2022-08-09,1000.0,股市收益,旧账导入-2022,收入,其他,其他,0,,,14,2026-03-20 16:40:48,2026-03-20 16:40:48,2026-03-20 16:40:48
7565,2022-08-09,12.0,晚餐,旧账导入-2022,支出,食品饮料,食品饮料,0,,,14,2026-03-20 16:40:48,2026-03-20 16:40:48,2026-03-20 16:40:48
7564,2022-08-09,12.0,午餐,旧账导入-2022,支出,食品饮料,食品饮料,0,,,14,2026-03-20 16:40:48,2026-03-20 16:40:48,2026-03-20 16:40:48
7563,2022-08-09,3.5,早餐,旧账导入-2022,支出,食品饮料,食品饮料,0,,,14,2026-03-20 16:40:48,2026-03-20 16:40:48,2026-03-20 16:40:48
7562,2022-08-08,-16.0,妈妈-盆栽,旧账导入-2022,收入,亲友转账,亲友转账,0,,,14,2026-03-20 16:40:48,2026-03-20 16:40:48,2026-03-20 16:40:48
7561,2022-08-08,30.0,话费,旧账导入-2022,支出,生活支出,生活支出,0,,,14,2026-03-20 16:40:48,2026-03-20 16:40:48,2026-03-20 16:40:48
7560,2022-08-08,17.0,奶茶,旧账导入-2022,支出,亲友转账,亲友转账,0,,,14,2026-03-20 16:40:48,2026-03-20 16:40:48,2026-03-20 16:40:48
7559,2022-08-08,14.5,晚餐,旧账导入-2022,支出,食品饮料,食品饮料,0,,,14,2026-03-20 16:40:48,2026-03-20 16:40:48,2026-03-20 16:40:48
7558,2022-08-08,12.0,午餐,旧账导入-2022,支出,食品饮料,食品饮料,0,,,14,2026-03-20 16:40:48,2026-03-20 16:40:48,2026-03-20 16:40:48
7557,2022-08-07,30.0,电费,旧账导入-2022,支出,生活支出,生活支出,0,,,14,2026-03-20 16:40:48,2026-03-20 16:40:48,2026-03-20 16:40:48
7556,2022-08-07,30.0,游泳,旧账导入-2022,支出,娱乐/运动,娱乐/运动,0,,,14,2026-03-20 16:40:48,2026-03-20 16:40:48,2026-03-20 16:40:48
7555,2022-08-07,19.0,吃,旧账导入-2022,支出,亲友转账,亲友转账,0,,,14,2026-03-20 16:40:48,2026-03-20 16:40:48,2026-03-20 16:40:48
7554,2022-08-07,3.0,餐饮,旧账导入-2022,支出,食品饮料,食品饮料,0,,,14,2026-03-20 16:40:48,2026-03-20 16:40:48,2026-03-20 16:40:48
7553,2022-08-07,9.0,晚餐,旧账导入-2022,支出,食品饮料,食品饮料,0,,,14,2026-03-20 16:40:48,2026-03-20 16:40:48,2026-03-20 16:40:48
7552,2022-08-07,12.0,午餐,旧账导入-2022,支出,食品饮料,食品饮料,0,,,14,2026-03-20 16:40:48,2026-03-20 16:40:48,2026-03-20 16:40:48
7551,2022-08-06,915.0,手机补贴,旧账导入-2022,支出,亲友转账,亲友转账,0,,,14,2026-03-20 16:40:48,2026-03-20 16:40:48,2026-03-20 16:40:48
7550,2022-08-06,15.5,晚餐,旧账导入-2022,支出,食品饮料,食品饮料,0,,,14,2026-03-20 16:40:48,2026-03-20 16:40:48,2026-03-20 16:40:48
7549,2022-08-06,12.0,午餐,旧账导入-2022,支出,食品饮料,食品饮料,0,,,14,2026-03-20 16:40:48,2026-03-20 16:40:48,2026-03-20 16:40:48
7548,2022-08-06,3.5,早餐,旧账导入-2022,支出,食品饮料,食品饮料,0,,,14,2026-03-20 16:40:48,2026-03-20 16:40:48,2026-03-20 16:40:48
7547,2022-08-05,76.66,老哥生日,旧账导入-2022,支出,社交,社交,0,,,14,2026-03-20 16:40:48,2026-03-20 16:40:48,2026-03-20 16:40:48
7546,2022-08-05,11.0,交通出行,旧账导入-2022,支出,交通,交通,0,,,14,2026-03-20 16:40:48,2026-03-20 16:40:48,2026-03-20 16:40:48
7545,2022-08-05,17.5,晚餐,旧账导入-2022,支出,食品饮料,食品饮料,0,,,14,2026-03-20 16:40:48,2026-03-20 16:40:48,2026-03-20 16:40:48
7544,2022-08-05,12.0,午餐,旧账导入-2022,支出,食品饮料,食品饮料,0,,,14,2026-03-20 16:40:48,2026-03-20 16:40:48,2026-03-20 16:40:48
7543,2022-08-05,3.6,早餐,旧账导入-2022,支出,食品饮料,食品饮料,0,,,14,2026-03-20 16:40:48,2026-03-20 16:40:48,2026-03-20 16:40:48
7542,2022-08-04,63.0,内存卡,旧账导入-2022,支出,生活支出,生活支出,0,,,14,2026-03-20 16:40:48,2026-03-20 16:40:48,2026-03-20 16:40:48
7541,2022-08-04,6.0,交通出行,旧账导入-2022,支出,交通,交通,0,,,14,2026-03-20 16:40:48,2026-03-20 16:40:48,2026-03-20 16:40:48
7540,2022-08-04,12.0,晚餐,旧账导入-2022,支出,食品饮料,食品饮料,0,,,14,2026-03-20 16:40:48,2026-03-20 16:40:48,2026-03-20 16:40:48
7539,2022-08-04,12.0,午餐,旧账导入-2022,支出,食品饮料,食品饮料,0,,,14,2026-03-20 16:40:48,2026-03-20 16:40:48,2026-03-20 16:40:48
7538,2022-08-04,3.6,早餐,旧账导入-2022,支出,食品饮料,食品饮料,0,,,14,2026-03-20 16:40:48,2026-03-20 16:40:48,2026-03-20 16:40:48
7537,2022-08-03,30.0,游泳,旧账导入-2022,支出,娱乐/运动,娱乐/运动,0,,,14,2026-03-20 16:40:48,2026-03-20 16:40:48,2026-03-20 16:40:48
7536,2022-08-03,46.9,乳,旧账导入-2022,支出,亲友转账,亲友转账,0,,,14,2026-03-20 16:40:48,2026-03-20 16:40:48,2026-03-20 16:40:48
7535,2022-08-03,16.5,晚餐,旧账导入-2022,支出,食品饮料,食品饮料,0,,,14,2026-03-20 16:40:48,2026-03-20 16:40:48,2026-03-20 16:40:48
7534,2022-08-03,12.0,午餐,旧账导入-2022,支出,食品饮料,食品饮料,0,,,14,2026-03-20 16:40:48,2026-03-20 16:40:48,2026-03-20 16:40:48
7533,2022-08-03,3.6,早餐,旧账导入-2022,支出,食品饮料,食品饮料,0,,,14,2026-03-20 16:40:48,2026-03-20 16:40:48,2026-03-20 16:40:48
7532,2022-08-02,13.8,洗面奶,旧账导入-2022,支出,生活支出,生活支出,0,,,14,2026-03-20 16:40:48,2026-03-20 16:40:48,2026-03-20 16:40:48
7531,2022-08-02,10.0,空调费,旧账导入-2022,支出,生活支出,生活支出,0,,,14,2026-03-20 16:40:48,2026-03-20 16:40:48,2026-03-20 16:40:48
7530,2022-08-02,15.0,奶茶,旧账导入-2022,支出,亲友转账,亲友转账,0,,,14,2026-03-20 16:40:48,2026-03-20 16:40:48,2026-03-20 16:40:48
7529,2022-08-02,87.0,交通出行,旧账导入-2022,支出,交通,交通,0,,,14,2026-03-20 16:40:48,2026-03-20 16:40:48,2026-03-20 16:40:48
7528,2022-08-02,14.0,水果,旧账导入-2022,支出,食品饮料,食品饮料,0,,,14,2026-03-20 16:40:48,2026-03-20 16:40:48,2026-03-20 16:40:48
7527,2022-08-02,14.5,晚餐,旧账导入-2022,支出,食品饮料,食品饮料,0,,,14,2026-03-20 16:40:48,2026-03-20 16:40:48,2026-03-20 16:40:48
7526,2022-08-02,12.0,午餐,旧账导入-2022,支出,食品饮料,食品饮料,0,,,14,2026-03-20 16:40:48,2026-03-20 16:40:48,2026-03-20 16:40:48
7525,2022-08-01,2000.0,妈,旧账导入-2022,收入,亲友转账,亲友转账,0,,,14,2026-03-20 16:40:48,2026-03-20 16:40:48,2026-03-20 16:40:48
7524,2022-08-01,78.0,剧本杀,旧账导入-2022,支出,娱乐/运动,娱乐/运动,0,,,14,2026-03-20 16:40:48,2026-03-20 16:40:48,2026-03-20 16:40:48
7523,2022-08-01,19.3,餐饮,旧账导入-2022,支出,食品饮料,食品饮料,0,,,14,2026-03-20 16:40:48,2026-03-20 16:40:48,2026-03-20 16:40:48
7522,2022-08-01,15.0,晚餐,旧账导入-2022,支出,食品饮料,食品饮料,0,,,14,2026-03-20 16:40:48,2026-03-20 16:40:48,2026-03-20 16:40:48
7521,2022-08-01,11.5,午餐,旧账导入-2022,支出,食品饮料,食品饮料,0,,,14,2026-03-20 16:40:48,2026-03-20 16:40:48,2026-03-20 16:40:48
7520,2022-07-31,15.0,网易云,旧账导入-2022,支出,虚拟充值/通讯,虚拟充值/通讯,0,,,14,2026-03-20 16:40:48,2026-03-20 16:40:48,2026-03-20 16:40:48
7519,2022-07-31,9.0,吃的,旧账导入-2022,支出,亲友转账,亲友转账,0,,,14,2026-03-20 16:40:48,2026-03-20 16:40:48,2026-03-20 16:40:48
7518,2022-07-31,21.5,水果,旧账导入-2022,支出,食品饮料,食品饮料,0,,,14,2026-03-20 16:40:48,2026-03-20 16:40:48,2026-03-20 16:40:48
7517,2022-07-31,32.0,晚餐,旧账导入-2022,支出,食品饮料,食品饮料,0,,,14,2026-03-20 16:40:48,2026-03-20 16:40:48,2026-03-20 16:40:48
7516,2022-07-31,23.5,午餐,旧账导入-2022,支出,食品饮料,食品饮料,0,,,14,2026-03-20 16:40:48,2026-03-20 16:40:48,2026-03-20 16:40:48
7515,2022-07-30,8.0,购物,旧账导入-2022,支出,生活支出,生活支出,0,,,14,2026-03-20 16:40:48,2026-03-20 16:40:48,2026-03-20 16:40:48
7514,2022-07-30,30.0,游泳,旧账导入-2022,支出,娱乐/运动,娱乐/运动,0,,,14,2026-03-20 16:40:48,2026-03-20 16:40:48,2026-03-20 16:40:48
7513,2022-07-30,34.0,奶,旧账导入-2022,支出,食品饮料,食品饮料,0,,,14,2026-03-20 16:40:48,2026-03-20 16:40:48,2026-03-20 16:40:48
7512,2022-07-30,42.0,晚餐,旧账导入-2022,支出,食品饮料,食品饮料,0,,,14,2026-03-20 16:40:48,2026-03-20 16:40:48,2026-03-20 16:40:48
7511,2022-07-30,15.0,午餐,旧账导入-2022,支出,食品饮料,食品饮料,0,,,14,2026-03-20 16:40:48,2026-03-20 16:40:48,2026-03-20 16:40:48
7510,2022-07-29,20.0,空调费,旧账导入-2022,支出,生活支出,生活支出,0,,,14,2026-03-20 16:40:48,2026-03-20 16:40:48,2026-03-20 16:40:48
7509,2022-07-29,28.0,游泳,旧账导入-2022,支出,娱乐/运动,娱乐/运动,0,,,14,2026-03-20 16:40:48,2026-03-20 16:40:48,2026-03-20 16:40:48
7508,2022-07-29,18.8,姐-鸭蛋,旧账导入-2022,支出,亲友转账,亲友转账,0,,,14,2026-03-20 16:40:48,2026-03-20 16:40:48,2026-03-20 16:40:48
7507,2022-07-29,14.5,晚餐,旧账导入-2022,支出,食品饮料,食品饮料,0,,,14,2026-03-20 16:40:48,2026-03-20 16:40:48,2026-03-20 16:40:48
7506,2022-07-28,11.3,餐饮,旧账导入-2022,支出,食品饮料,食品饮料,0,,,14,2026-03-20 16:40:48,2026-03-20 16:40:48,2026-03-20 16:40:48
7505,2022-07-28,18.8,晚餐,旧账导入-2022,支出,食品饮料,食品饮料,0,,,14,2026-03-20 16:40:48,2026-03-20 16:40:48,2026-03-20 16:40:48
7504,2022-07-28,12.0,午餐,旧账导入-2022,支出,食品饮料,食品饮料,0,,,14,2026-03-20 16:40:48,2026-03-20 16:40:48,2026-03-20 16:40:48
7503,2022-07-28,6.3,早餐,旧账导入-2022,支出,食品饮料,食品饮料,0,,,14,2026-03-20 16:40:48,2026-03-20 16:40:48,2026-03-20 16:40:48
7502,2022-07-27,45.0,乳,旧账导入-2022,支出,生活支出,生活支出,0,,,14,2026-03-20 16:40:48,2026-03-20 16:40:48,2026-03-20 16:40:48
7501,2022-07-27,18.3,吃的,旧账导入-2022,支出,亲友转账,亲友转账,0,,,14,2026-03-20 16:40:48,2026-03-20 16:40:48,2026-03-20 16:40:48
7500,2022-07-27,18.8,餐饮,旧账导入-2022,支出,食品饮料,食品饮料,0,,,14,2026-03-20 16:40:48,2026-03-20 16:40:48,2026-03-20 16:40:48
7499,2022-07-27,29.0,午餐,旧账导入-2022,支出,食品饮料,食品饮料,0,,,14,2026-03-20 16:40:48,2026-03-20 16:40:48,2026-03-20 16:40:48
7498,2022-07-26,1000.0,股市收益,旧账导入-2022,收入,其他,其他,0,,,14,2026-03-20 16:40:48,2026-03-20 16:40:48,2026-03-20 16:40:48
7497,2022-07-26,162.0,一套商务服,旧账导入-2022,支出,服饰,服饰,0,,,14,2026-03-20 16:40:48,2026-03-20 16:40:48,2026-03-20 16:40:48
7496,2022-07-26,103.0,墨镜,旧账导入-2022,支出,亲友转账,亲友转账,0,,,14,2026-03-20 16:40:48,2026-03-20 16:40:48,2026-03-20 16:40:48
7495,2022-07-26,20.0,交通出行,旧账导入-2022,支出,交通,交通,0,,,14,2026-03-20 16:40:48,2026-03-20 16:40:48,2026-03-20 16:40:48
7494,2022-07-26,8.3,餐饮,旧账导入-2022,支出,食品饮料,食品饮料,0,,,14,2026-03-20 16:40:48,2026-03-20 16:40:48,2026-03-20 16:40:48
7493,2022-07-26,16.0,晚餐,旧账导入-2022,支出,食品饮料,食品饮料,0,,,14,2026-03-20 16:40:48,2026-03-20 16:40:48,2026-03-20 16:40:48
7492,2022-07-26,29.0,午餐,旧账导入-2022,支出,食品饮料,食品饮料,0,,,14,2026-03-20 16:40:48,2026-03-20 16:40:48,2026-03-20 16:40:48
7491,2022-07-25,4.0,餐饮,旧账导入-2022,支出,食品饮料,食品饮料,0,,,14,2026-03-20 16:40:48,2026-03-20 16:40:48,2026-03-20 16:40:48
7490,2022-07-25,10.0,晚餐,旧账导入-2022,支出,食品饮料,食品饮料,0,,,14,2026-03-20 16:40:48,2026-03-20 16:40:48,2026-03-20 16:40:48
7489,2022-07-25,14.0,午餐,旧账导入-2022,支出,食品饮料,食品饮料,0,,,14,2026-03-20 16:40:48,2026-03-20 16:40:48,2026-03-20 16:40:48
7488,2022-07-24,4.0,交通出行,旧账导入-2022,支出,交通,交通,0,,,14,2026-03-20 16:40:48,2026-03-20 16:40:48,2026-03-20 16:40:48
7487,2022-07-24,6.0,餐饮,旧账导入-2022,支出,食品饮料,食品饮料,0,,,14,2026-03-20 16:40:48,2026-03-20 16:40:48,2026-03-20 16:40:48
7486,2022-07-24,12.0,晚餐,旧账导入-2022,支出,食品饮料,食品饮料,0,,,14,2026-03-20 16:40:48,2026-03-20 16:40:48,2026-03-20 16:40:48
7485,2022-07-24,26.0,午餐,旧账导入-2022,支出,食品饮料,食品饮料,0,,,14,2026-03-20 16:40:48,2026-03-20 16:40:48,2026-03-20 16:40:48
7484,2022-07-23,240.0,科三补考费,旧账导入-2022,支出,学习/培训/办公,学习/培训/办公,0,,,14,2026-03-20 16:40:48,2026-03-20 16:40:48,2026-03-20 16:40:48
7483,2022-07-23,56.0,住宿支出,旧账导入-2022,支出,住宿,住宿,0,,,14,2026-03-20 16:40:48,2026-03-20 16:40:48,2026-03-20 16:40:48
7482,2022-07-23,176.0,请游泳,旧账导入-2022,支出,社交,社交,0,,,14,2026-03-20 16:40:48,2026-03-20 16:40:48,2026-03-20 16:40:48
7481,2022-07-23,55.0,交通出行,旧账导入-2022,支出,交通,交通,0,,,14,2026-03-20 16:40:48,2026-03-20 16:40:48,2026-03-20 16:40:48
7480,2022-07-23,12.0,餐饮,旧账导入-2022,支出,食品饮料,食品饮料,0,,,14,2026-03-20 16:40:48,2026-03-20 16:40:48,2026-03-20 16:40:48
7479,2022-07-23,36.75,晚餐,旧账导入-2022,支出,食品饮料,食品饮料,0,,,14,2026-03-20 16:40:48,2026-03-20 16:40:48,2026-03-20 16:40:48
7478,2022-07-23,20.0,午餐,旧账导入-2022,支出,食品饮料,食品饮料,0,,,14,2026-03-20 16:40:48,2026-03-20 16:40:48,2026-03-20 16:40:48
7477,2022-07-22,56.0,住宿支出,旧账导入-2022,支出,住宿,住宿,0,,,14,2026-03-20 16:40:48,2026-03-20 16:40:48,2026-03-20 16:40:48
7476,2022-07-22,4.5,交通出行,旧账导入-2022,支出,交通,交通,0,,,14,2026-03-20 16:40:48,2026-03-20 16:40:48,2026-03-20 16:40:48
7475,2022-07-22,25.0,晚餐,旧账导入-2022,支出,食品饮料,食品饮料,0,,,14,2026-03-20 16:40:48,2026-03-20 16:40:48,2026-03-20 16:40:48
7474,2022-07-22,25.0,午餐,旧账导入-2022,支出,食品饮料,食品饮料,0,,,14,2026-03-20 16:40:48,2026-03-20 16:40:48,2026-03-20 16:40:48
7473,2022-07-22,5.6,早餐,旧账导入-2022,支出,食品饮料,食品饮料,0,,,14,2026-03-20 16:40:48,2026-03-20 16:40:48,2026-03-20 16:40:48
7472,2022-07-21,500.0,助理教练费,旧账导入-2022,收入,其他,其他,0,,,14,2026-03-20 16:40:48,2026-03-20 16:40:48,2026-03-20 16:40:48
7471,2022-07-21,39.0,住宿支出,旧账导入-2022,支出,住宿,住宿,0,,,14,2026-03-20 16:40:48,2026-03-20 16:40:48,2026-03-20 16:40:48
7470,2022-07-21,10.0,餐饮,旧账导入-2022,支出,食品饮料,食品饮料,0,,,14,2026-03-20 16:40:48,2026-03-20 16:40:48,2026-03-20 16:40:48
7469,2022-07-21,25.0,晚餐,旧账导入-2022,支出,食品饮料,食品饮料,0,,,14,2026-03-20 16:40:48,2026-03-20 16:40:48,2026-03-20 16:40:48
7468,2022-07-21,13.0,午餐,旧账导入-2022,支出,食品饮料,食品饮料,0,,,14,2026-03-20 16:40:48,2026-03-20 16:40:48,2026-03-20 16:40:48
7467,2022-07-20,39.0,住宿支出,旧账导入-2022,支出,住宿,住宿,0,,,14,2026-03-20 16:40:48,2026-03-20 16:40:48,2026-03-20 16:40:48
7466,2022-07-20,13.5,交通出行,旧账导入-2022,支出,交通,交通,0,,,14,2026-03-20 16:40:48,2026-03-20 16:40:48,2026-03-20 16:40:48
7465,2022-07-20,31.0,酸奶,旧账导入-2022,支出,食品饮料,食品饮料,0,,,14,2026-03-20 16:40:48,2026-03-20 16:40:48,2026-03-20 16:40:48
7464,2022-07-20,12.0,晚餐,旧账导入-2022,支出,食品饮料,食品饮料,0,,,14,2026-03-20 16:40:48,2026-03-20 16:40:48,2026-03-20 16:40:48
7463,2022-07-20,20.0,午餐,旧账导入-2022,支出,食品饮料,食品饮料,0,,,14,2026-03-20 16:40:48,2026-03-20 16:40:48,2026-03-20 16:40:48
7462,2022-07-19,45.0,住宿支出,旧账导入-2022,支出,住宿,住宿,0,,,14,2026-03-20 16:40:48,2026-03-20 16:40:48,2026-03-20 16:40:48
7461,2022-07-19,7.5,交通出行,旧账导入-2022,支出,交通,交通,0,,,14,2026-03-20 16:40:48,2026-03-20 16:40:48,2026-03-20 16:40:48
7460,2022-07-19,10.0,餐饮,旧账导入-2022,支出,食品饮料,食品饮料,0,,,14,2026-03-20 16:40:48,2026-03-20 16:40:48,2026-03-20 16:40:48
7459,2022-07-19,12.0,晚餐,旧账导入-2022,支出,食品饮料,食品饮料,0,,,14,2026-03-20 16:40:48,2026-03-20 16:40:48,2026-03-20 16:40:48
7458,2022-07-19,13.0,午餐,旧账导入-2022,支出,食品饮料,食品饮料,0,,,14,2026-03-20 16:40:48,2026-03-20 16:40:48,2026-03-20 16:40:48
7457,2022-07-18,6.0,iCloud,旧账导入-2022,支出,虚拟充值/通讯,虚拟充值/通讯,0,,,14,2026-03-20 16:40:48,2026-03-20 16:40:48,2026-03-20 16:40:48
7456,2022-07-18,8.1,晚餐,旧账导入-2022,支出,食品饮料,食品饮料,0,,,14,2026-03-20 16:40:48,2026-03-20 16:40:48,2026-03-20 16:40:48
7455,2022-07-18,13.0,午餐,旧账导入-2022,支出,食品饮料,食品饮料,0,,,14,2026-03-20 16:40:48,2026-03-20 16:40:48,2026-03-20 16:40:48
7454,2022-07-17,20.0,花,旧账导入-2022,支出,亲友转账,亲友转账,0,,,14,2026-03-20 16:40:48,2026-03-20 16:40:48,2026-03-20 16:40:48
7453,2022-07-17,13.0,午餐,旧账导入-2022,支出,食品饮料,食品饮料,0,,,14,2026-03-20 16:40:48,2026-03-20 16:40:48,2026-03-20 16:40:48
7452,2022-07-16,8.0,生活支出,旧账导入-2022,支出,生活支出,生活支出,0,,,14,2026-03-20 16:40:48,2026-03-20 16:40:48,2026-03-20 16:40:48
7451,2022-07-16,14.0,交通出行,旧账导入-2022,支出,交通,交通,0,,,14,2026-03-20 16:40:48,2026-03-20 16:40:48,2026-03-20 16:40:48
7450,2022-07-16,26.0,餐饮,旧账导入-2022,支出,食品饮料,食品饮料,0,,,14,2026-03-20 16:40:48,2026-03-20 16:40:48,2026-03-20 16:40:48
7449,2022-07-16,50.0,晚餐,旧账导入-2022,支出,食品饮料,食品饮料,0,,,14,2026-03-20 16:40:48,2026-03-20 16:40:48,2026-03-20 16:40:48
7448,2022-07-16,13.0,午餐,旧账导入-2022,支出,食品饮料,食品饮料,0,,,14,2026-03-20 16:40:48,2026-03-20 16:40:48,2026-03-20 16:40:48
7447,2022-07-16,7.5,早餐,旧账导入-2022,支出,食品饮料,食品饮料,0,,,14,2026-03-20 16:40:48,2026-03-20 16:40:48,2026-03-20 16:40:48
7446,2022-07-15,6.0,生活支出,旧账导入-2022,支出,生活支出,生活支出,0,,,14,2026-03-20 16:40:48,2026-03-20 16:40:48,2026-03-20 16:40:48
7445,2022-07-15,45.0,城市之家,旧账导入-2022,支出,住宿,住宿,0,,,14,2026-03-20 16:40:48,2026-03-20 16:40:48,2026-03-20 16:40:48
7444,2022-07-15,8.0,交通出行,旧账导入-2022,支出,交通,交通,0,,,14,2026-03-20 16:40:48,2026-03-20 16:40:48,2026-03-20 16:40:48
7443,2022-07-15,20.0,餐饮,旧账导入-2022,支出,食品饮料,食品饮料,0,,,14,2026-03-20 16:40:48,2026-03-20 16:40:48,2026-03-20 16:40:48
7442,2022-07-15,10.5,晚餐,旧账导入-2022,支出,食品饮料,食品饮料,0,,,14,2026-03-20 16:40:48,2026-03-20 16:40:48,2026-03-20 16:40:48
7441,2022-07-15,13.0,午餐,旧账导入-2022,支出,食品饮料,食品饮料,0,,,14,2026-03-20 16:40:48,2026-03-20 16:40:48,2026-03-20 16:40:48
7440,2022-07-14,8.5,餐饮,旧账导入-2022,支出,食品饮料,食品饮料,0,,,14,2026-03-20 16:40:48,2026-03-20 16:40:48,2026-03-20 16:40:48
7439,2022-07-14,11.5,午餐,旧账导入-2022,支出,食品饮料,食品饮料,0,,,14,2026-03-20 16:40:48,2026-03-20 16:40:48,2026-03-20 16:40:48
7438,2022-07-14,8.0,早餐,旧账导入-2022,支出,食品饮料,食品饮料,0,,,14,2026-03-20 16:40:48,2026-03-20 16:40:48,2026-03-20 16:40:48
7437,2022-07-13,5.0,交通出行,旧账导入-2022,支出,交通,交通,0,,,14,2026-03-20 16:40:48,2026-03-20 16:40:48,2026-03-20 16:40:48
7436,2022-07-13,11.0,晚餐,旧账导入-2022,支出,食品饮料,食品饮料,0,,,14,2026-03-20 16:40:48,2026-03-20 16:40:48,2026-03-20 16:40:48
7435,2022-07-13,13.0,午餐,旧账导入-2022,支出,食品饮料,食品饮料,0,,,14,2026-03-20 16:40:48,2026-03-20 16:40:48,2026-03-20 16:40:48
7434,2022-07-12,1000.0,爸,旧账导入-2022,收入,亲友转账,亲友转账,0,,,14,2026-03-20 16:40:48,2026-03-20 16:40:48,2026-03-20 16:40:48
7433,2022-07-12,27.0,托盘+桌布,旧账导入-2022,支出,生活支出,生活支出,0,,,14,2026-03-20 16:40:48,2026-03-20 16:40:48,2026-03-20 16:40:48
7432,2022-07-12,11.0,配钥匙,旧账导入-2022,支出,生活支出,生活支出,0,,,14,2026-03-20 16:40:48,2026-03-20 16:40:48,2026-03-20 16:40:48
7431,2022-07-12,14.0,餐饮,旧账导入-2022,支出,食品饮料,食品饮料,0,,,14,2026-03-20 16:40:48,2026-03-20 16:40:48,2026-03-20 16:40:48
7430,2022-07-12,13.0,午餐,旧账导入-2022,支出,食品饮料,食品饮料,0,,,14,2026-03-20 16:40:48,2026-03-20 16:40:48,2026-03-20 16:40:48
7429,2022-07-11,12.0,软件,旧账导入-2022,支出,学习/培训/办公,学习/培训/办公,0,,,14,2026-03-20 16:40:48,2026-03-20 16:40:48,2026-03-20 16:40:48
7428,2022-07-11,9.0,胶带,旧账导入-2022,支出,生活支出,生活支出,0,,,14,2026-03-20 16:40:48,2026-03-20 16:40:48,2026-03-20 16:40:48
7427,2022-07-11,96.0,城市之家,旧账导入-2022,支出,住宿,住宿,0,,,14,2026-03-20 16:40:48,2026-03-20 16:40:48,2026-03-20 16:40:48
7426,2022-07-11,7.0,交通出行,旧账导入-2022,支出,交通,交通,0,,,14,2026-03-20 16:40:48,2026-03-20 16:40:48,2026-03-20 16:40:48
7425,2022-07-11,6.0,餐饮,旧账导入-2022,支出,食品饮料,食品饮料,0,,,14,2026-03-20 16:40:48,2026-03-20 16:40:48,2026-03-20 16:40:48
7424,2022-07-11,21.0,晚餐,旧账导入-2022,支出,食品饮料,食品饮料,0,,,14,2026-03-20 16:40:48,2026-03-20 16:40:48,2026-03-20 16:40:48
7423,2022-07-11,13.0,午餐,旧账导入-2022,支出,食品饮料,食品饮料,0,,,14,2026-03-20 16:40:48,2026-03-20 16:40:48,2026-03-20 16:40:48
7422,2022-07-11,12.0,早餐,旧账导入-2022,支出,食品饮料,食品饮料,0,,,14,2026-03-20 16:40:48,2026-03-20 16:40:48,2026-03-20 16:40:48
7421,2022-07-10,68.0,刮痧,旧账导入-2022,支出,生活支出,生活支出,0,,,14,2026-03-20 16:40:48,2026-03-20 16:40:48,2026-03-20 16:40:48
7420,2022-07-10,34.0,sm套装,旧账导入-2022,支出,生活支出,生活支出,0,,,14,2026-03-20 16:40:48,2026-03-20 16:40:48,2026-03-20 16:40:48
7419,2022-07-10,4.0,交通出行,旧账导入-2022,支出,交通,交通,0,,,14,2026-03-20 16:40:48,2026-03-20 16:40:48,2026-03-20 16:40:48
7418,2022-07-10,24.0,茶叶+水果,旧账导入-2022,支出,食品饮料,食品饮料,0,,,14,2026-03-20 16:40:48,2026-03-20 16:40:48,2026-03-20 16:40:48
7417,2022-07-10,10.0,晚餐,旧账导入-2022,支出,食品饮料,食品饮料,0,,,14,2026-03-20 16:40:48,2026-03-20 16:40:48,2026-03-20 16:40:48
7416,2022-07-10,44.0,鱼火锅,旧账导入-2022,支出,食品饮料,食品饮料,0,,,14,2026-03-20 16:40:48,2026-03-20 16:40:48,2026-03-20 16:40:48
7415,2022-07-09,16.5,交通出行,旧账导入-2022,支出,交通,交通,0,,,14,2026-03-20 16:40:48,2026-03-20 16:40:48,2026-03-20 16:40:48
7414,2022-07-09,5.0,餐饮,旧账导入-2022,支出,食品饮料,食品饮料,0,,,14,2026-03-20 16:40:48,2026-03-20 16:40:48,2026-03-20 16:40:48
7413,2022-07-09,12.0,晚餐,旧账导入-2022,支出,食品饮料,食品饮料,0,,,14,2026-03-20 16:40:48,2026-03-20 16:40:48,2026-03-20 16:40:48
7412,2022-07-09,15.0,午餐,旧账导入-2022,支出,食品饮料,食品饮料,0,,,14,2026-03-20 16:40:48,2026-03-20 16:40:48,2026-03-20 16:40:48
7411,2022-07-09,6.5,早餐,旧账导入-2022,支出,食品饮料,食品饮料,0,,,14,2026-03-20 16:40:48,2026-03-20 16:40:48,2026-03-20 16:40:48
7410,2022-07-08,1100.0,游泳成人班,旧账导入-2022,支出,学习/培训/办公,学习/培训/办公,0,,,14,2026-03-20 16:40:48,2026-03-20 16:40:48,2026-03-20 16:40:48
7409,2022-07-08,6.0,网盘,旧账导入-2022,支出,虚拟充值/通讯,虚拟充值/通讯,0,,,14,2026-03-20 16:40:48,2026-03-20 16:40:48,2026-03-20 16:40:48
7408,2022-07-08,15.0,李建峰-吃的,旧账导入-2022,支出,社交,社交,0,,,14,2026-03-20 16:40:48,2026-03-20 16:40:48,2026-03-20 16:40:48
7407,2022-07-08,17.12,交通出行,旧账导入-2022,支出,交通,交通,0,,,14,2026-03-20 16:40:48,2026-03-20 16:40:48,2026-03-20 16:40:48
7406,2022-07-08,5.0,晚餐,旧账导入-2022,支出,食品饮料,食品饮料,0,,,14,2026-03-20 16:40:48,2026-03-20 16:40:48,2026-03-20 16:40:48
7405,2022-07-07,17.0,奶泡器,旧账导入-2022,支出,生活支出,生活支出,0,,,14,2026-03-20 16:40:48,2026-03-20 16:40:48,2026-03-20 16:40:48
7404,2022-07-07,174.0,如家,旧账导入-2022,支出,住宿,住宿,0,,,14,2026-03-20 16:40:48,2026-03-20 16:40:48,2026-03-20 16:40:48
7403,2022-07-07,487.4,卡丁车办卡,旧账导入-2022,支出,娱乐/运动,娱乐/运动,0,,,14,2026-03-20 16:40:48,2026-03-20 16:40:48,2026-03-20 16:40:48
7402,2022-07-07,23.0,晚餐,旧账导入-2022,支出,食品饮料,食品饮料,0,,,14,2026-03-20 16:40:48,2026-03-20 16:40:48,2026-03-20 16:40:48
7401,2022-07-06,230.0,龙舟队训练费,旧账导入-2022,收入,其他,其他,0,,,14,2026-03-20 16:40:48,2026-03-20 16:40:48,2026-03-20 16:40:48
7400,2022-07-06,275.0,科三补考费+eviews,旧账导入-2022,支出,学习/培训/办公,学习/培训/办公,0,,,14,2026-03-20 16:40:48,2026-03-20 16:40:48,2026-03-20 16:40:48
7399,2022-07-06,67.7,漱口水+杯子,旧账导入-2022,支出,生活支出,生活支出,0,,,14,2026-03-20 16:40:48,2026-03-20 16:40:48,2026-03-20 16:40:48
7398,2022-07-06,15.0,套,旧账导入-2022,支出,生活支出,生活支出,0,,,14,2026-03-20 16:40:48,2026-03-20 16:40:48,2026-03-20 16:40:48
7397,2022-07-06,13.1,交通出行,旧账导入-2022,支出,交通,交通,0,,,14,2026-03-20 16:40:48,2026-03-20 16:40:48,2026-03-20 16:40:48
7396,2022-07-06,34.0,咖啡粉,旧账导入-2022,支出,食品饮料,食品饮料,0,,,14,2026-03-20 16:40:48,2026-03-20 16:40:48,2026-03-20 16:40:48
7395,2022-07-06,13.0,午餐,旧账导入-2022,支出,食品饮料,食品饮料,0,,,14,2026-03-20 16:40:48,2026-03-20 16:40:48,2026-03-20 16:40:48
7394,2022-07-05,16.5,温度计+杯子,旧账导入-2022,支出,生活支出,生活支出,0,,,14,2026-03-20 16:40:48,2026-03-20 16:40:48,2026-03-20 16:40:48
7393,2022-07-05,35.0,猫咖,旧账导入-2022,支出,娱乐/运动,娱乐/运动,0,,,14,2026-03-20 16:40:48,2026-03-20 16:40:48,2026-03-20 16:40:48
7392,2022-07-05,10.0,晚餐,旧账导入-2022,支出,食品饮料,食品饮料,0,,,14,2026-03-20 16:40:48,2026-03-20 16:40:48,2026-03-20 16:40:48
7391,2022-07-05,15.0,午餐,旧账导入-2022,支出,食品饮料,食品饮料,0,,,14,2026-03-20 16:40:48,2026-03-20 16:40:48,2026-03-20 16:40:48
7390,2022-07-04,66.0,三哥-生日,旧账导入-2022,支出,社交,社交,0,,,14,2026-03-20 16:40:48,2026-03-20 16:40:48,2026-03-20 16:40:48
7389,2022-07-04,12.0,晚餐,旧账导入-2022,支出,食品饮料,食品饮料,0,,,14,2026-03-20 16:40:48,2026-03-20 16:40:48,2026-03-20 16:40:48
7388,2022-07-04,13.0,午餐,旧账导入-2022,支出,食品饮料,食品饮料,0,,,14,2026-03-20 16:40:48,2026-03-20 16:40:48,2026-03-20 16:40:48
7387,2022-07-03,25.0,软件,旧账导入-2022,支出,学习/培训/办公,学习/培训/办公,0,,,14,2026-03-20 16:40:48,2026-03-20 16:40:48,2026-03-20 16:40:48
7386,2022-07-03,6.0,生活支出,旧账导入-2022,支出,生活支出,生活支出,0,,,14,2026-03-20 16:40:48,2026-03-20 16:40:48,2026-03-20 16:40:48
7385,2022-07-03,22.0,水果零食菜,旧账导入-2022,支出,食品饮料,食品饮料,0,,,14,2026-03-20 16:40:48,2026-03-20 16:40:48,2026-03-20 16:40:48
7384,2022-07-03,12.0,晚餐,旧账导入-2022,支出,食品饮料,食品饮料,0,,,14,2026-03-20 16:40:48,2026-03-20 16:40:48,2026-03-20 16:40:48
7383,2022-07-03,13.0,午餐,旧账导入-2022,支出,食品饮料,食品饮料,0,,,14,2026-03-20 16:40:48,2026-03-20 16:40:48,2026-03-20 16:40:48
7382,2022-07-02,102.0,吃的,旧账导入-2022,支出,亲友转账,亲友转账,0,,,14,2026-03-20 16:40:48,2026-03-20 16:40:48,2026-03-20 16:40:48
7381,2022-07-02,27.0,交通出行,旧账导入-2022,支出,交通,交通,0,,,14,2026-03-20 16:40:48,2026-03-20 16:40:48,2026-03-20 16:40:48
7380,2022-07-02,25.0,咖啡+拼多多,旧账导入-2022,支出,食品饮料,食品饮料,0,,,14,2026-03-20 16:40:48,2026-03-20 16:40:48,2026-03-20 16:40:48
7379,2022-07-02,27.0,午餐,旧账导入-2022,支出,食品饮料,食品饮料,0,,,14,2026-03-20 16:40:48,2026-03-20 16:40:48,2026-03-20 16:40:48
7378,2022-07-01,2000.0,妈,旧账导入-2022,收入,亲友转账,亲友转账,0,,,14,2026-03-20 16:40:48,2026-03-20 16:40:48,2026-03-20 16:40:48
7377,2022-07-01,164.0,如家,旧账导入-2022,支出,住宿,住宿,0,,,14,2026-03-20 16:40:48,2026-03-20 16:40:48,2026-03-20 16:40:48
7376,2022-07-01,100.0,冒菜充卡,旧账导入-2022,支出,食品饮料,食品饮料,0,,,14,2026-03-20 16:40:48,2026-03-20 16:40:48,2026-03-20 16:40:48
7375,2022-07-01,12.0,午餐,旧账导入-2022,支出,食品饮料,食品饮料,0,,,14,2026-03-20 16:40:48,2026-03-20 16:40:48,2026-03-20 16:40:48
7374,2022-06-30,26.0,咖啡水壶,旧账导入-2022,支出,生活支出,生活支出,0,,,14,2026-03-20 16:40:48,2026-03-20 16:40:48,2026-03-20 16:40:48
7373,2022-06-30,78.0,游泳套装,旧账导入-2022,支出,服饰,服饰,0,,,14,2026-03-20 16:40:48,2026-03-20 16:40:48,2026-03-20 16:40:48
7372,2022-06-30,20.0,晚餐,旧账导入-2022,支出,食品饮料,食品饮料,0,,,14,2026-03-20 16:40:48,2026-03-20 16:40:48,2026-03-20 16:40:48
7371,2022-06-30,10.0,午餐,旧账导入-2022,支出,食品饮料,食品饮料,0,,,14,2026-03-20 16:40:48,2026-03-20 16:40:48,2026-03-20 16:40:48
7370,2022-06-29,200.0,妈,旧账导入-2022,收入,亲友转账,亲友转账,0,,,14,2026-03-20 16:40:48,2026-03-20 16:40:48,2026-03-20 16:40:48
7369,2022-06-29,44.0,水果+咖啡,旧账导入-2022,支出,食品饮料,食品饮料,0,,,14,2026-03-20 16:40:48,2026-03-20 16:40:48,2026-03-20 16:40:48
7368,2022-06-29,71.0,晚餐,旧账导入-2022,支出,食品饮料,食品饮料,0,,,14,2026-03-20 16:40:48,2026-03-20 16:40:48,2026-03-20 16:40:48
7367,2022-06-29,14.5,午餐,旧账导入-2022,支出,食品饮料,食品饮料,0,,,14,2026-03-20 16:40:48,2026-03-20 16:40:48,2026-03-20 16:40:48
7366,2022-06-29,5.2,早餐,旧账导入-2022,支出,食品饮料,食品饮料,0,,,14,2026-03-20 16:40:48,2026-03-20 16:40:48,2026-03-20 16:40:48
7365,2022-06-28,15.0,软件,旧账导入-2022,支出,学习/培训/办公,学习/培训/办公,0,,,14,2026-03-20 16:40:48,2026-03-20 16:40:48,2026-03-20 16:40:48
7364,2022-06-28,31.0,咖啡+西瓜,旧账导入-2022,支出,食品饮料,食品饮料,0,,,14,2026-03-20 16:40:48,2026-03-20 16:40:48,2026-03-20 16:40:48
7363,2022-06-28,16.0,晚餐,旧账导入-2022,支出,食品饮料,食品饮料,0,,,14,2026-03-20 16:40:48,2026-03-20 16:40:48,2026-03-20 16:40:48
7362,2022-06-28,15.0,午餐,旧账导入-2022,支出,食品饮料,食品饮料,0,,,14,2026-03-20 16:40:48,2026-03-20 16:40:48,2026-03-20 16:40:48
7361,2022-06-27,14.0,晚餐,旧账导入-2022,支出,食品饮料,食品饮料,0,,,14,2026-03-20 16:40:48,2026-03-20 16:40:48,2026-03-20 16:40:48
7360,2022-06-27,14.0,午餐,旧账导入-2022,支出,食品饮料,食品饮料,0,,,14,2026-03-20 16:40:48,2026-03-20 16:40:48,2026-03-20 16:40:48
7359,2022-06-26,7.28,衣帽服饰,旧账导入-2022,支出,服饰,服饰,0,,,14,2026-03-20 16:40:48,2026-03-20 16:40:48,2026-03-20 16:40:48
7358,2022-06-26,20.0,交通出行,旧账导入-2022,支出,交通,交通,0,,,14,2026-03-20 16:40:48,2026-03-20 16:40:48,2026-03-20 16:40:48
7357,2022-06-26,7.5,餐饮,旧账导入-2022,支出,食品饮料,食品饮料,0,,,14,2026-03-20 16:40:48,2026-03-20 16:40:48,2026-03-20 16:40:48
7356,2022-06-26,14.0,晚餐,旧账导入-2022,支出,食品饮料,食品饮料,0,,,14,2026-03-20 16:40:48,2026-03-20 16:40:48,2026-03-20 16:40:48
7355,2022-06-26,14.5,午餐,旧账导入-2022,支出,食品饮料,食品饮料,0,,,14,2026-03-20 16:40:48,2026-03-20 16:40:48,2026-03-20 16:40:48
7354,2022-06-25,80.0,看眼睛,旧账导入-2022,支出,生活支出,生活支出,0,,,14,2026-03-20 16:40:48,2026-03-20 16:40:48,2026-03-20 16:40:48
7353,2022-06-25,10.0,文体教育,旧账导入-2022,支出,学习/培训/办公,学习/培训/办公,0,,,14,2026-03-20 16:40:48,2026-03-20 16:40:48,2026-03-20 16:40:48
7352,2022-06-25,10.0,交通出行,旧账导入-2022,支出,交通,交通,0,,,14,2026-03-20 16:40:48,2026-03-20 16:40:48,2026-03-20 16:40:48
7351,2022-06-25,8.0,餐饮,旧账导入-2022,支出,食品饮料,食品饮料,0,,,14,2026-03-20 16:40:48,2026-03-20 16:40:48,2026-03-20 16:40:48
7350,2022-06-25,24.0,晚餐,旧账导入-2022,支出,食品饮料,食品饮料,0,,,14,2026-03-20 16:40:48,2026-03-20 16:40:48,2026-03-20 16:40:48
7349,2022-06-25,23.5,午餐,旧账导入-2022,支出,食品饮料,食品饮料,0,,,14,2026-03-20 16:40:48,2026-03-20 16:40:48,2026-03-20 16:40:48
7348,2022-06-25,6.5,早餐,旧账导入-2022,支出,食品饮料,食品饮料,0,,,14,2026-03-20 16:40:48,2026-03-20 16:40:48,2026-03-20 16:40:48
7347,2022-06-24,7.5,交通出行,旧账导入-2022,支出,交通,交通,0,,,14,2026-03-20 16:40:48,2026-03-20 16:40:48,2026-03-20 16:40:48
7346,2022-06-24,5.0,餐饮,旧账导入-2022,支出,食品饮料,食品饮料,0,,,14,2026-03-20 16:40:48,2026-03-20 16:40:48,2026-03-20 16:40:48
7345,2022-06-24,10.0,晚餐,旧账导入-2022,支出,食品饮料,食品饮料,0,,,14,2026-03-20 16:40:48,2026-03-20 16:40:48,2026-03-20 16:40:48
7344,2022-06-24,14.5,午餐,旧账导入-2022,支出,食品饮料,食品饮料,0,,,14,2026-03-20 16:40:48,2026-03-20 16:40:48,2026-03-20 16:40:48
7343,2022-06-23,4.0,餐饮,旧账导入-2022,支出,食品饮料,食品饮料,0,,,14,2026-03-20 16:40:48,2026-03-20 16:40:48,2026-03-20 16:40:48
7342,2022-06-23,33.0,晚餐,旧账导入-2022,支出,食品饮料,食品饮料,0,,,14,2026-03-20 16:40:48,2026-03-20 16:40:48,2026-03-20 16:40:48
7341,2022-06-23,22.0,午餐,旧账导入-2022,支出,食品饮料,食品饮料,0,,,14,2026-03-20 16:40:48,2026-03-20 16:40:48,2026-03-20 16:40:48
7340,2022-06-22,37.0,咖啡,旧账导入-2022,支出,食品饮料,食品饮料,0,,,14,2026-03-20 16:40:48,2026-03-20 16:40:48,2026-03-20 16:40:48
7339,2022-06-22,20.0,晚餐,旧账导入-2022,支出,食品饮料,食品饮料,0,,,14,2026-03-20 16:40:48,2026-03-20 16:40:48,2026-03-20 16:40:48
7338,2022-06-21,25.0,杯子,旧账导入-2022,支出,生活支出,生活支出,0,,,14,2026-03-20 16:40:48,2026-03-20 16:40:48,2026-03-20 16:40:48
7337,2022-06-21,176.0,住宿支出,旧账导入-2022,支出,住宿,住宿,0,,,14,2026-03-20 16:40:48,2026-03-20 16:40:48,2026-03-20 16:40:48
7336,2022-06-21,-150.0,悦姐姐,旧账导入-2022,支出,亲友转账,亲友转账,0,,,14,2026-03-20 16:40:48,2026-03-20 16:40:48,2026-03-20 16:40:48
7335,2022-06-21,12.0,餐饮,旧账导入-2022,支出,食品饮料,食品饮料,0,,,14,2026-03-20 16:40:48,2026-03-20 16:40:48,2026-03-20 16:40:48
7334,2022-06-21,76.0,晚餐,旧账导入-2022,支出,食品饮料,食品饮料,0,,,14,2026-03-20 16:40:48,2026-03-20 16:40:48,2026-03-20 16:40:48
7333,2022-06-21,18.0,午餐,旧账导入-2022,支出,食品饮料,食品饮料,0,,,14,2026-03-20 16:40:48,2026-03-20 16:40:48,2026-03-20 16:40:48
7332,2022-06-21,10.0,早餐,旧账导入-2022,支出,食品饮料,食品饮料,0,,,14,2026-03-20 16:40:48,2026-03-20 16:40:48,2026-03-20 16:40:48
7331,2022-06-20,50.0,交通出行,旧账导入-2022,支出,交通,交通,0,,,14,2026-03-20 16:40:48,2026-03-20 16:40:48,2026-03-20 16:40:48
7330,2022-06-20,36.0,咖啡,旧账导入-2022,支出,食品饮料,食品饮料,0,,,14,2026-03-20 16:40:48,2026-03-20 16:40:48,2026-03-20 16:40:48
7329,2022-06-20,8.8,晚餐,旧账导入-2022,支出,食品饮料,食品饮料,0,,,14,2026-03-20 16:40:48,2026-03-20 16:40:48,2026-03-20 16:40:48
7328,2022-06-20,12.0,午餐,旧账导入-2022,支出,食品饮料,食品饮料,0,,,14,2026-03-20 16:40:48,2026-03-20 16:40:48,2026-03-20 16:40:48
7327,2022-06-20,10.0,早餐,旧账导入-2022,支出,食品饮料,食品饮料,0,,,14,2026-03-20 16:40:48,2026-03-20 16:40:48,2026-03-20 16:40:48
7326,2022-06-19,30.0,话费,旧账导入-2022,支出,生活支出,生活支出,0,,,14,2026-03-20 16:40:48,2026-03-20 16:40:48,2026-03-20 16:40:48
7325,2022-06-19,100.0,充卡,旧账导入-2022,支出,亲友转账,亲友转账,0,,,14,2026-03-20 16:40:48,2026-03-20 16:40:48,2026-03-20 16:40:48
7324,2022-06-19,20.5,交通出行,旧账导入-2022,支出,交通,交通,0,,,14,2026-03-20 16:40:48,2026-03-20 16:40:48,2026-03-20 16:40:48
7323,2022-06-19,20.0,午餐,旧账导入-2022,支出,食品饮料,食品饮料,0,,,14,2026-03-20 16:40:48,2026-03-20 16:40:48,2026-03-20 16:40:48
7322,2022-06-19,10.0,早餐,旧账导入-2022,支出,食品饮料,食品饮料,0,,,14,2026-03-20 16:40:48,2026-03-20 16:40:48,2026-03-20 16:40:48
7321,2022-06-18,20.0,咖啡杯,旧账导入-2022,支出,生活支出,生活支出,0,,,14,2026-03-20 16:40:48,2026-03-20 16:40:48,2026-03-20 16:40:48
7320,2022-06-18,268.0,写真,旧账导入-2022,支出,娱乐/运动,娱乐/运动,0,,,14,2026-03-20 16:40:48,2026-03-20 16:40:48,2026-03-20 16:40:48
7319,2022-06-18,17.6,交通出行,旧账导入-2022,支出,交通,交通,0,,,14,2026-03-20 16:40:48,2026-03-20 16:40:48,2026-03-20 16:40:48
7318,2022-06-18,37.0,牛奶+咖啡,旧账导入-2022,支出,食品饮料,食品饮料,0,,,14,2026-03-20 16:40:48,2026-03-20 16:40:48,2026-03-20 16:40:48
7317,2022-06-18,52.8,晚餐,旧账导入-2022,支出,食品饮料,食品饮料,0,,,14,2026-03-20 16:40:48,2026-03-20 16:40:48,2026-03-20 16:40:48
7316,2022-06-18,16.8,午餐,旧账导入-2022,支出,食品饮料,食品饮料,0,,,14,2026-03-20 16:40:48,2026-03-20 16:40:48,2026-03-20 16:40:48
7315,2022-06-17,45.4,水果+咖啡,旧账导入-2022,支出,食品饮料,食品饮料,0,,,14,2026-03-20 16:40:48,2026-03-20 16:40:48,2026-03-20 16:40:48
7314,2022-06-17,13.0,晚餐,旧账导入-2022,支出,食品饮料,食品饮料,0,,,14,2026-03-20 16:40:48,2026-03-20 16:40:48,2026-03-20 16:40:48
7313,2022-06-17,23.0,早餐,旧账导入-2022,支出,食品饮料,食品饮料,0,,,14,2026-03-20 16:40:48,2026-03-20 16:40:48,2026-03-20 16:40:48
7312,2022-06-16,100.0,剪头卡,旧账导入-2022,支出,生活支出,生活支出,0,,,14,2026-03-20 16:40:48,2026-03-20 16:40:48,2026-03-20 16:40:48
7311,2022-06-16,118.0,住宿,旧账导入-2022,支出,住宿,住宿,0,,,14,2026-03-20 16:40:48,2026-03-20 16:40:48,2026-03-20 16:40:48
7310,2022-06-16,10.8,餐饮,旧账导入-2022,支出,食品饮料,食品饮料,0,,,14,2026-03-20 16:40:48,2026-03-20 16:40:48,2026-03-20 16:40:48
7309,2022-06-16,15.5,晚餐,旧账导入-2022,支出,食品饮料,食品饮料,0,,,14,2026-03-20 16:40:48,2026-03-20 16:40:48,2026-03-20 16:40:48
7308,2022-06-16,12.0,午餐,旧账导入-2022,支出,食品饮料,食品饮料,0,,,14,2026-03-20 16:40:48,2026-03-20 16:40:48,2026-03-20 16:40:48
7307,2022-06-15,40.0,咖啡体验,旧账导入-2022,支出,娱乐/运动,娱乐/运动,0,,,14,2026-03-20 16:40:48,2026-03-20 16:40:48,2026-03-20 16:40:48
7306,2022-06-15,30.0,晚餐,旧账导入-2022,支出,食品饮料,食品饮料,0,,,14,2026-03-20 16:40:48,2026-03-20 16:40:48,2026-03-20 16:40:48
7305,2022-06-15,11.0,午餐,旧账导入-2022,支出,食品饮料,食品饮料,0,,,14,2026-03-20 16:40:48,2026-03-20 16:40:48,2026-03-20 16:40:48
7304,2022-06-15,5.8,早餐,旧账导入-2022,支出,食品饮料,食品饮料,0,,,14,2026-03-20 16:40:48,2026-03-20 16:40:48,2026-03-20 16:40:48
7303,2022-06-14,547.08,悦姐姐-生日+鞋,旧账导入-2022,支出,亲友转账,亲友转账,0,,,14,2026-03-20 16:40:48,2026-03-20 16:40:48,2026-03-20 16:40:48
7302,2022-06-14,60.0,晚餐,旧账导入-2022,支出,食品饮料,食品饮料,0,,,14,2026-03-20 16:40:48,2026-03-20 16:40:48,2026-03-20 16:40:48
7301,2022-06-14,92.0,午餐,旧账导入-2022,支出,食品饮料,食品饮料,0,,,14,2026-03-20 16:40:48,2026-03-20 16:40:48,2026-03-20 16:40:48
7300,2022-06-14,30.0,早餐,旧账导入-2022,支出,食品饮料,食品饮料,0,,,14,2026-03-20 16:40:48,2026-03-20 16:40:48,2026-03-20 16:40:48
7299,2022-06-13,30.0,美团,旧账导入-2022,支出,生活支出,生活支出,0,,,14,2026-03-20 16:40:48,2026-03-20 16:40:48,2026-03-20 16:40:48
7298,2022-06-13,313.0,住宿,旧账导入-2022,支出,住宿,住宿,0,,,14,2026-03-20 16:40:48,2026-03-20 16:40:48,2026-03-20 16:40:48
7297,2022-06-13,120.0,陶艺,旧账导入-2022,支出,娱乐/运动,娱乐/运动,0,,,14,2026-03-20 16:40:48,2026-03-20 16:40:48,2026-03-20 16:40:48
7296,2022-06-13,-335.0,悦姐姐,旧账导入-2022,支出,亲友转账,亲友转账,0,,,14,2026-03-20 16:40:48,2026-03-20 16:40:48,2026-03-20 16:40:48
7295,2022-06-13,31.81,交通出行,旧账导入-2022,支出,交通,交通,0,,,14,2026-03-20 16:40:48,2026-03-20 16:40:48,2026-03-20 16:40:48
7294,2022-06-13,128.3,餐饮,旧账导入-2022,支出,食品饮料,食品饮料,0,,,14,2026-03-20 16:40:48,2026-03-20 16:40:48,2026-03-20 16:40:48
7293,2022-06-13,44.9,晚餐,旧账导入-2022,支出,食品饮料,食品饮料,0,,,14,2026-03-20 16:40:48,2026-03-20 16:40:48,2026-03-20 16:40:48
7292,2022-06-13,22.0,午餐,旧账导入-2022,支出,食品饮料,食品饮料,0,,,14,2026-03-20 16:40:48,2026-03-20 16:40:48,2026-03-20 16:40:48
7291,2022-06-12,125.0,跳蛋,旧账导入-2022,支出,生活支出,生活支出,0,,,14,2026-03-20 16:40:48,2026-03-20 16:40:48,2026-03-20 16:40:48
7290,2022-06-12,20.0,网吧,旧账导入-2022,支出,娱乐/运动,娱乐/运动,0,,,14,2026-03-20 16:40:48,2026-03-20 16:40:48,2026-03-20 16:40:48
7289,2022-06-12,13.0,晚餐,旧账导入-2022,支出,食品饮料,食品饮料,0,,,14,2026-03-20 16:40:48,2026-03-20 16:40:48,2026-03-20 16:40:48
7288,2022-06-12,12.0,午餐,旧账导入-2022,支出,食品饮料,食品饮料,0,,,14,2026-03-20 16:40:48,2026-03-20 16:40:48,2026-03-20 16:40:48
7287,2022-06-11,1600.0,妈+爸,旧账导入-2022,收入,亲友转账,亲友转账,0,,,14,2026-03-20 16:40:48,2026-03-20 16:40:48,2026-03-20 16:40:48
7286,2022-06-11,36.0,驾照套,旧账导入-2022,支出,生活支出,生活支出,0,,,14,2026-03-20 16:40:48,2026-03-20 16:40:48,2026-03-20 16:40:48
7285,2022-06-11,19.9,网吧,旧账导入-2022,支出,娱乐/运动,娱乐/运动,0,,,14,2026-03-20 16:40:48,2026-03-20 16:40:48,2026-03-20 16:40:48
7284,2022-06-11,5.5,交通出行,旧账导入-2022,支出,交通,交通,0,,,14,2026-03-20 16:40:48,2026-03-20 16:40:48,2026-03-20 16:40:48
7283,2022-06-11,34.8,水果,旧账导入-2022,支出,食品饮料,食品饮料,0,,,14,2026-03-20 16:40:48,2026-03-20 16:40:48,2026-03-20 16:40:48
7282,2022-06-11,32.5,晚餐,旧账导入-2022,支出,食品饮料,食品饮料,0,,,14,2026-03-20 16:40:48,2026-03-20 16:40:48,2026-03-20 16:40:48
7281,2022-06-11,36.0,午餐,旧账导入-2022,支出,食品饮料,食品饮料,0,,,14,2026-03-20 16:40:48,2026-03-20 16:40:48,2026-03-20 16:40:48
7280,2022-06-10,300.0,科二模拟,旧账导入-2022,支出,学习/培训/办公,学习/培训/办公,0,,,14,2026-03-20 16:40:48,2026-03-20 16:40:48,2026-03-20 16:40:48
7279,2022-06-10,6.0,挂钩,旧账导入-2022,支出,生活支出,生活支出,0,,,14,2026-03-20 16:40:48,2026-03-20 16:40:48,2026-03-20 16:40:48
7278,2022-06-10,25.0,枸杞+水果,旧账导入-2022,支出,食品饮料,食品饮料,0,,,14,2026-03-20 16:40:48,2026-03-20 16:40:48,2026-03-20 16:40:48
7277,2022-06-10,5.9,晚餐,旧账导入-2022,支出,食品饮料,食品饮料,0,,,14,2026-03-20 16:40:48,2026-03-20 16:40:48,2026-03-20 16:40:48
7276,2022-06-10,15.0,午餐,旧账导入-2022,支出,食品饮料,食品饮料,0,,,14,2026-03-20 16:40:48,2026-03-20 16:40:48,2026-03-20 16:40:48
7275,2022-06-10,7.0,早餐,旧账导入-2022,支出,食品饮料,食品饮料,0,,,14,2026-03-20 16:40:48,2026-03-20 16:40:48,2026-03-20 16:40:48
7274,2022-06-09,13.0,晚餐,旧账导入-2022,支出,食品饮料,食品饮料,0,,,14,2026-03-20 16:40:48,2026-03-20 16:40:48,2026-03-20 16:40:48
7273,2022-06-09,8.0,午餐,旧账导入-2022,支出,食品饮料,食品饮料,0,,,14,2026-03-20 16:40:48,2026-03-20 16:40:48,2026-03-20 16:40:48
7272,2022-06-08,161.0,住宿支出,旧账导入-2022,支出,住宿,住宿,0,,,14,2026-03-20 16:40:48,2026-03-20 16:40:48,2026-03-20 16:40:48
7271,2022-06-08,98.0,晚餐,旧账导入-2022,支出,食品饮料,食品饮料,0,,,14,2026-03-20 16:40:48,2026-03-20 16:40:48,2026-03-20 16:40:48
7270,2022-06-08,13.0,午餐,旧账导入-2022,支出,食品饮料,食品饮料,0,,,14,2026-03-20 16:40:48,2026-03-20 16:40:48,2026-03-20 16:40:48
7269,2022-06-07,35.0,悦姐姐,旧账导入-2022,支出,亲友转账,亲友转账,0,,,14,2026-03-20 16:40:48,2026-03-20 16:40:48,2026-03-20 16:40:48
7268,2022-06-07,79.0,水果+巧克力,旧账导入-2022,支出,食品饮料,食品饮料,0,,,14,2026-03-20 16:40:48,2026-03-20 16:40:48,2026-03-20 16:40:48
7267,2022-06-07,16.0,晚餐,旧账导入-2022,支出,食品饮料,食品饮料,0,,,14,2026-03-20 16:40:48,2026-03-20 16:40:48,2026-03-20 16:40:48
7266,2022-06-07,11.5,午餐,旧账导入-2022,支出,食品饮料,食品饮料,0,,,14,2026-03-20 16:40:48,2026-03-20 16:40:48,2026-03-20 16:40:48
7265,2022-06-06,9.04,拼多多,旧账导入-2022,支出,生活支出,生活支出,0,,,14,2026-03-20 16:40:48,2026-03-20 16:40:48,2026-03-20 16:40:48
7264,2022-06-06,32.0,牛奶,旧账导入-2022,支出,食品饮料,食品饮料,0,,,14,2026-03-20 16:40:48,2026-03-20 16:40:48,2026-03-20 16:40:48
7263,2022-06-06,18.0,晚餐,旧账导入-2022,支出,食品饮料,食品饮料,0,,,14,2026-03-20 16:40:48,2026-03-20 16:40:48,2026-03-20 16:40:48
7262,2022-06-06,25.0,午餐,旧账导入-2022,支出,食品饮料,食品饮料,0,,,14,2026-03-20 16:40:48,2026-03-20 16:40:48,2026-03-20 16:40:48
7261,2022-06-05,25.0,剪头,旧账导入-2022,支出,生活支出,生活支出,0,,,14,2026-03-20 16:40:48,2026-03-20 16:40:48,2026-03-20 16:40:48
7260,2022-06-05,85.0,莉莉-海鲜自助,旧账导入-2022,支出,社交,社交,0,,,14,2026-03-20 16:40:48,2026-03-20 16:40:48,2026-03-20 16:40:48
7259,2022-06-05,12.47,交通出行,旧账导入-2022,支出,交通,交通,0,,,14,2026-03-20 16:40:48,2026-03-20 16:40:48,2026-03-20 16:40:48
7258,2022-06-05,29.0,晚餐,旧账导入-2022,支出,食品饮料,食品饮料,0,,,14,2026-03-20 16:40:48,2026-03-20 16:40:48,2026-03-20 16:40:48
7257,2022-06-05,85.0,午餐,旧账导入-2022,支出,食品饮料,食品饮料,0,,,14,2026-03-20 16:40:48,2026-03-20 16:40:48,2026-03-20 16:40:48
7256,2022-06-04,9.7,悦姐姐,旧账导入-2022,支出,亲友转账,亲友转账,0,,,14,2026-03-20 16:40:48,2026-03-20 16:40:48,2026-03-20 16:40:48
7255,2022-06-04,164.0,请客,旧账导入-2022,支出,食品饮料,食品饮料,0,,,14,2026-03-20 16:40:48,2026-03-20 16:40:48,2026-03-20 16:40:48
7254,2022-06-04,30.0,午餐,旧账导入-2022,支出,食品饮料,食品饮料,0,,,14,2026-03-20 16:40:48,2026-03-20 16:40:48,2026-03-20 16:40:48
7253,2022-06-04,48.68,早餐,旧账导入-2022,支出,食品饮料,食品饮料,0,,,14,2026-03-20 16:40:48,2026-03-20 16:40:48,2026-03-20 16:40:48
7252,2022-06-03,147.0,住宿支出,旧账导入-2022,支出,住宿,住宿,0,,,14,2026-03-20 16:40:48,2026-03-20 16:40:48,2026-03-20 16:40:48
7251,2022-06-03,29.0,餐饮,旧账导入-2022,支出,食品饮料,食品饮料,0,,,14,2026-03-20 16:40:48,2026-03-20 16:40:48,2026-03-20 16:40:48
7250,2022-06-03,13.0,晚餐,旧账导入-2022,支出,食品饮料,食品饮料,0,,,14,2026-03-20 16:40:48,2026-03-20 16:40:48,2026-03-20 16:40:48
7249,2022-06-03,18.0,午餐,旧账导入-2022,支出,食品饮料,食品饮料,0,,,14,2026-03-20 16:40:48,2026-03-20 16:40:48,2026-03-20 16:40:48
7248,2022-06-02,16.0,一次性餐盒,旧账导入-2022,支出,生活支出,生活支出,0,,,14,2026-03-20 16:40:48,2026-03-20 16:40:48,2026-03-20 16:40:48
7247,2022-06-02,55.0,晚餐,旧账导入-2022,支出,食品饮料,食品饮料,0,,,14,2026-03-20 16:40:48,2026-03-20 16:40:48,2026-03-20 16:40:48
7246,2022-06-02,11.0,午餐,旧账导入-2022,支出,食品饮料,食品饮料,0,,,14,2026-03-20 16:40:48,2026-03-20 16:40:48,2026-03-20 16:40:48
7245,2022-06-01,2000.0,妈,旧账导入-2022,收入,亲友转账,亲友转账,0,,,14,2026-03-20 16:40:48,2026-03-20 16:40:48,2026-03-20 16:40:48
7244,2022-06-01,768.0,凉鞋+飞马37+ohsunny,旧账导入-2022,支出,服饰,服饰,0,,,14,2026-03-20 16:40:48,2026-03-20 16:40:48,2026-03-20 16:40:48
7243,2022-06-01,69.0,奶啤,旧账导入-2022,支出,亲友转账,亲友转账,0,,,14,2026-03-20 16:40:48,2026-03-20 16:40:48,2026-03-20 16:40:48
7242,2022-06-01,15.0,交通出行,旧账导入-2022,支出,交通,交通,0,,,14,2026-03-20 16:40:48,2026-03-20 16:40:48,2026-03-20 16:40:48
7241,2022-06-01,227.0,小龙虾,旧账导入-2022,支出,食品饮料,食品饮料,0,,,14,2026-03-20 16:40:48,2026-03-20 16:40:48,2026-03-20 16:40:48
7240,2022-06-01,18.0,午餐,旧账导入-2022,支出,食品饮料,食品饮料,0,,,14,2026-03-20 16:40:48,2026-03-20 16:40:48,2026-03-20 16:40:48
7239,2022-05-31,13.0,餐盒,旧账导入-2022,支出,生活支出,生活支出,0,,,14,2026-03-20 16:40:48,2026-03-20 16:40:48,2026-03-20 16:40:48
7238,2022-05-31,10.0,餐饮,旧账导入-2022,支出,食品饮料,食品饮料,0,,,14,2026-03-20 16:40:48,2026-03-20 16:40:48,2026-03-20 16:40:48
7237,2022-05-31,16.7,午餐,旧账导入-2022,支出,食品饮料,食品饮料,0,,,14,2026-03-20 16:40:48,2026-03-20 16:40:48,2026-03-20 16:40:48
7236,2022-05-30,72.0,姐姐-鞋,旧账导入-2022,支出,亲友转账,亲友转账,0,,,14,2026-03-20 16:40:48,2026-03-20 16:40:48,2026-03-20 16:40:48
7235,2022-05-30,43.0,晚餐,旧账导入-2022,支出,食品饮料,食品饮料,0,,,14,2026-03-20 16:40:48,2026-03-20 16:40:48,2026-03-20 16:40:48
7234,2022-05-30,16.0,午餐,旧账导入-2022,支出,食品饮料,食品饮料,0,,,14,2026-03-20 16:40:48,2026-03-20 16:40:48,2026-03-20 16:40:48
7233,2022-05-29,-150.0,悦姐姐,旧账导入-2022,支出,亲友转账,亲友转账,0,,,14,2026-03-20 16:40:48,2026-03-20 16:40:48,2026-03-20 16:40:48
7232,2022-05-29,94.0,晚餐,旧账导入-2022,支出,食品饮料,食品饮料,0,,,14,2026-03-20 16:40:48,2026-03-20 16:40:48,2026-03-20 16:40:48
7231,2022-05-29,50.0,午餐,旧账导入-2022,支出,食品饮料,食品饮料,0,,,14,2026-03-20 16:40:48,2026-03-20 16:40:48,2026-03-20 16:40:48
7230,2022-05-28,10.5,蛋白粉盒,旧账导入-2022,支出,生活支出,生活支出,0,,,14,2026-03-20 16:40:48,2026-03-20 16:40:48,2026-03-20 16:40:48
7229,2022-05-28,201.0,住宿支出,旧账导入-2022,支出,住宿,住宿,0,,,14,2026-03-20 16:40:48,2026-03-20 16:40:48,2026-03-20 16:40:48
7228,2022-05-28,63.0,ktv,旧账导入-2022,支出,娱乐/运动,娱乐/运动,0,,,14,2026-03-20 16:40:48,2026-03-20 16:40:48,2026-03-20 16:40:48
7227,2022-05-28,6.0,花,旧账导入-2022,支出,亲友转账,亲友转账,0,,,14,2026-03-20 16:40:48,2026-03-20 16:40:48,2026-03-20 16:40:48
7226,2022-05-28,9.0,晚餐,旧账导入-2022,支出,食品饮料,食品饮料,0,,,14,2026-03-20 16:40:48,2026-03-20 16:40:48,2026-03-20 16:40:48
7225,2022-05-28,17.0,午餐,旧账导入-2022,支出,食品饮料,食品饮料,0,,,14,2026-03-20 16:40:48,2026-03-20 16:40:48,2026-03-20 16:40:48
7224,2022-05-27,32.0,遮阳伞,旧账导入-2022,支出,生活支出,生活支出,0,,,14,2026-03-20 16:40:48,2026-03-20 16:40:48,2026-03-20 16:40:48
7223,2022-05-27,517.75,衣服,旧账导入-2022,支出,服饰,服饰,0,,,14,2026-03-20 16:40:48,2026-03-20 16:40:48,2026-03-20 16:40:48
7222,2022-05-27,8.0,快递,旧账导入-2022,支出,生活支出,生活支出,0,,,14,2026-03-20 16:40:48,2026-03-20 16:40:48,2026-03-20 16:40:48
7221,2022-05-27,23.0,晚餐,旧账导入-2022,支出,食品饮料,食品饮料,0,,,14,2026-03-20 16:40:48,2026-03-20 16:40:48,2026-03-20 16:40:48
7220,2022-05-27,16.0,午餐,旧账导入-2022,支出,食品饮料,食品饮料,0,,,14,2026-03-20 16:40:48,2026-03-20 16:40:48,2026-03-20 16:40:48
7219,2022-05-26,12.8,笔,旧账导入-2022,支出,学习/培训/办公,学习/培训/办公,0,,,14,2026-03-20 16:40:48,2026-03-20 16:40:48,2026-03-20 16:40:48
7218,2022-05-26,27.8,戒指,旧账导入-2022,支出,生活支出,生活支出,0,,,14,2026-03-20 16:40:48,2026-03-20 16:40:48,2026-03-20 16:40:48
7217,2022-05-26,20.0,湿巾,旧账导入-2022,支出,生活支出,生活支出,0,,,14,2026-03-20 16:40:48,2026-03-20 16:40:48,2026-03-20 16:40:48
7216,2022-05-26,19.0,眼睛液,旧账导入-2022,支出,亲友转账,亲友转账,0,,,14,2026-03-20 16:40:48,2026-03-20 16:40:48,2026-03-20 16:40:48
7215,2022-05-26,8.5,餐饮,旧账导入-2022,支出,食品饮料,食品饮料,0,,,14,2026-03-20 16:40:48,2026-03-20 16:40:48,2026-03-20 16:40:48
7214,2022-05-26,15.0,晚餐,旧账导入-2022,支出,食品饮料,食品饮料,0,,,14,2026-03-20 16:40:48,2026-03-20 16:40:48,2026-03-20 16:40:48
7213,2022-05-26,12.0,午餐,旧账导入-2022,支出,食品饮料,食品饮料,0,,,14,2026-03-20 16:40:48,2026-03-20 16:40:48,2026-03-20 16:40:48
7212,2022-05-25,16.5,晚餐,旧账导入-2022,支出,食品饮料,食品饮料,0,,,14,2026-03-20 16:40:48,2026-03-20 16:40:48,2026-03-20 16:40:48
7211,2022-05-25,25.0,午餐,旧账导入-2022,支出,食品饮料,食品饮料,0,,,14,2026-03-20 16:40:48,2026-03-20 16:40:48,2026-03-20 16:40:48
7210,2022-05-24,15.0,餐饮,旧账导入-2022,支出,食品饮料,食品饮料,0,,,14,2026-03-20 16:40:48,2026-03-20 16:40:48,2026-03-20 16:40:48
7209,2022-05-24,23.0,晚餐,旧账导入-2022,支出,食品饮料,食品饮料,0,,,14,2026-03-20 16:40:48,2026-03-20 16:40:48,2026-03-20 16:40:48
7208,2022-05-24,11.0,午餐,旧账导入-2022,支出,食品饮料,食品饮料,0,,,14,2026-03-20 16:40:48,2026-03-20 16:40:48,2026-03-20 16:40:48
7207,2022-05-23,5.0,洗衣,旧账导入-2022,支出,生活支出,生活支出,0,,,14,2026-03-20 16:40:48,2026-03-20 16:40:48,2026-03-20 16:40:48
7206,2022-05-23,48.0,项链,旧账导入-2022,支出,亲友转账,亲友转账,0,,,14,2026-03-20 16:40:48,2026-03-20 16:40:48,2026-03-20 16:40:48
7205,2022-05-23,14.0,午餐,旧账导入-2022,支出,食品饮料,食品饮料,0,,,14,2026-03-20 16:40:48,2026-03-20 16:40:48,2026-03-20 16:40:48
7204,2022-05-23,18.5,早餐,旧账导入-2022,支出,食品饮料,食品饮料,0,,,14,2026-03-20 16:40:48,2026-03-20 16:40:48,2026-03-20 16:40:48
7203,2022-05-22,8.0,快递,旧账导入-2022,支出,生活支出,生活支出,0,,,14,2026-03-20 16:40:48,2026-03-20 16:40:48,2026-03-20 16:40:48
7202,2022-05-22,15.0,晚餐,旧账导入-2022,支出,食品饮料,食品饮料,0,,,14,2026-03-20 16:40:48,2026-03-20 16:40:48,2026-03-20 16:40:48
7201,2022-05-21,7.5,牛奶,旧账导入-2022,支出,食品饮料,食品饮料,0,,,14,2026-03-20 16:40:48,2026-03-20 16:40:48,2026-03-20 16:40:48
7200,2022-05-21,8.5,晚餐,旧账导入-2022,支出,食品饮料,食品饮料,0,,,14,2026-03-20 16:40:48,2026-03-20 16:40:48,2026-03-20 16:40:48
7199,2022-05-21,11.0,午餐,旧账导入-2022,支出,食品饮料,食品饮料,0,,,14,2026-03-20 16:40:48,2026-03-20 16:40:48,2026-03-20 16:40:48
7198,2022-05-20,1000.0,妈,旧账导入-2022,收入,亲友转账,亲友转账,0,,,14,2026-03-20 16:40:48,2026-03-20 16:40:48,2026-03-20 16:40:48
7197,2022-05-20,268.0,花+电影,旧账导入-2022,支出,娱乐/运动,娱乐/运动,0,,,14,2026-03-20 16:40:48,2026-03-20 16:40:48,2026-03-20 16:40:48
7196,2022-05-20,22.0,奶茶,旧账导入-2022,支出,食品饮料,食品饮料,0,,,14,2026-03-20 16:40:48,2026-03-20 16:40:48,2026-03-20 16:40:48
7195,2022-05-20,181.0,午餐,旧账导入-2022,支出,食品饮料,食品饮料,0,,,14,2026-03-20 16:40:48,2026-03-20 16:40:48,2026-03-20 16:40:48
7194,2022-05-19,45.0,伞,旧账导入-2022,支出,生活支出,生活支出,0,,,14,2026-03-20 16:40:48,2026-03-20 16:40:48,2026-03-20 16:40:48
7193,2022-05-19,100.0,悦姐姐,旧账导入-2022,支出,亲友转账,亲友转账,0,,,14,2026-03-20 16:40:48,2026-03-20 16:40:48,2026-03-20 16:40:48
7192,2022-05-19,14.0,晚餐,旧账导入-2022,支出,食品饮料,食品饮料,0,,,14,2026-03-20 16:40:48,2026-03-20 16:40:48,2026-03-20 16:40:48
7191,2022-05-19,138.0,午餐,旧账导入-2022,支出,食品饮料,食品饮料,0,,,14,2026-03-20 16:40:48,2026-03-20 16:40:48,2026-03-20 16:40:48
7190,2022-05-19,16.0,早餐,旧账导入-2022,支出,食品饮料,食品饮料,0,,,14,2026-03-20 16:40:48,2026-03-20 16:40:48,2026-03-20 16:40:48
7189,2022-05-18,188.0,住宿支出,旧账导入-2022,支出,住宿,住宿,0,,,14,2026-03-20 16:40:48,2026-03-20 16:40:48,2026-03-20 16:40:48
7188,2022-05-18,21.0,悦姐姐眼镜盒,旧账导入-2022,支出,亲友转账,亲友转账,0,,,14,2026-03-20 16:40:48,2026-03-20 16:40:48,2026-03-20 16:40:48
7187,2022-05-18,12.0,晚餐,旧账导入-2022,支出,食品饮料,食品饮料,0,,,14,2026-03-20 16:40:48,2026-03-20 16:40:48,2026-03-20 16:40:48
7186,2022-05-18,10.0,午餐,旧账导入-2022,支出,食品饮料,食品饮料,0,,,14,2026-03-20 16:40:48,2026-03-20 16:40:48,2026-03-20 16:40:48
7185,2022-05-18,27.0,早餐,旧账导入-2022,支出,食品饮料,食品饮料,0,,,14,2026-03-20 16:40:48,2026-03-20 16:40:48,2026-03-20 16:40:48
7184,2022-05-17,6.5,购物,旧账导入-2022,支出,生活支出,生活支出,0,,,14,2026-03-20 16:40:48,2026-03-20 16:40:48,2026-03-20 16:40:48
7183,2022-05-17,32.0,六人间,旧账导入-2022,支出,住宿,住宿,0,,,14,2026-03-20 16:40:48,2026-03-20 16:40:48,2026-03-20 16:40:48
7182,2022-05-17,22.0,野餐,旧账导入-2022,支出,娱乐/运动,娱乐/运动,0,,,14,2026-03-20 16:40:48,2026-03-20 16:40:48,2026-03-20 16:40:48
7181,2022-05-17,40.0,酒+夜宵,旧账导入-2022,支出,食品饮料,食品饮料,0,,,14,2026-03-20 16:40:48,2026-03-20 16:40:48,2026-03-20 16:40:48
7180,2022-05-17,11.0,晚餐,旧账导入-2022,支出,食品饮料,食品饮料,0,,,14,2026-03-20 16:40:48,2026-03-20 16:40:48,2026-03-20 16:40:48
7179,2022-05-17,10.0,午餐,旧账导入-2022,支出,食品饮料,食品饮料,0,,,14,2026-03-20 16:40:48,2026-03-20 16:40:48,2026-03-20 16:40:48
7178,2022-05-16,19.0,数据线,旧账导入-2022,支出,生活支出,生活支出,0,,,14,2026-03-20 16:40:48,2026-03-20 16:40:48,2026-03-20 16:40:48
7177,2022-05-16,26.0,餐饮,旧账导入-2022,支出,食品饮料,食品饮料,0,,,14,2026-03-20 16:40:48,2026-03-20 16:40:48,2026-03-20 16:40:48
7176,2022-05-16,17.0,晚餐,旧账导入-2022,支出,食品饮料,食品饮料,0,,,14,2026-03-20 16:40:48,2026-03-20 16:40:48,2026-03-20 16:40:48
7175,2022-05-16,24.0,午餐,旧账导入-2022,支出,食品饮料,食品饮料,0,,,14,2026-03-20 16:40:48,2026-03-20 16:40:48,2026-03-20 16:40:48
7174,2022-05-15,30.0,芜湖毅行,旧账导入-2022,支出,娱乐/运动,娱乐/运动,0,,,14,2026-03-20 16:40:48,2026-03-20 16:40:48,2026-03-20 16:40:48
7173,2022-05-15,24.0,晚餐,旧账导入-2022,支出,食品饮料,食品饮料,0,,,14,2026-03-20 16:40:48,2026-03-20 16:40:48,2026-03-20 16:40:48
7172,2022-05-15,38.0,午餐,旧账导入-2022,支出,食品饮料,食品饮料,0,,,14,2026-03-20 16:40:48,2026-03-20 16:40:48,2026-03-20 16:40:48
7171,2022-05-14,54.0,晚餐,旧账导入-2022,支出,食品饮料,食品饮料,0,,,14,2026-03-20 16:40:48,2026-03-20 16:40:48,2026-03-20 16:40:48
7170,2022-05-14,20.0,午餐,旧账导入-2022,支出,食品饮料,食品饮料,0,,,14,2026-03-20 16:40:48,2026-03-20 16:40:48,2026-03-20 16:40:48
7169,2022-05-14,20.0,早餐,旧账导入-2022,支出,食品饮料,食品饮料,0,,,14,2026-03-20 16:40:48,2026-03-20 16:40:48,2026-03-20 16:40:48
7168,2022-05-13,-120.0,悦姐姐,旧账导入-2022,支出,亲友转账,亲友转账,0,,,14,2026-03-20 16:40:48,2026-03-20 16:40:48,2026-03-20 16:40:48
7167,2022-05-13,10.4,晚餐,旧账导入-2022,支出,食品饮料,食品饮料,0,,,14,2026-03-20 16:40:48,2026-03-20 16:40:48,2026-03-20 16:40:48
7166,2022-05-13,10.0,午餐,旧账导入-2022,支出,食品饮料,食品饮料,0,,,14,2026-03-20 16:40:48,2026-03-20 16:40:48,2026-03-20 16:40:48
7165,2022-05-12,64.0,拼多多坚果,旧账导入-2022,支出,食品饮料,食品饮料,0,,,14,2026-03-20 16:40:48,2026-03-20 16:40:48,2026-03-20 16:40:48
7164,2022-05-12,10.0,晚餐,旧账导入-2022,支出,食品饮料,食品饮料,0,,,14,2026-03-20 16:40:48,2026-03-20 16:40:48,2026-03-20 16:40:48
7163,2022-05-12,10.0,午餐,旧账导入-2022,支出,食品饮料,食品饮料,0,,,14,2026-03-20 16:40:48,2026-03-20 16:40:48,2026-03-20 16:40:48
7162,2022-05-11,68.0,剧本杀,旧账导入-2022,支出,娱乐/运动,娱乐/运动,0,,,14,2026-03-20 16:40:48,2026-03-20 16:40:48,2026-03-20 16:40:48
7161,2022-05-11,30.4,晚餐,旧账导入-2022,支出,食品饮料,食品饮料,0,,,14,2026-03-20 16:40:48,2026-03-20 16:40:48,2026-03-20 16:40:48
7160,2022-05-11,10.0,午餐,旧账导入-2022,支出,食品饮料,食品饮料,0,,,14,2026-03-20 16:40:48,2026-03-20 16:40:48,2026-03-20 16:40:48
7159,2022-05-11,9.5,早餐,旧账导入-2022,支出,食品饮料,食品饮料,0,,,14,2026-03-20 16:40:48,2026-03-20 16:40:48,2026-03-20 16:40:48
7158,2022-05-10,15.5,交通出行,旧账导入-2022,支出,交通,交通,0,,,14,2026-03-20 16:40:48,2026-03-20 16:40:48,2026-03-20 16:40:48
7157,2022-05-10,21.0,餐饮,旧账导入-2022,支出,食品饮料,食品饮料,0,,,14,2026-03-20 16:40:48,2026-03-20 16:40:48,2026-03-20 16:40:48
7156,2022-05-10,30.0,晚餐,旧账导入-2022,支出,食品饮料,食品饮料,0,,,14,2026-03-20 16:40:48,2026-03-20 16:40:48,2026-03-20 16:40:48
7155,2022-05-10,12.0,午餐,旧账导入-2022,支出,食品饮料,食品饮料,0,,,14,2026-03-20 16:40:48,2026-03-20 16:40:48,2026-03-20 16:40:48
7154,2022-05-09,8.7,购物,旧账导入-2022,支出,生活支出,生活支出,0,,,14,2026-03-20 16:40:48,2026-03-20 16:40:48,2026-03-20 16:40:48
7153,2022-05-09,2.5,交通出行,旧账导入-2022,支出,交通,交通,0,,,14,2026-03-20 16:40:48,2026-03-20 16:40:48,2026-03-20 16:40:48
7152,2022-05-09,70.0,晚餐,旧账导入-2022,支出,食品饮料,食品饮料,0,,,14,2026-03-20 16:40:48,2026-03-20 16:40:48,2026-03-20 16:40:48
7151,2022-05-09,25.8,午餐,旧账导入-2022,支出,食品饮料,食品饮料,0,,,14,2026-03-20 16:40:48,2026-03-20 16:40:48,2026-03-20 16:40:48
7150,2022-05-08,106.0,洗澡,旧账导入-2022,支出,娱乐/运动,娱乐/运动,0,,,14,2026-03-20 16:40:48,2026-03-20 16:40:48,2026-03-20 16:40:48
7149,2022-05-08,6.0,一刻相册,旧账导入-2022,支出,虚拟充值/通讯,虚拟充值/通讯,0,,,14,2026-03-20 16:40:48,2026-03-20 16:40:48,2026-03-20 16:40:48
7148,2022-05-08,5.0,交通出行,旧账导入-2022,支出,交通,交通,0,,,14,2026-03-20 16:40:48,2026-03-20 16:40:48,2026-03-20 16:40:48
7147,2022-05-08,36.0,西瓜,旧账导入-2022,支出,食品饮料,食品饮料,0,,,14,2026-03-20 16:40:48,2026-03-20 16:40:48,2026-03-20 16:40:48
7146,2022-05-08,74.0,晚餐,旧账导入-2022,支出,食品饮料,食品饮料,0,,,14,2026-03-20 16:40:48,2026-03-20 16:40:48,2026-03-20 16:40:48
7145,2022-05-08,17.8,午餐,旧账导入-2022,支出,食品饮料,食品饮料,0,,,14,2026-03-20 16:40:48,2026-03-20 16:40:48,2026-03-20 16:40:48
7144,2022-05-08,16.7,早餐,旧账导入-2022,支出,食品饮料,食品饮料,0,,,14,2026-03-20 16:40:48,2026-03-20 16:40:48,2026-03-20 16:40:48
7143,2022-05-07,10.0,文体教育,旧账导入-2022,支出,学习/培训/办公,学习/培训/办公,0,,,14,2026-03-20 16:40:48,2026-03-20 16:40:48,2026-03-20 16:40:48
7142,2022-05-07,11.68,购物,旧账导入-2022,支出,生活支出,生活支出,0,,,14,2026-03-20 16:40:48,2026-03-20 16:40:48,2026-03-20 16:40:48
7141,2022-05-07,57.5,交通出行,旧账导入-2022,支出,交通,交通,0,,,14,2026-03-20 16:40:48,2026-03-20 16:40:48,2026-03-20 16:40:48
7140,2022-05-07,30.6,晚餐,旧账导入-2022,支出,食品饮料,食品饮料,0,,,14,2026-03-20 16:40:48,2026-03-20 16:40:48,2026-03-20 16:40:48
7139,2022-05-07,54.0,午餐,旧账导入-2022,支出,食品饮料,食品饮料,0,,,14,2026-03-20 16:40:48,2026-03-20 16:40:48,2026-03-20 16:40:48
7138,2022-05-07,51.0,早餐,旧账导入-2022,支出,食品饮料,食品饮料,0,,,14,2026-03-20 16:40:48,2026-03-20 16:40:48,2026-03-20 16:40:48
7137,2022-05-06,40.0,补考费,旧账导入-2022,支出,学习/培训/办公,学习/培训/办公,0,,,14,2026-03-20 16:40:48,2026-03-20 16:40:48,2026-03-20 16:40:48
7136,2022-05-06,10.0,晚餐,旧账导入-2022,支出,食品饮料,食品饮料,0,,,14,2026-03-20 16:40:48,2026-03-20 16:40:48,2026-03-20 16:40:48
7135,2022-05-06,12.0,午餐,旧账导入-2022,支出,食品饮料,食品饮料,0,,,14,2026-03-20 16:40:48,2026-03-20 16:40:48,2026-03-20 16:40:48
7134,2022-05-05,12.0,暖瓶内胆,旧账导入-2022,支出,生活支出,生活支出,0,,,14,2026-03-20 16:40:48,2026-03-20 16:40:48,2026-03-20 16:40:48
7133,2022-05-05,103.0,紫蓬山露营,旧账导入-2022,支出,娱乐/运动,娱乐/运动,0,,,14,2026-03-20 16:40:48,2026-03-20 16:40:48,2026-03-20 16:40:48
7132,2022-05-05,11.38,交通出行,旧账导入-2022,支出,交通,交通,0,,,14,2026-03-20 16:40:48,2026-03-20 16:40:48,2026-03-20 16:40:48
7131,2022-05-05,27.0,餐饮,旧账导入-2022,支出,食品饮料,食品饮料,0,,,14,2026-03-20 16:40:48,2026-03-20 16:40:48,2026-03-20 16:40:48
7130,2022-05-05,38.55,晚餐,旧账导入-2022,支出,食品饮料,食品饮料,0,,,14,2026-03-20 16:40:48,2026-03-20 16:40:48,2026-03-20 16:40:48
7129,2022-05-05,4.3,早餐,旧账导入-2022,支出,食品饮料,食品饮料,0,,,14,2026-03-20 16:40:48,2026-03-20 16:40:48,2026-03-20 16:40:48
7128,2022-05-04,50.0,话费,旧账导入-2022,支出,生活支出,生活支出,0,,,14,2026-03-20 16:40:48,2026-03-20 16:40:48,2026-03-20 16:40:48
7127,2022-05-04,70.0,环湖接力跑,旧账导入-2022,支出,娱乐/运动,娱乐/运动,0,,,14,2026-03-20 16:40:48,2026-03-20 16:40:48,2026-03-20 16:40:48
7126,2022-05-04,22.0,李建峰,旧账导入-2022,支出,社交,社交,0,,,14,2026-03-20 16:40:48,2026-03-20 16:40:48,2026-03-20 16:40:48
7125,2022-05-04,42.85,交通出行,旧账导入-2022,支出,交通,交通,0,,,14,2026-03-20 16:40:48,2026-03-20 16:40:48,2026-03-20 16:40:48
7124,2022-05-03,25.0,饭盒,旧账导入-2022,支出,生活支出,生活支出,0,,,14,2026-03-20 16:40:48,2026-03-20 16:40:48,2026-03-20 16:40:48
7123,2022-05-03,30.0,狼人杀,旧账导入-2022,支出,娱乐/运动,娱乐/运动,0,,,14,2026-03-20 16:40:48,2026-03-20 16:40:48,2026-03-20 16:40:48
7122,2022-05-03,84.75,黄澄澄+张悦11,旧账导入-2022,支出,社交,社交,0,,,14,2026-03-20 16:40:48,2026-03-20 16:40:48,2026-03-20 16:40:48
7121,2022-05-03,4.0,餐饮,旧账导入-2022,支出,食品饮料,食品饮料,0,,,14,2026-03-20 16:40:48,2026-03-20 16:40:48,2026-03-20 16:40:48
7120,2022-05-03,15.0,早餐,旧账导入-2022,支出,食品饮料,食品饮料,0,,,14,2026-03-20 16:40:48,2026-03-20 16:40:48,2026-03-20 16:40:48
7119,2022-05-02,4.0,充电,旧账导入-2022,支出,生活支出,生活支出,0,,,14,2026-03-20 16:40:48,2026-03-20 16:40:48,2026-03-20 16:40:48
7118,2022-05-02,72.0,剧本杀,旧账导入-2022,支出,娱乐/运动,娱乐/运动,0,,,14,2026-03-20 16:40:48,2026-03-20 16:40:48,2026-03-20 16:40:48
7117,2022-05-02,32.0,餐饮,旧账导入-2022,支出,食品饮料,食品饮料,0,,,14,2026-03-20 16:40:48,2026-03-20 16:40:48,2026-03-20 16:40:48
7116,2022-05-02,50.0,晚餐,旧账导入-2022,支出,食品饮料,食品饮料,0,,,14,2026-03-20 16:40:48,2026-03-20 16:40:48,2026-03-20 16:40:48
7115,2022-05-02,51.0,午餐,旧账导入-2022,支出,食品饮料,食品饮料,0,,,14,2026-03-20 16:40:48,2026-03-20 16:40:48,2026-03-20 16:40:48
7114,2022-05-01,1600.0,妈,旧账导入-2022,收入,亲友转账,亲友转账,0,,,14,2026-03-20 16:40:48,2026-03-20 16:40:48,2026-03-20 16:40:48
7113,2022-05-01,15.0,黄澄澄,旧账导入-2022,支出,社交,社交,0,,,14,2026-03-20 16:40:48,2026-03-20 16:40:48,2026-03-20 16:40:48
7112,2022-05-01,75.0,悦姐姐,旧账导入-2022,支出,亲友转账,亲友转账,0,,,14,2026-03-20 16:40:48,2026-03-20 16:40:48,2026-03-20 16:40:48
7111,2022-05-01,2.0,餐饮,旧账导入-2022,支出,食品饮料,食品饮料,0,,,14,2026-03-20 16:40:48,2026-03-20 16:40:48,2026-03-20 16:40:48
7110,2022-05-01,102.0,黄澄澄悦姐姐,旧账导入-2022,支出,食品饮料,食品饮料,0,,,14,2026-03-20 16:40:48,2026-03-20 16:40:48,2026-03-20 16:40:48
7109,2022-05-01,15.0,午餐,旧账导入-2022,支出,食品饮料,食品饮料,0,,,14,2026-03-20 16:40:48,2026-03-20 16:40:48,2026-03-20 16:40:48
7108,2022-04-19,4.5,晚餐,旧账导入-2022,支出,食品饮料,食品饮料,0,,,14,2026-03-20 16:40:48,2026-03-20 16:40:48,2026-03-20 16:40:48
7107,2022-04-19,10.0,午餐,旧账导入-2022,支出,食品饮料,食品饮料,0,,,14,2026-03-20 16:40:48,2026-03-20 16:40:48,2026-03-20 16:40:48
7106,2022-04-18,30.0,水果,旧账导入-2022,支出,食品饮料,食品饮料,0,,,14,2026-03-20 16:40:48,2026-03-20 16:40:48,2026-03-20 16:40:48
7105,2022-04-18,11.6,晚餐,旧账导入-2022,支出,食品饮料,食品饮料,0,,,14,2026-03-20 16:40:48,2026-03-20 16:40:48,2026-03-20 16:40:48
7104,2022-04-18,21.0,午餐,旧账导入-2022,支出,食品饮料,食品饮料,0,,,14,2026-03-20 16:40:48,2026-03-20 16:40:48,2026-03-20 16:40:48
7103,2022-04-17,13.0,午餐,旧账导入-2022,支出,食品饮料,食品饮料,0,,,14,2026-03-20 16:40:48,2026-03-20 16:40:48,2026-03-20 16:40:48
7102,2022-04-16,10.0,Q趣,旧账导入-2022,收入,二手物品售卖,二手物品售卖,0,,,14,2026-03-20 16:40:48,2026-03-20 16:40:48,2026-03-20 16:40:48
7101,2022-04-16,13.6,午餐,旧账导入-2022,支出,食品饮料,食品饮料,0,,,14,2026-03-20 16:40:48,2026-03-20 16:40:48,2026-03-20 16:40:48
7100,2022-04-15,6.0,iCloud,旧账导入-2022,支出,虚拟充值/通讯,虚拟充值/通讯,0,,,14,2026-03-20 16:40:48,2026-03-20 16:40:48,2026-03-20 16:40:48
7099,2022-04-15,21.0,晚餐,旧账导入-2022,支出,食品饮料,食品饮料,0,,,14,2026-03-20 16:40:48,2026-03-20 16:40:48,2026-03-20 16:40:48
7098,2022-04-15,12.0,午餐,旧账导入-2022,支出,食品饮料,食品饮料,0,,,14,2026-03-20 16:40:48,2026-03-20 16:40:48,2026-03-20 16:40:48
7097,2022-04-14,700.0,房租,旧账导入-2022,支出,住宿,住宿,0,,,14,2026-03-20 16:40:48,2026-03-20 16:40:48,2026-03-20 16:40:48
7096,2022-04-14,4.8,淘宝月卡,旧账导入-2022,支出,虚拟充值/通讯,虚拟充值/通讯,0,,,14,2026-03-20 16:40:48,2026-03-20 16:40:48,2026-03-20 16:40:48
7095,2022-04-14,14.63,交通出行,旧账导入-2022,支出,交通,交通,0,,,14,2026-03-20 16:40:48,2026-03-20 16:40:48,2026-03-20 16:40:48
7094,2022-04-14,26.5,水果,旧账导入-2022,支出,食品饮料,食品饮料,0,,,14,2026-03-20 16:40:48,2026-03-20 16:40:48,2026-03-20 16:40:48
7093,2022-04-14,9.4,瓜子,旧账导入-2022,支出,食品饮料,食品饮料,0,,,14,2026-03-20 16:40:48,2026-03-20 16:40:48,2026-03-20 16:40:48
7092,2022-04-14,12.0,晚餐,旧账导入-2022,支出,食品饮料,食品饮料,0,,,14,2026-03-20 16:40:48,2026-03-20 16:40:48,2026-03-20 16:40:48
7091,2022-04-14,12.5,午餐,旧账导入-2022,支出,食品饮料,食品饮料,0,,,14,2026-03-20 16:40:48,2026-03-20 16:40:48,2026-03-20 16:40:48
7090,2022-04-13,24.0,寄快递,旧账导入-2022,支出,生活支出,生活支出,0,,,14,2026-03-20 16:40:48,2026-03-20 16:40:48,2026-03-20 16:40:48
7089,2022-04-13,5.0,晨阳,旧账导入-2022,支出,社交,社交,0,,,14,2026-03-20 16:40:48,2026-03-20 16:40:48,2026-03-20 16:40:48
7088,2022-04-13,-100.0,悦姐姐,旧账导入-2022,支出,亲友转账,亲友转账,0,,,14,2026-03-20 16:40:48,2026-03-20 16:40:48,2026-03-20 16:40:48
7087,2022-04-13,45.0,交通出行,旧账导入-2022,支出,交通,交通,0,,,14,2026-03-20 16:40:48,2026-03-20 16:40:48,2026-03-20 16:40:48
7086,2022-04-13,13.0,晚餐,旧账导入-2022,支出,食品饮料,食品饮料,0,,,14,2026-03-20 16:40:48,2026-03-20 16:40:48,2026-03-20 16:40:48
7085,2022-04-13,10.5,午餐,旧账导入-2022,支出,食品饮料,食品饮料,0,,,14,2026-03-20 16:40:48,2026-03-20 16:40:48,2026-03-20 16:40:48
7084,2022-04-12,-100.0,悦姐姐,旧账导入-2022,支出,亲友转账,亲友转账,0,,,14,2026-03-20 16:40:48,2026-03-20 16:40:48,2026-03-20 16:40:48
7083,2022-04-12,16.5,水果,旧账导入-2022,支出,食品饮料,食品饮料,0,,,14,2026-03-20 16:40:48,2026-03-20 16:40:48,2026-03-20 16:40:48
7082,2022-04-12,10.5,晚餐,旧账导入-2022,支出,食品饮料,食品饮料,0,,,14,2026-03-20 16:40:48,2026-03-20 16:40:48,2026-03-20 16:40:48
7081,2022-04-12,19.7,午餐,旧账导入-2022,支出,食品饮料,食品饮料,0,,,14,2026-03-20 16:40:48,2026-03-20 16:40:48,2026-03-20 16:40:48
7080,2022-04-11,27.5,水果,旧账导入-2022,支出,食品饮料,食品饮料,0,,,14,2026-03-20 16:40:48,2026-03-20 16:40:48,2026-03-20 16:40:48
7079,2022-04-11,12.5,午餐,旧账导入-2022,支出,食品饮料,食品饮料,0,,,14,2026-03-20 16:40:48,2026-03-20 16:40:48,2026-03-20 16:40:48
7078,2022-04-10,80.0,妈,旧账导入-2022,收入,亲友转账,亲友转账,0,,,14,2026-03-20 16:40:48,2026-03-20 16:40:48,2026-03-20 16:40:48
7077,2022-04-10,8.0,快递,旧账导入-2022,支出,生活支出,生活支出,0,,,14,2026-03-20 16:40:48,2026-03-20 16:40:48,2026-03-20 16:40:48
7076,2022-04-10,7.5,晚餐,旧账导入-2022,支出,食品饮料,食品饮料,0,,,14,2026-03-20 16:40:48,2026-03-20 16:40:48,2026-03-20 16:40:48
7075,2022-04-10,11.5,午餐,旧账导入-2022,支出,食品饮料,食品饮料,0,,,14,2026-03-20 16:40:48,2026-03-20 16:40:48,2026-03-20 16:40:48
7074,2022-04-09,29.5,水果,旧账导入-2022,支出,食品饮料,食品饮料,0,,,14,2026-03-20 16:40:48,2026-03-20 16:40:48,2026-03-20 16:40:48
7073,2022-04-09,8.0,晚餐,旧账导入-2022,支出,食品饮料,食品饮料,0,,,14,2026-03-20 16:40:48,2026-03-20 16:40:48,2026-03-20 16:40:48
7072,2022-04-09,7.5,午餐,旧账导入-2022,支出,食品饮料,食品饮料,0,,,14,2026-03-20 16:40:48,2026-03-20 16:40:48,2026-03-20 16:40:48
7071,2022-04-08,12.9,晚餐,旧账导入-2022,支出,食品饮料,食品饮料,0,,,14,2026-03-20 16:40:48,2026-03-20 16:40:48,2026-03-20 16:40:48
7070,2022-04-08,12.5,午餐,旧账导入-2022,支出,食品饮料,食品饮料,0,,,14,2026-03-20 16:40:48,2026-03-20 16:40:48,2026-03-20 16:40:48
7069,2022-04-07,90.0,修车,旧账导入-2022,支出,生活支出,生活支出,0,,,14,2026-03-20 16:40:48,2026-03-20 16:40:48,2026-03-20 16:40:48
7068,2022-04-07,9.0,午餐,旧账导入-2022,支出,食品饮料,食品饮料,0,,,14,2026-03-20 16:40:48,2026-03-20 16:40:48,2026-03-20 16:40:48
7067,2022-04-06,60.0,看病,旧账导入-2022,支出,生活支出,生活支出,0,,,14,2026-03-20 16:40:48,2026-03-20 16:40:48,2026-03-20 16:40:48
7066,2022-04-06,14.0,快递,旧账导入-2022,支出,生活支出,生活支出,0,,,14,2026-03-20 16:40:48,2026-03-20 16:40:48,2026-03-20 16:40:48
7065,2022-04-06,12.0,请宿舍水果,旧账导入-2022,支出,社交,社交,0,,,14,2026-03-20 16:40:48,2026-03-20 16:40:48,2026-03-20 16:40:48
7064,2022-04-06,18.2,交通出行,旧账导入-2022,支出,交通,交通,0,,,14,2026-03-20 16:40:48,2026-03-20 16:40:48,2026-03-20 16:40:48
7063,2022-04-06,17.0,水果,旧账导入-2022,支出,食品饮料,食品饮料,0,,,14,2026-03-20 16:40:48,2026-03-20 16:40:48,2026-03-20 16:40:48
7062,2022-04-06,14.3,晚餐,旧账导入-2022,支出,食品饮料,食品饮料,0,,,14,2026-03-20 16:40:48,2026-03-20 16:40:48,2026-03-20 16:40:48
7061,2022-04-06,15.0,午餐,旧账导入-2022,支出,食品饮料,食品饮料,0,,,14,2026-03-20 16:40:48,2026-03-20 16:40:48,2026-03-20 16:40:48
7060,2022-04-05,30.2,水果,旧账导入-2022,支出,食品饮料,食品饮料,0,,,14,2026-03-20 16:40:48,2026-03-20 16:40:48,2026-03-20 16:40:48
7059,2022-04-05,15.2,晚餐,旧账导入-2022,支出,食品饮料,食品饮料,0,,,14,2026-03-20 16:40:48,2026-03-20 16:40:48,2026-03-20 16:40:48
7058,2022-04-05,14.0,午餐,旧账导入-2022,支出,食品饮料,食品饮料,0,,,14,2026-03-20 16:40:48,2026-03-20 16:40:48,2026-03-20 16:40:48
7057,2022-04-04,550.0,卖自行车,旧账导入-2022,收入,二手物品售卖,二手物品售卖,0,,,14,2026-03-20 16:40:48,2026-03-20 16:40:48,2026-03-20 16:40:48
7056,2022-04-04,200.0,悦姐姐,旧账导入-2022,支出,亲友转账,亲友转账,0,,,14,2026-03-20 16:40:48,2026-03-20 16:40:48,2026-03-20 16:40:48
7055,2022-04-04,22.0,水果,旧账导入-2022,支出,食品饮料,食品饮料,0,,,14,2026-03-20 16:40:48,2026-03-20 16:40:48,2026-03-20 16:40:48
7054,2022-04-04,21.0,午餐,旧账导入-2022,支出,食品饮料,食品饮料,0,,,14,2026-03-20 16:40:48,2026-03-20 16:40:48,2026-03-20 16:40:48
7053,2022-04-03,15.0,衣架,旧账导入-2022,支出,生活支出,生活支出,0,,,14,2026-03-20 16:40:48,2026-03-20 16:40:48,2026-03-20 16:40:48
7052,2022-04-03,14.4,晚餐,旧账导入-2022,支出,食品饮料,食品饮料,0,,,14,2026-03-20 16:40:48,2026-03-20 16:40:48,2026-03-20 16:40:48
7051,2022-04-03,12.0,午餐,旧账导入-2022,支出,食品饮料,食品饮料,0,,,14,2026-03-20 16:40:48,2026-03-20 16:40:48,2026-03-20 16:40:48
7050,2022-04-02,17.5,内衣,旧账导入-2022,支出,服饰,服饰,0,,,14,2026-03-20 16:40:48,2026-03-20 16:40:48,2026-03-20 16:40:48
7049,2022-04-02,17.0,晚餐,旧账导入-2022,支出,食品饮料,食品饮料,0,,,14,2026-03-20 16:40:48,2026-03-20 16:40:48,2026-03-20 16:40:48
7048,2022-04-02,11.5,午餐,旧账导入-2022,支出,食品饮料,食品饮料,0,,,14,2026-03-20 16:40:48,2026-03-20 16:40:48,2026-03-20 16:40:48
7047,2022-04-01,200.0,妈,旧账导入-2022,收入,亲友转账,亲友转账,0,,,14,2026-03-20 16:40:48,2026-03-20 16:40:48,2026-03-20 16:40:48
7046,2022-04-01,55.0,水果,旧账导入-2022,支出,食品饮料,食品饮料,0,,,14,2026-03-20 16:40:48,2026-03-20 16:40:48,2026-03-20 16:40:48
7045,2022-04-01,10.5,晚餐,旧账导入-2022,支出,食品饮料,食品饮料,0,,,14,2026-03-20 16:40:48,2026-03-20 16:40:48,2026-03-20 16:40:48
7044,2022-04-01,11.5,午餐,旧账导入-2022,支出,食品饮料,食品饮料,0,,,14,2026-03-20 16:40:48,2026-03-20 16:40:48,2026-03-20 16:40:48
7043,2022-03-31,200.0,悦学姐,旧账导入-2022,支出,亲友转账,亲友转账,0,,,14,2026-03-20 16:40:48,2026-03-20 16:40:48,2026-03-20 16:40:48
7042,2022-03-31,12.5,晚餐,旧账导入-2022,支出,食品饮料,食品饮料,0,,,14,2026-03-20 16:40:48,2026-03-20 16:40:48,2026-03-20 16:40:48
7041,2022-03-31,12.5,午餐,旧账导入-2022,支出,食品饮料,食品饮料,0,,,14,2026-03-20 16:40:48,2026-03-20 16:40:48,2026-03-20 16:40:48
7040,2022-03-30,17.0,赵晨阳奶茶,旧账导入-2022,支出,社交,社交,0,,,14,2026-03-20 16:40:48,2026-03-20 16:40:48,2026-03-20 16:40:48
7039,2022-03-30,20.0,交通出行,旧账导入-2022,支出,交通,交通,0,,,14,2026-03-20 16:40:48,2026-03-20 16:40:48,2026-03-20 16:40:48
7038,2022-03-30,10.0,晚餐,旧账导入-2022,支出,食品饮料,食品饮料,0,,,14,2026-03-20 16:40:48,2026-03-20 16:40:48,2026-03-20 16:40:48
7037,2022-03-30,12.5,午餐,旧账导入-2022,支出,食品饮料,食品饮料,0,,,14,2026-03-20 16:40:48,2026-03-20 16:40:48,2026-03-20 16:40:48
7036,2022-03-30,21.0,水果,旧账导入-2022,支出,食品饮料,食品饮料,0,,,14,2026-03-20 16:40:48,2026-03-20 16:40:48,2026-03-20 16:40:48
7035,2022-03-29,12.5,晚餐,旧账导入-2022,支出,食品饮料,食品饮料,0,,,14,2026-03-20 16:40:48,2026-03-20 16:40:48,2026-03-20 16:40:48
7034,2022-03-29,13.6,午餐,旧账导入-2022,支出,食品饮料,食品饮料,0,,,14,2026-03-20 16:40:48,2026-03-20 16:40:48,2026-03-20 16:40:48
7033,2022-03-29,17.0,水果,旧账导入-2022,支出,食品饮料,食品饮料,0,,,14,2026-03-20 16:40:48,2026-03-20 16:40:48,2026-03-20 16:40:48
7032,2022-03-28,12.0,晚餐,旧账导入-2022,支出,食品饮料,食品饮料,0,,,14,2026-03-20 16:40:48,2026-03-20 16:40:48,2026-03-20 16:40:48
7031,2022-03-28,13.6,午餐,旧账导入-2022,支出,食品饮料,食品饮料,0,,,14,2026-03-20 16:40:48,2026-03-20 16:40:48,2026-03-20 16:40:48
7030,2022-03-28,56.8,水果,旧账导入-2022,支出,食品饮料,食品饮料,0,,,14,2026-03-20 16:40:48,2026-03-20 16:40:48,2026-03-20 16:40:48
7029,2022-03-27,111.9,考研资料,旧账导入-2022,支出,学习/培训/办公,学习/培训/办公,0,,,14,2026-03-20 16:40:48,2026-03-20 16:40:48,2026-03-20 16:40:48
7028,2022-03-27,10.6,针线,旧账导入-2022,支出,生活支出,生活支出,0,,,14,2026-03-20 16:40:48,2026-03-20 16:40:48,2026-03-20 16:40:48
7027,2022-03-27,-10.4,眼药水+悦学姐给我转账,旧账导入-2022,支出,亲友转账,亲友转账,0,,,14,2026-03-20 16:40:48,2026-03-20 16:40:48,2026-03-20 16:40:48
7026,2022-03-27,50.0,电动车充电,旧账导入-2022,支出,交通,交通,0,,,14,2026-03-20 16:40:48,2026-03-20 16:40:48,2026-03-20 16:40:48
7025,2022-03-27,10.0,餐饮,旧账导入-2022,支出,食品饮料,食品饮料,0,,,14,2026-03-20 16:40:48,2026-03-20 16:40:48,2026-03-20 16:40:48
7024,2022-03-27,14.0,晚餐,旧账导入-2022,支出,食品饮料,食品饮料,0,,,14,2026-03-20 16:40:48,2026-03-20 16:40:48,2026-03-20 16:40:48
7023,2022-03-27,13.6,午餐,旧账导入-2022,支出,食品饮料,食品饮料,0,,,14,2026-03-20 16:40:48,2026-03-20 16:40:48,2026-03-20 16:40:48
7022,2022-03-26,13.0,晚餐,旧账导入-2022,支出,食品饮料,食品饮料,0,,,14,2026-03-20 16:40:48,2026-03-20 16:40:48,2026-03-20 16:40:48
7021,2022-03-26,13.6,午餐,旧账导入-2022,支出,食品饮料,食品饮料,0,,,14,2026-03-20 16:40:48,2026-03-20 16:40:48,2026-03-20 16:40:48
7020,2022-03-25,70.0,剃头+水龙头,旧账导入-2022,支出,生活支出,生活支出,0,,,14,2026-03-20 16:40:48,2026-03-20 16:40:48,2026-03-20 16:40:48
7019,2022-03-25,15.0,辣条,旧账导入-2022,支出,食品饮料,食品饮料,0,,,14,2026-03-20 16:40:48,2026-03-20 16:40:48,2026-03-20 16:40:48
7018,2022-03-25,18.0,晚餐,旧账导入-2022,支出,食品饮料,食品饮料,0,,,14,2026-03-20 16:40:48,2026-03-20 16:40:48,2026-03-20 16:40:48
7017,2022-03-25,13.6,午餐,旧账导入-2022,支出,食品饮料,食品饮料,0,,,14,2026-03-20 16:40:48,2026-03-20 16:40:48,2026-03-20 16:40:48
7016,2022-03-25,22.0,水果,旧账导入-2022,支出,食品饮料,食品饮料,0,,,14,2026-03-20 16:40:48,2026-03-20 16:40:48,2026-03-20 16:40:48
7015,2022-03-24,13.0,晚餐,旧账导入-2022,支出,食品饮料,食品饮料,0,,,14,2026-03-20 16:40:48,2026-03-20 16:40:48,2026-03-20 16:40:48
7014,2022-03-24,7.0,午餐,旧账导入-2022,支出,食品饮料,食品饮料,0,,,14,2026-03-20 16:40:48,2026-03-20 16:40:48,2026-03-20 16:40:48
7013,2022-03-23,18.0,晚餐,旧账导入-2022,支出,食品饮料,食品饮料,0,,,14,2026-03-20 16:40:48,2026-03-20 16:40:48,2026-03-20 16:40:48
7012,2022-03-23,13.6,午餐,旧账导入-2022,支出,食品饮料,食品饮料,0,,,14,2026-03-20 16:40:48,2026-03-20 16:40:48,2026-03-20 16:40:48
7011,2022-03-23,25.0,水果,旧账导入-2022,支出,食品饮料,食品饮料,0,,,14,2026-03-20 16:40:48,2026-03-20 16:40:48,2026-03-20 16:40:48
7010,2022-03-22,1570.0,妈,旧账导入-2022,收入,亲友转账,亲友转账,0,,,14,2026-03-20 16:40:48,2026-03-20 16:40:48,2026-03-20 16:40:48
7009,2022-03-22,58.0,隐形眼镜,旧账导入-2022,支出,亲友转账,亲友转账,0,,,14,2026-03-20 16:40:48,2026-03-20 16:40:48,2026-03-20 16:40:48
7008,2022-03-22,14.0,餐饮,旧账导入-2022,支出,食品饮料,食品饮料,0,,,14,2026-03-20 16:40:48,2026-03-20 16:40:48,2026-03-20 16:40:48
7007,2022-03-22,11.0,晚餐,旧账导入-2022,支出,食品饮料,食品饮料,0,,,14,2026-03-20 16:40:48,2026-03-20 16:40:48,2026-03-20 16:40:48
7006,2022-03-22,11.0,午餐,旧账导入-2022,支出,食品饮料,食品饮料,0,,,14,2026-03-20 16:40:48,2026-03-20 16:40:48,2026-03-20 16:40:48
7005,2022-03-21,200.0,四人行红包,旧账导入-2022,收入,其他,其他,0,,,14,2026-03-20 16:40:48,2026-03-20 16:40:48,2026-03-20 16:40:48
7004,2022-03-21,1000.0,爸,旧账导入-2022,收入,亲友转账,亲友转账,0,,,14,2026-03-20 16:40:48,2026-03-20 16:40:48,2026-03-20 16:40:48
7003,2022-03-21,30.0,六级报名,旧账导入-2022,支出,学习/培训/办公,学习/培训/办公,0,,,14,2026-03-20 16:40:48,2026-03-20 16:40:48,2026-03-20 16:40:48
7002,2022-03-21,32.5,生活用品,旧账导入-2022,支出,生活支出,生活支出,0,,,14,2026-03-20 16:40:48,2026-03-20 16:40:48,2026-03-20 16:40:48
7001,2022-03-21,61.8,拼多多+辣条,旧账导入-2022,支出,食品饮料,食品饮料,0,,,14,2026-03-20 16:40:48,2026-03-20 16:40:48,2026-03-20 16:40:48
7000,2022-03-21,19.5,晚餐,旧账导入-2022,支出,食品饮料,食品饮料,0,,,14,2026-03-20 16:40:48,2026-03-20 16:40:48,2026-03-20 16:40:48
6999,2022-03-21,27.6,午餐,旧账导入-2022,支出,食品饮料,食品饮料,0,,,14,2026-03-20 16:40:48,2026-03-20 16:40:48,2026-03-20 16:40:48
6998,2022-03-20,16.0,午餐,旧账导入-2022,支出,食品饮料,食品饮料,0,,,14,2026-03-20 16:40:48,2026-03-20 16:40:48,2026-03-20 16:40:48
6997,2022-03-19,24.0,生活用品,旧账导入-2022,支出,生活支出,生活支出,0,,,14,2026-03-20 16:40:48,2026-03-20 16:40:48,2026-03-20 16:40:48
6996,2022-03-19,575.0,电动车,旧账导入-2022,支出,交通,交通,0,,,14,2026-03-20 16:40:48,2026-03-20 16:40:48,2026-03-20 16:40:48
6995,2022-03-19,14.0,晚餐,旧账导入-2022,支出,食品饮料,食品饮料,0,,,14,2026-03-20 16:40:48,2026-03-20 16:40:48,2026-03-20 16:40:48
6994,2022-03-19,16.0,午餐,旧账导入-2022,支出,食品饮料,食品饮料,0,,,14,2026-03-20 16:40:48,2026-03-20 16:40:48,2026-03-20 16:40:48
6993,2022-03-18,15.8,拼多多吃,旧账导入-2022,支出,食品饮料,食品饮料,0,,,14,2026-03-20 16:40:48,2026-03-20 16:40:48,2026-03-20 16:40:48
6992,2022-03-18,8.0,晚餐,旧账导入-2022,支出,食品饮料,食品饮料,0,,,14,2026-03-20 16:40:48,2026-03-20 16:40:48,2026-03-20 16:40:48
6991,2022-03-18,13.6,午餐,旧账导入-2022,支出,食品饮料,食品饮料,0,,,14,2026-03-20 16:40:48,2026-03-20 16:40:48,2026-03-20 16:40:48
6990,2022-03-18,5.5,水果,旧账导入-2022,支出,食品饮料,食品饮料,0,,,14,2026-03-20 16:40:48,2026-03-20 16:40:48,2026-03-20 16:40:48
6989,2022-03-17,225.0,退租违约金,旧账导入-2022,支出,住宿,住宿,0,,,14,2026-03-20 16:40:48,2026-03-20 16:40:48,2026-03-20 16:40:48
6988,2022-03-17,23.3,餐饮,旧账导入-2022,支出,食品饮料,食品饮料,0,,,14,2026-03-20 16:40:48,2026-03-20 16:40:48,2026-03-20 16:40:48
6987,2022-03-17,25.7,辣条,旧账导入-2022,支出,食品饮料,食品饮料,0,,,14,2026-03-20 16:40:48,2026-03-20 16:40:48,2026-03-20 16:40:48
6986,2022-03-17,18.0,午餐,旧账导入-2022,支出,食品饮料,食品饮料,0,,,14,2026-03-20 16:40:48,2026-03-20 16:40:48,2026-03-20 16:40:48
6985,2022-03-16,12.5,晚餐,旧账导入-2022,支出,食品饮料,食品饮料,0,,,14,2026-03-20 16:40:48,2026-03-20 16:40:48,2026-03-20 16:40:48
6984,2022-03-16,13.5,午餐,旧账导入-2022,支出,食品饮料,食品饮料,0,,,14,2026-03-20 16:40:48,2026-03-20 16:40:48,2026-03-20 16:40:48
6983,2022-03-16,32.0,水果,旧账导入-2022,支出,食品饮料,食品饮料,0,,,14,2026-03-20 16:40:48,2026-03-20 16:40:48,2026-03-20 16:40:48
6982,2022-03-15,10.8,晚餐,旧账导入-2022,支出,食品饮料,食品饮料,0,,,14,2026-03-20 16:40:48,2026-03-20 16:40:48,2026-03-20 16:40:48
6981,2022-03-15,14.0,午餐,旧账导入-2022,支出,食品饮料,食品饮料,0,,,14,2026-03-20 16:40:48,2026-03-20 16:40:48,2026-03-20 16:40:48
6980,2022-03-15,18.8,水果,旧账导入-2022,支出,食品饮料,食品饮料,0,,,14,2026-03-20 16:40:48,2026-03-20 16:40:48,2026-03-20 16:40:48
6979,2022-03-14,64.0,生活用品+快递,旧账导入-2022,支出,生活支出,生活支出,0,,,14,2026-03-20 16:40:48,2026-03-20 16:40:48,2026-03-20 16:40:48
6978,2022-03-14,1100.0,房租+中介费,旧账导入-2022,支出,住宿,住宿,0,,,14,2026-03-20 16:40:48,2026-03-20 16:40:48,2026-03-20 16:40:48
6977,2022-03-14,-130.0,悦姐姐,旧账导入-2022,支出,亲友转账,亲友转账,0,,,14,2026-03-20 16:40:48,2026-03-20 16:40:48,2026-03-20 16:40:48
6976,2022-03-14,52.5,交通出行,旧账导入-2022,支出,交通,交通,0,,,14,2026-03-20 16:40:48,2026-03-20 16:40:48,2026-03-20 16:40:48
6975,2022-03-14,23.0,晚餐,旧账导入-2022,支出,食品饮料,食品饮料,0,,,14,2026-03-20 16:40:48,2026-03-20 16:40:48,2026-03-20 16:40:48
6974,2022-03-14,373.9,搬家请吃饭,旧账导入-2022,支出,食品饮料,食品饮料,0,,,14,2026-03-20 16:40:48,2026-03-20 16:40:48,2026-03-20 16:40:48
6973,2022-03-13,8.0,交通出行,旧账导入-2022,支出,交通,交通,0,,,14,2026-03-20 16:40:48,2026-03-20 16:40:48,2026-03-20 16:40:48
6972,2022-03-13,119.0,步行街,旧账导入-2022,支出,食品饮料,食品饮料,0,,,14,2026-03-20 16:40:48,2026-03-20 16:40:48,2026-03-20 16:40:48
6971,2022-03-13,18.0,午餐,旧账导入-2022,支出,食品饮料,食品饮料,0,,,14,2026-03-20 16:40:48,2026-03-20 16:40:48,2026-03-20 16:40:48
6970,2022-03-12,243.0,煤气费,旧账导入-2022,支出,生活支出,生活支出,0,,,14,2026-03-20 16:40:48,2026-03-20 16:40:48,2026-03-20 16:40:48
6969,2022-03-12,18.0,午餐,旧账导入-2022,支出,食品饮料,食品饮料,0,,,14,2026-03-20 16:40:48,2026-03-20 16:40:48,2026-03-20 16:40:48
6968,2022-03-11,30.0,收纳,旧账导入-2022,支出,生活支出,生活支出,0,,,14,2026-03-20 16:40:48,2026-03-20 16:40:48,2026-03-20 16:40:48
6967,2022-03-11,5.0,交通出行,旧账导入-2022,支出,交通,交通,0,,,14,2026-03-20 16:40:48,2026-03-20 16:40:48,2026-03-20 16:40:48
6966,2022-03-11,79.0,餐饮,旧账导入-2022,支出,食品饮料,食品饮料,0,,,14,2026-03-20 16:40:48,2026-03-20 16:40:48,2026-03-20 16:40:48
6965,2022-03-11,38.0,午餐,旧账导入-2022,支出,食品饮料,食品饮料,0,,,14,2026-03-20 16:40:48,2026-03-20 16:40:48,2026-03-20 16:40:48
6964,2022-03-10,230.0,理财-固收,旧账导入-2022,收入,其他,其他,0,,,14,2026-03-20 16:40:48,2026-03-20 16:40:48,2026-03-20 16:40:48
6963,2022-03-10,23.0,交通出行,旧账导入-2022,支出,交通,交通,0,,,14,2026-03-20 16:40:48,2026-03-20 16:40:48,2026-03-20 16:40:48
6962,2022-03-10,13.0,午餐,旧账导入-2022,支出,食品饮料,食品饮料,0,,,14,2026-03-20 16:40:48,2026-03-20 16:40:48,2026-03-20 16:40:48
6961,2022-03-09,50.0,默默单词,旧账导入-2022,支出,虚拟充值/通讯,虚拟充值/通讯,0,,,14,2026-03-20 16:40:48,2026-03-20 16:40:48,2026-03-20 16:40:48
6960,2022-03-09,2.5,交通出行,旧账导入-2022,支出,交通,交通,0,,,14,2026-03-20 16:40:48,2026-03-20 16:40:48,2026-03-20 16:40:48
6959,2022-03-09,15.8,晚餐,旧账导入-2022,支出,食品饮料,食品饮料,0,,,14,2026-03-20 16:40:48,2026-03-20 16:40:48,2026-03-20 16:40:48
6958,2022-03-09,11.0,午餐,旧账导入-2022,支出,食品饮料,食品饮料,0,,,14,2026-03-20 16:40:48,2026-03-20 16:40:48,2026-03-20 16:40:48
6957,2022-03-09,21.8,水果,旧账导入-2022,支出,食品饮料,食品饮料,0,,,14,2026-03-20 16:40:48,2026-03-20 16:40:48,2026-03-20 16:40:48
6956,2022-03-08,770.0,一附院,旧账导入-2022,支出,生活支出,生活支出,0,,,14,2026-03-20 16:40:48,2026-03-20 16:40:48,2026-03-20 16:40:48
6955,2022-03-08,64.1,花+红包,旧账导入-2022,支出,亲友转账,亲友转账,0,,,14,2026-03-20 16:40:48,2026-03-20 16:40:48,2026-03-20 16:40:48
6954,2022-03-08,17.5,交通出行,旧账导入-2022,支出,交通,交通,0,,,14,2026-03-20 16:40:48,2026-03-20 16:40:48,2026-03-20 16:40:48
6953,2022-03-08,59.0,餐饮,旧账导入-2022,支出,食品饮料,食品饮料,0,,,14,2026-03-20 16:40:48,2026-03-20 16:40:48,2026-03-20 16:40:48
6952,2022-03-07,50.0,话费,旧账导入-2022,支出,生活支出,生活支出,0,,,14,2026-03-20 16:40:48,2026-03-20 16:40:48,2026-03-20 16:40:48
6951,2022-03-07,13.1,交通出行,旧账导入-2022,支出,交通,交通,0,,,14,2026-03-20 16:40:48,2026-03-20 16:40:48,2026-03-20 16:40:48
6950,2022-03-07,11.0,晚餐,旧账导入-2022,支出,食品饮料,食品饮料,0,,,14,2026-03-20 16:40:48,2026-03-20 16:40:48,2026-03-20 16:40:48
6949,2022-03-07,15.0,午餐,旧账导入-2022,支出,食品饮料,食品饮料,0,,,14,2026-03-20 16:40:48,2026-03-20 16:40:48,2026-03-20 16:40:48
6948,2022-03-06,39.0,买菜,旧账导入-2022,支出,食品饮料,食品饮料,0,,,14,2026-03-20 16:40:48,2026-03-20 16:40:48,2026-03-20 16:40:48
6947,2022-03-06,32.3,零食,旧账导入-2022,支出,食品饮料,食品饮料,0,,,14,2026-03-20 16:40:48,2026-03-20 16:40:48,2026-03-20 16:40:48
6946,2022-03-05,200.0,爸,旧账导入-2022,收入,亲友转账,亲友转账,0,,,14,2026-03-20 16:40:48,2026-03-20 16:40:48,2026-03-20 16:40:48
6945,2022-03-05,43.8,买菜,旧账导入-2022,支出,食品饮料,食品饮料,0,,,14,2026-03-20 16:40:48,2026-03-20 16:40:48,2026-03-20 16:40:48
6944,2022-03-04,200.0,妈,旧账导入-2022,收入,亲友转账,亲友转账,0,,,14,2026-03-20 16:40:48,2026-03-20 16:40:48,2026-03-20 16:40:48
6943,2022-03-04,6.5,交通出行,旧账导入-2022,支出,交通,交通,0,,,14,2026-03-20 16:40:48,2026-03-20 16:40:48,2026-03-20 16:40:48
6942,2022-03-04,156.6,生蚝,旧账导入-2022,支出,食品饮料,食品饮料,0,,,14,2026-03-20 16:40:48,2026-03-20 16:40:48,2026-03-20 16:40:48
6941,2022-03-03,4.0,文体教育培训,旧账导入-2022,支出,学习/培训/办公,学习/培训/办公,0,,,14,2026-03-20 16:40:48,2026-03-20 16:40:48,2026-03-20 16:40:48
6940,2022-03-03,50.8,餐饮,旧账导入-2022,支出,食品饮料,食品饮料,0,,,14,2026-03-20 16:40:48,2026-03-20 16:40:48,2026-03-20 16:40:48
6939,2022-03-02,26.9,润肤露,旧账导入-2022,支出,生活支出,生活支出,0,,,14,2026-03-20 16:40:48,2026-03-20 16:40:48,2026-03-20 16:40:48
6938,2022-03-02,12.0,人际交往,旧账导入-2022,支出,社交,社交,0,,,14,2026-03-20 16:40:48,2026-03-20 16:40:48,2026-03-20 16:40:48
6937,2022-03-02,20.0,餐饮,旧账导入-2022,支出,食品饮料,食品饮料,0,,,14,2026-03-20 16:40:48,2026-03-20 16:40:48,2026-03-20 16:40:48
6936,2022-03-02,13.0,晚餐,旧账导入-2022,支出,食品饮料,食品饮料,0,,,14,2026-03-20 16:40:48,2026-03-20 16:40:48,2026-03-20 16:40:48
6935,2022-03-02,13.0,午餐,旧账导入-2022,支出,食品饮料,食品饮料,0,,,14,2026-03-20 16:40:48,2026-03-20 16:40:48,2026-03-20 16:40:48
6934,2022-03-01,13.0,晚餐,旧账导入-2022,支出,食品饮料,食品饮料,0,,,14,2026-03-20 16:40:48,2026-03-20 16:40:48,2026-03-20 16:40:48
6933,2022-03-01,12.0,午餐,旧账导入-2022,支出,食品饮料,食品饮料,0,,,14,2026-03-20 16:40:48,2026-03-20 16:40:48,2026-03-20 16:40:48
6932,2022-02-28,36.5,交通出行,旧账导入-2022,支出,交通,交通,0,,,14,2026-03-20 16:40:48,2026-03-20 16:40:48,2026-03-20 16:40:48
6931,2022-02-27,65.0,考研资料,旧账导入-2022,支出,学习/培训/办公,学习/培训/办公,0,,,14,2026-03-20 16:40:48,2026-03-20 16:40:48,2026-03-20 16:40:48
6930,2022-02-27,27.0,康佳,旧账导入-2022,支出,社交,社交,0,,,14,2026-03-20 16:40:48,2026-03-20 16:40:48,2026-03-20 16:40:48
6929,2022-02-27,54.0,买菜,旧账导入-2022,支出,食品饮料,食品饮料,0,,,14,2026-03-20 16:40:48,2026-03-20 16:40:48,2026-03-20 16:40:48
6928,2022-02-26,120.0,考研资料,旧账导入-2022,支出,学习/培训/办公,学习/培训/办公,0,,,14,2026-03-20 16:40:48,2026-03-20 16:40:48,2026-03-20 16:40:48
6927,2022-02-26,12.0,交通出行,旧账导入-2022,支出,交通,交通,0,,,14,2026-03-20 16:40:48,2026-03-20 16:40:48,2026-03-20 16:40:48
6926,2022-02-26,16.0,买菜,旧账导入-2022,支出,食品饮料,食品饮料,0,,,14,2026-03-20 16:40:48,2026-03-20 16:40:48,2026-03-20 16:40:48
6925,2022-02-25,55.0,情趣用品,旧账导入-2022,支出,生活支出,生活支出,0,,,14,2026-03-20 16:40:48,2026-03-20 16:40:48,2026-03-20 16:40:48
6924,2022-02-25,130.0,书架+厨具,旧账导入-2022,支出,生活支出,生活支出,0,,,14,2026-03-20 16:40:48,2026-03-20 16:40:48,2026-03-20 16:40:48
6923,2022-02-25,138.31,逛超市,旧账导入-2022,支出,食品饮料,食品饮料,0,,,14,2026-03-20 16:40:48,2026-03-20 16:40:48,2026-03-20 16:40:48
6922,2022-02-25,44.0,晚餐,旧账导入-2022,支出,食品饮料,食品饮料,0,,,14,2026-03-20 16:40:48,2026-03-20 16:40:48,2026-03-20 16:40:48
6921,2022-02-25,20.6,吃的,旧账导入-2022,支出,食品饮料,食品饮料,0,,,14,2026-03-20 16:40:48,2026-03-20 16:40:48,2026-03-20 16:40:48
6920,2022-02-24,16.5,购物,旧账导入-2022,支出,生活支出,生活支出,0,,,14,2026-03-20 16:40:48,2026-03-20 16:40:48,2026-03-20 16:40:48
6919,2022-02-24,55.0,纸巾,旧账导入-2022,支出,生活支出,生活支出,0,,,14,2026-03-20 16:40:48,2026-03-20 16:40:48,2026-03-20 16:40:48
6918,2022-02-24,105.0,悦姐姐的姐姐,旧账导入-2022,支出,社交,社交,0,,,14,2026-03-20 16:40:48,2026-03-20 16:40:48,2026-03-20 16:40:48
6917,2022-02-24,12.9,充电线,旧账导入-2022,支出,亲友转账,亲友转账,0,,,14,2026-03-20 16:40:48,2026-03-20 16:40:48,2026-03-20 16:40:48
6916,2022-02-24,456.0,交通出行,旧账导入-2022,支出,交通,交通,0,,,14,2026-03-20 16:40:48,2026-03-20 16:40:48,2026-03-20 16:40:48
6915,2022-02-24,44.0,菜+吃,旧账导入-2022,支出,食品饮料,食品饮料,0,,,14,2026-03-20 16:40:48,2026-03-20 16:40:48,2026-03-20 16:40:48
6914,2022-02-23,768.0,医疗健康,旧账导入-2022,支出,生活支出,生活支出,0,,,14,2026-03-20 16:40:48,2026-03-20 16:40:48,2026-03-20 16:40:48
6913,2022-02-23,170.0,住宿支出,旧账导入-2022,支出,住宿,住宿,0,,,14,2026-03-20 16:40:48,2026-03-20 16:40:48,2026-03-20 16:40:48
6912,2022-02-23,443.8,交通出行,旧账导入-2022,支出,交通,交通,0,,,14,2026-03-20 16:40:48,2026-03-20 16:40:48,2026-03-20 16:40:48
6911,2022-02-23,69.0,午餐,旧账导入-2022,支出,食品饮料,食品饮料,0,,,14,2026-03-20 16:40:48,2026-03-20 16:40:48,2026-03-20 16:40:48
6910,2022-02-22,9.4,酒精灯,旧账导入-2022,支出,生活支出,生活支出,0,,,14,2026-03-20 16:40:48,2026-03-20 16:40:48,2026-03-20 16:40:48
6909,2022-02-22,3.5,生活支出,旧账导入-2022,支出,生活支出,生活支出,0,,,14,2026-03-20 16:40:48,2026-03-20 16:40:48,2026-03-20 16:40:48
6908,2022-02-22,48.0,眼药水,旧账导入-2022,支出,亲友转账,亲友转账,0,,,14,2026-03-20 16:40:48,2026-03-20 16:40:48,2026-03-20 16:40:48
6907,2022-02-22,70.9,买菜,旧账导入-2022,支出,食品饮料,食品饮料,0,,,14,2026-03-20 16:40:48,2026-03-20 16:40:48,2026-03-20 16:40:48
6906,2022-02-21,-500.0,悦姐姐,旧账导入-2022,支出,亲友转账,亲友转账,0,,,14,2026-03-20 16:40:48,2026-03-20 16:40:48,2026-03-20 16:40:48
6905,2022-02-21,162.0,交通出行,旧账导入-2022,支出,交通,交通,0,,,14,2026-03-20 16:40:48,2026-03-20 16:40:48,2026-03-20 16:40:48
6904,2022-02-21,150.0,晚餐,旧账导入-2022,支出,食品饮料,食品饮料,0,,,14,2026-03-20 16:40:48,2026-03-20 16:40:48,2026-03-20 16:40:48
6903,2022-02-20,3000.0,妈,旧账导入-2022,收入,亲友转账,亲友转账,0,,,14,2026-03-20 16:40:48,2026-03-20 16:40:48,2026-03-20 16:40:48
6902,2022-02-19,35.0,医疗健康,旧账导入-2022,支出,生活支出,生活支出,0,,,14,2026-03-20 16:40:48,2026-03-20 16:40:48,2026-03-20 16:40:48
6901,2022-02-19,16.6,家庭支出,旧账导入-2022,支出,亲友转账,亲友转账,0,,,14,2026-03-20 16:40:48,2026-03-20 16:40:48,2026-03-20 16:40:48
6900,2022-02-18,10.0,剪头,旧账导入-2022,支出,生活支出,生活支出,0,,,14,2026-03-20 16:40:48,2026-03-20 16:40:48,2026-03-20 16:40:48
6899,2022-02-18,39.9,姐,旧账导入-2022,支出,亲友转账,亲友转账,0,,,14,2026-03-20 16:40:48,2026-03-20 16:40:48,2026-03-20 16:40:48
6898,2022-02-17,24.0,医疗健康,旧账导入-2022,支出,生活支出,生活支出,0,,,14,2026-03-20 16:40:48,2026-03-20 16:40:48,2026-03-20 16:40:48
6897,2022-02-17,70.5,水电费,旧账导入-2022,支出,生活支出,生活支出,0,,,14,2026-03-20 16:40:48,2026-03-20 16:40:48,2026-03-20 16:40:48
6896,2022-02-17,1550.0,房租,旧账导入-2022,支出,住宿,住宿,0,,,14,2026-03-20 16:40:48,2026-03-20 16:40:48,2026-03-20 16:40:48
6895,2022-02-16,33.9,家庭支出,旧账导入-2022,支出,亲友转账,亲友转账,0,,,14,2026-03-20 16:40:48,2026-03-20 16:40:48,2026-03-20 16:40:48
6894,2022-02-15,2000.0,妈,旧账导入-2022,收入,亲友转账,亲友转账,0,,,14,2026-03-20 16:40:48,2026-03-20 16:40:48,2026-03-20 16:40:48
6893,2022-02-15,716.0,阜阳,旧账导入-2022,支出,生活支出,生活支出,0,,,14,2026-03-20 16:40:48,2026-03-20 16:40:48,2026-03-20 16:40:48
6892,2022-02-14,8.0,医疗健康,旧账导入-2022,支出,生活支出,生活支出,0,,,14,2026-03-20 16:40:48,2026-03-20 16:40:48,2026-03-20 16:40:48
6891,2022-02-14,120.9,生活用品,旧账导入-2022,支出,亲友转账,亲友转账,0,,,14,2026-03-20 16:40:48,2026-03-20 16:40:48,2026-03-20 16:40:48
6890,2022-02-13,250.7,情人节礼物,旧账导入-2022,支出,亲友转账,亲友转账,0,,,14,2026-03-20 16:40:48,2026-03-20 16:40:48,2026-03-20 16:40:48
6889,2022-02-12,133.0,优思悦,旧账导入-2022,支出,生活支出,生活支出,0,,,14,2026-03-20 16:40:48,2026-03-20 16:40:48,2026-03-20 16:40:48
6888,2022-02-12,121.0,瑜伽裤,旧账导入-2022,支出,亲友转账,亲友转账,0,,,14,2026-03-20 16:40:48,2026-03-20 16:40:48,2026-03-20 16:40:48
6887,2022-02-12,30.0,生活用品,旧账导入-2022,支出,亲友转账,亲友转账,0,,,14,2026-03-20 16:40:48,2026-03-20 16:40:48,2026-03-20 16:40:48
6886,2022-02-10,4.7,购物,旧账导入-2022,支出,生活支出,生活支出,0,,,14,2026-03-20 16:40:48,2026-03-20 16:40:48,2026-03-20 16:40:48
6885,2022-02-10,34.0,洗澡,旧账导入-2022,支出,生活支出,生活支出,0,,,14,2026-03-20 16:40:48,2026-03-20 16:40:48,2026-03-20 16:40:48
6884,2022-02-09,30.0,吃的,旧账导入-2022,支出,亲友转账,亲友转账,0,,,14,2026-03-20 16:40:48,2026-03-20 16:40:48,2026-03-20 16:40:48
6883,2022-02-09,30.0,餐饮,旧账导入-2022,支出,食品饮料,食品饮料,0,,,14,2026-03-20 16:40:48,2026-03-20 16:40:48,2026-03-20 16:40:48
6882,2022-02-08,-520.0,悦姐姐,旧账导入-2022,支出,亲友转账,亲友转账,0,,,14,2026-03-20 16:40:48,2026-03-20 16:40:48,2026-03-20 16:40:48
6881,2022-02-07,27.0,子程生日,旧账导入-2022,支出,社交,社交,0,,,14,2026-03-20 16:40:48,2026-03-20 16:40:48,2026-03-20 16:40:48
6880,2022-02-07,69.0,报销麻将,旧账导入-2022,支出,亲友转账,亲友转账,0,,,14,2026-03-20 16:40:48,2026-03-20 16:40:48,2026-03-20 16:40:48
6879,2022-02-03,1000.0,妈,旧账导入-2022,收入,亲友转账,亲友转账,0,,,14,2026-03-20 16:40:48,2026-03-20 16:40:48,2026-03-20 16:40:48
6878,2022-02-03,200.0,红包,旧账导入-2022,支出,亲友转账,亲友转账,0,,,14,2026-03-20 16:40:48,2026-03-20 16:40:48,2026-03-20 16:40:48
6877,2022-02-02,169.0,阜阳看病,旧账导入-2022,支出,生活支出,生活支出,0,,,14,2026-03-20 16:40:48,2026-03-20 16:40:48,2026-03-20 16:40:48
6876,2022-02-02,15.0,发红包,旧账导入-2022,支出,娱乐/运动,娱乐/运动,0,,,14,2026-03-20 16:40:48,2026-03-20 16:40:48,2026-03-20 16:40:48
6875,2022-02-01,17.0,医疗健康,旧账导入-2022,支出,生活支出,生活支出,0,,,14,2026-03-20 16:40:48,2026-03-20 16:40:48,2026-03-20 16:40:48
6874,2022-02-01,160.0,红包,旧账导入-2022,支出,亲友转账,亲友转账,0,,,14,2026-03-20 16:40:48,2026-03-20 16:40:48,2026-03-20 16:40:48
6873,2022-01-30,200.0,妈,旧账导入-2022,收入,亲友转账,亲友转账,0,,,14,2026-03-20 16:40:48,2026-03-20 16:40:48,2026-03-20 16:40:48
6872,2022-01-30,30.0,发红包,旧账导入-2022,支出,娱乐/运动,娱乐/运动,0,,,14,2026-03-20 16:40:48,2026-03-20 16:40:48,2026-03-20 16:40:48
6871,2022-01-28,100.8,奶粉+,旧账导入-2022,支出,亲友转账,亲友转账,0,,,14,2026-03-20 16:40:48,2026-03-20 16:40:48,2026-03-20 16:40:48
6870,2022-01-27,7.8,悦学姐,旧账导入-2022,支出,亲友转账,亲友转账,0,,,14,2026-03-20 16:40:48,2026-03-20 16:40:48,2026-03-20 16:40:48
6869,2022-01-26,500.0,龙舟队助理教练,旧账导入-2022,收入,其他,其他,0,,,14,2026-03-20 16:40:48,2026-03-20 16:40:48,2026-03-20 16:40:48
6868,2022-01-25,1500.0,就业补贴,旧账导入-2022,收入,其他,其他,0,,,14,2026-03-20 16:40:48,2026-03-20 16:40:48,2026-03-20 16:40:48
6867,2022-01-25,20.8,酸辣粉,旧账导入-2022,支出,亲友转账,亲友转账,0,,,14,2026-03-20 16:40:48,2026-03-20 16:40:48,2026-03-20 16:40:48
6866,2022-01-20,-200.0,悦学姐,旧账导入-2022,支出,亲友转账,亲友转账,0,,,14,2026-03-20 16:40:48,2026-03-20 16:40:48,2026-03-20 16:40:48
6865,2022-01-20,37.5,交通出行,旧账导入-2022,支出,交通,交通,0,,,14,2026-03-20 16:40:48,2026-03-20 16:40:48,2026-03-20 16:40:48
6864,2022-01-20,9.5,早餐,旧账导入-2022,支出,食品饮料,食品饮料,0,,,14,2026-03-20 16:40:48,2026-03-20 16:40:48,2026-03-20 16:40:48
6863,2022-01-19,30.0,医疗健康,旧账导入-2022,支出,生活支出,生活支出,0,,,14,2026-03-20 16:40:48,2026-03-20 16:40:48,2026-03-20 16:40:48
6862,2022-01-19,30.0,餐饮,旧账导入-2022,支出,食品饮料,食品饮料,0,,,14,2026-03-20 16:40:48,2026-03-20 16:40:48,2026-03-20 16:40:48
6861,2022-01-18,173.0,二附院+一附院,旧账导入-2022,支出,生活支出,生活支出,0,,,14,2026-03-20 16:40:48,2026-03-20 16:40:48,2026-03-20 16:40:48
6860,2022-01-18,33.0,快递,旧账导入-2022,支出,生活支出,生活支出,0,,,14,2026-03-20 16:40:48,2026-03-20 16:40:48,2026-03-20 16:40:48
6859,2022-01-18,26.0,午餐,旧账导入-2022,支出,食品饮料,食品饮料,0,,,14,2026-03-20 16:40:48,2026-03-20 16:40:48,2026-03-20 16:40:48
6858,2022-01-17,150.0,悦学姐,旧账导入-2022,支出,亲友转账,亲友转账,0,,,14,2026-03-20 16:40:48,2026-03-20 16:40:48,2026-03-20 16:40:48
6857,2022-01-17,20.0,餐饮,旧账导入-2022,支出,食品饮料,食品饮料,0,,,14,2026-03-20 16:40:48,2026-03-20 16:40:48,2026-03-20 16:40:48
6856,2022-01-13,84.23,生活支出,旧账导入-2022,支出,生活支出,生活支出,0,,,14,2026-03-20 16:40:48,2026-03-20 16:40:48,2026-03-20 16:40:48
6855,2022-01-13,150.0,悦学姐,旧账导入-2022,支出,亲友转账,亲友转账,0,,,14,2026-03-20 16:40:48,2026-03-20 16:40:48,2026-03-20 16:40:48
6854,2022-01-13,28.6,餐饮,旧账导入-2022,支出,食品饮料,食品饮料,0,,,14,2026-03-20 16:40:48,2026-03-20 16:40:48,2026-03-20 16:40:48
6853,2022-01-12,38.0,云服务器,旧账导入-2022,支出,虚拟充值/通讯,虚拟充值/通讯,0,,,14,2026-03-20 16:40:48,2026-03-20 16:40:48,2026-03-20 16:40:48
6852,2022-01-12,4.0,交通出行,旧账导入-2022,支出,交通,交通,0,,,14,2026-03-20 16:40:48,2026-03-20 16:40:48,2026-03-20 16:40:48
6851,2022-01-12,9.0,餐饮,旧账导入-2022,支出,食品饮料,食品饮料,0,,,14,2026-03-20 16:40:48,2026-03-20 16:40:48,2026-03-20 16:40:48
6850,2022-01-12,20.0,午餐,旧账导入-2022,支出,食品饮料,食品饮料,0,,,14,2026-03-20 16:40:48,2026-03-20 16:40:48,2026-03-20 16:40:48
6849,2022-01-11,18.0,餐饮,旧账导入-2022,支出,食品饮料,食品饮料,0,,,14,2026-03-20 16:40:48,2026-03-20 16:40:48,2026-03-20 16:40:48
6848,2022-01-06,11.5,交通出行,旧账导入-2022,支出,交通,交通,0,,,14,2026-03-20 16:40:48,2026-03-20 16:40:48,2026-03-20 16:40:48
6847,2022-01-06,173.0,茉莉餐厅,旧账导入-2022,支出,食品饮料,食品饮料,0,,,14,2026-03-20 16:40:48,2026-03-20 16:40:48,2026-03-20 16:40:48
6846,2022-01-05,4.0,交通出行,旧账导入-2022,支出,交通,交通,0,,,14,2026-03-20 16:40:48,2026-03-20 16:40:48,2026-03-20 16:40:48
6845,2022-01-04,193.5,逛超市,旧账导入-2022,支出,食品饮料,食品饮料,0,,,14,2026-03-20 16:40:48,2026-03-20 16:40:48,2026-03-20 16:40:48
6844,2022-01-03,72.5,买菜,旧账导入-2022,支出,食品饮料,食品饮料,0,,,14,2026-03-20 16:40:48,2026-03-20 16:40:48,2026-03-20 16:40:48
6843,2022-01-02,30.0,悦学姐,旧账导入-2022,支出,亲友转账,亲友转账,0,,,14,2026-03-20 16:40:48,2026-03-20 16:40:48,2026-03-20 16:40:48
6842,2022-01-01,1800.0,爸妈打钱,旧账导入-2022,收入,亲友转账,亲友转账,0,,,14,2026-03-20 16:40:48,2026-03-20 16:40:48,2026-03-20 16:40:48
6841,2022-01-01,39.8,剧本杀,旧账导入-2022,支出,娱乐/运动,娱乐/运动,0,,,14,2026-03-20 16:40:48,2026-03-20 16:40:48,2026-03-20 16:40:48
6840,2022-01-01,-34.0,人际交往,旧账导入-2022,支出,社交,社交,0,,,14,2026-03-20 16:40:48,2026-03-20 16:40:48,2026-03-20 16:40:48
6839,2022-01-01,265.0,转账+化妆,旧账导入-2022,支出,亲友转账,亲友转账,0,,,14,2026-03-20 16:40:48,2026-03-20 16:40:48,2026-03-20 16:40:48
6838,2022-01-01,37.0,交通出行,旧账导入-2022,支出,交通,交通,0,,,14,2026-03-20 16:40:48,2026-03-20 16:40:48,2026-03-20 16:40:48
6837,2022-01-01,72.0,晚餐,旧账导入-2022,支出,食品饮料,食品饮料,0,,,14,2026-03-20 16:40:48,2026-03-20 16:40:48,2026-03-20 16:40:48
6126,2021-12-31,20.0,红包,旧账导入-2021,支出,社交,社交,0,,,13,2026-03-20 16:38:13,2026-03-20 16:38:13,2026-03-20 16:38:13
6125,2021-12-31,36.0,交通出行,旧账导入-2021,支出,交通,交通,0,,,13,2026-03-20 16:38:13,2026-03-20 16:38:13,2026-03-20 16:38:13
6124,2021-12-31,62.0,晚餐,旧账导入-2021,支出,食品饮料,食品饮料,0,,,13,2026-03-20 16:38:13,2026-03-20 16:38:13,2026-03-20 16:38:13
6123,2021-12-31,15.0,午餐,旧账导入-2021,支出,食品饮料,食品饮料,0,,,13,2026-03-20 16:38:13,2026-03-20 16:38:13,2026-03-20 16:38:13
6122,2021-12-30,400.0,龙舟队训练费,旧账导入-2021,收入,其他,其他,0,,,13,2026-03-20 16:38:13,2026-03-20 16:38:13,2026-03-20 16:38:13
6121,2021-12-30,110.0,安装床,旧账导入-2021,支出,生活支出,生活支出,0,,,13,2026-03-20 16:38:13,2026-03-20 16:38:13,2026-03-20 16:38:13
6120,2021-12-30,100.0,悦姐姐,旧账导入-2021,支出,亲友转账,亲友转账,0,,,13,2026-03-20 16:38:13,2026-03-20 16:38:13,2026-03-20 16:38:13
6119,2021-12-29,6.0,交通出行,旧账导入-2021,支出,交通,交通,0,,,13,2026-03-20 16:38:13,2026-03-20 16:38:13,2026-03-20 16:38:13
6118,2021-12-29,11.0,餐饮,旧账导入-2021,支出,食品饮料,食品饮料,0,,,13,2026-03-20 16:38:13,2026-03-20 16:38:13,2026-03-20 16:38:13
6117,2021-12-29,11.0,午餐,旧账导入-2021,支出,食品饮料,食品饮料,0,,,13,2026-03-20 16:38:13,2026-03-20 16:38:13,2026-03-20 16:38:13
6116,2021-12-28,440.0,看病,旧账导入-2021,支出,生活支出,生活支出,0,,,13,2026-03-20 16:38:13,2026-03-20 16:38:13,2026-03-20 16:38:13
6115,2021-12-28,-500.0,姐姐转账,旧账导入-2021,支出,亲友转账,亲友转账,0,,,13,2026-03-20 16:38:13,2026-03-20 16:38:13,2026-03-20 16:38:13
6114,2021-12-27,8.0,生活支出,旧账导入-2021,支出,生活支出,生活支出,0,,,13,2026-03-20 16:38:13,2026-03-20 16:38:13,2026-03-20 16:38:13
6113,2021-12-27,4.0,交通出行,旧账导入-2021,支出,交通,交通,0,,,13,2026-03-20 16:38:13,2026-03-20 16:38:13,2026-03-20 16:38:13
6112,2021-12-27,9.5,晚餐,旧账导入-2021,支出,食品饮料,食品饮料,0,,,13,2026-03-20 16:38:13,2026-03-20 16:38:13,2026-03-20 16:38:13
6111,2021-12-26,24.8,买药,旧账导入-2021,支出,生活支出,生活支出,0,,,13,2026-03-20 16:38:13,2026-03-20 16:38:13,2026-03-20 16:38:13
6110,2021-12-26,32.0,域名,旧账导入-2021,支出,虚拟充值/通讯,虚拟充值/通讯,0,,,13,2026-03-20 16:38:13,2026-03-20 16:38:13,2026-03-20 16:38:13
6109,2021-12-26,99.0,皮肤,旧账导入-2021,支出,亲友转账,亲友转账,0,,,13,2026-03-20 16:38:13,2026-03-20 16:38:13,2026-03-20 16:38:13
6108,2021-12-26,35.0,买菜,旧账导入-2021,支出,食品饮料,食品饮料,0,,,13,2026-03-20 16:38:13,2026-03-20 16:38:13,2026-03-20 16:38:13
6107,2021-12-26,18.8,蛋挞,旧账导入-2021,支出,食品饮料,食品饮料,0,,,13,2026-03-20 16:38:13,2026-03-20 16:38:13,2026-03-20 16:38:13
6106,2021-12-25,32.0,买菜,旧账导入-2021,支出,食品饮料,食品饮料,0,,,13,2026-03-20 16:38:13,2026-03-20 16:38:13,2026-03-20 16:38:13
6105,2021-12-24,500.0,学校补助,旧账导入-2021,收入,其他,其他,0,,,13,2026-03-20 16:38:13,2026-03-20 16:38:13,2026-03-20 16:38:13
6104,2021-12-24,366.0,买床,旧账导入-2021,支出,生活支出,生活支出,0,,,13,2026-03-20 16:38:13,2026-03-20 16:38:13,2026-03-20 16:38:13
6103,2021-12-24,200.0,悦姐姐,旧账导入-2021,支出,亲友转账,亲友转账,0,,,13,2026-03-20 16:38:13,2026-03-20 16:38:13,2026-03-20 16:38:13
6102,2021-12-23,150.0,医疗健康,旧账导入-2021,支出,生活支出,生活支出,0,,,13,2026-03-20 16:38:13,2026-03-20 16:38:13,2026-03-20 16:38:13
6101,2021-12-23,80.0,交通出行,旧账导入-2021,支出,交通,交通,0,,,13,2026-03-20 16:38:13,2026-03-20 16:38:13,2026-03-20 16:38:13
6100,2021-12-22,8.0,交通出行,旧账导入-2021,支出,交通,交通,0,,,13,2026-03-20 16:38:13,2026-03-20 16:38:13,2026-03-20 16:38:13
6099,2021-12-22,34.5,烧烤,旧账导入-2021,支出,食品饮料,食品饮料,0,,,13,2026-03-20 16:38:13,2026-03-20 16:38:13,2026-03-20 16:38:13
6098,2021-12-22,72.0,买菜,旧账导入-2021,支出,食品饮料,食品饮料,0,,,13,2026-03-20 16:38:13,2026-03-20 16:38:13,2026-03-20 16:38:13
6097,2021-12-20,18.9,插排,旧账导入-2021,支出,生活支出,生活支出,0,,,13,2026-03-20 16:38:13,2026-03-20 16:38:13,2026-03-20 16:38:13
6096,2021-12-20,5.5,餐饮,旧账导入-2021,支出,食品饮料,食品饮料,0,,,13,2026-03-20 16:38:13,2026-03-20 16:38:13,2026-03-20 16:38:13
6095,2021-12-18,4.0,交通出行,旧账导入-2021,支出,交通,交通,0,,,13,2026-03-20 16:38:13,2026-03-20 16:38:13,2026-03-20 16:38:13
6094,2021-12-18,16.0,餐饮,旧账导入-2021,支出,食品饮料,食品饮料,0,,,13,2026-03-20 16:38:13,2026-03-20 16:38:13,2026-03-20 16:38:13
6093,2021-12-17,-95.0,隐形眼镜,旧账导入-2021,支出,亲友转账,亲友转账,0,,,13,2026-03-20 16:38:13,2026-03-20 16:38:13,2026-03-20 16:38:13
6092,2021-12-17,32.0,交通出行,旧账导入-2021,支出,交通,交通,0,,,13,2026-03-20 16:38:13,2026-03-20 16:38:13,2026-03-20 16:38:13
6091,2021-12-16,30.0,生活支出,旧账导入-2021,支出,生活支出,生活支出,0,,,13,2026-03-20 16:38:13,2026-03-20 16:38:13,2026-03-20 16:38:13
6090,2021-12-16,3.5,交通出行,旧账导入-2021,支出,交通,交通,0,,,13,2026-03-20 16:38:13,2026-03-20 16:38:13,2026-03-20 16:38:13
6089,2021-12-16,34.0,餐饮,旧账导入-2021,支出,食品饮料,食品饮料,0,,,13,2026-03-20 16:38:13,2026-03-20 16:38:13,2026-03-20 16:38:13
6088,2021-12-15,210.0,医疗健康,旧账导入-2021,支出,生活支出,生活支出,0,,,13,2026-03-20 16:38:13,2026-03-20 16:38:13,2026-03-20 16:38:13
6087,2021-12-15,-100.0,悦姐姐,旧账导入-2021,支出,亲友转账,亲友转账,0,,,13,2026-03-20 16:38:13,2026-03-20 16:38:13,2026-03-20 16:38:13
6086,2021-12-15,20.74,交通出行,旧账导入-2021,支出,交通,交通,0,,,13,2026-03-20 16:38:13,2026-03-20 16:38:13,2026-03-20 16:38:13
6085,2021-12-15,28.8,晚餐,旧账导入-2021,支出,食品饮料,食品饮料,0,,,13,2026-03-20 16:38:13,2026-03-20 16:38:13,2026-03-20 16:38:13
6084,2021-12-14,182.0,医疗健康,旧账导入-2021,支出,生活支出,生活支出,0,,,13,2026-03-20 16:38:13,2026-03-20 16:38:13,2026-03-20 16:38:13
6083,2021-12-14,89.0,水电费,旧账导入-2021,支出,生活支出,生活支出,0,,,13,2026-03-20 16:38:13,2026-03-20 16:38:13,2026-03-20 16:38:13
6082,2021-12-14,6.0,交通出行,旧账导入-2021,支出,交通,交通,0,,,13,2026-03-20 16:38:13,2026-03-20 16:38:13,2026-03-20 16:38:13
6081,2021-12-14,50.0,晚餐,旧账导入-2021,支出,食品饮料,食品饮料,0,,,13,2026-03-20 16:38:13,2026-03-20 16:38:13,2026-03-20 16:38:13
6080,2021-12-14,22.0,午餐,旧账导入-2021,支出,食品饮料,食品饮料,0,,,13,2026-03-20 16:38:13,2026-03-20 16:38:13,2026-03-20 16:38:13
6079,2021-12-08,115.0,家庭支出,旧账导入-2021,支出,亲友转账,亲友转账,0,,,13,2026-03-20 16:38:13,2026-03-20 16:38:13,2026-03-20 16:38:13
6078,2021-12-08,8.0,餐饮,旧账导入-2021,支出,食品饮料,食品饮料,0,,,13,2026-03-20 16:38:13,2026-03-20 16:38:13,2026-03-20 16:38:13
6077,2021-12-07,30.0,医疗健康,旧账导入-2021,支出,生活支出,生活支出,0,,,13,2026-03-20 16:38:13,2026-03-20 16:38:13,2026-03-20 16:38:13
6076,2021-12-05,200.0,医疗健康,旧账导入-2021,支出,生活支出,生活支出,0,,,13,2026-03-20 16:38:13,2026-03-20 16:38:13,2026-03-20 16:38:13
6075,2021-12-05,150.0,悦姐姐,旧账导入-2021,支出,亲友转账,亲友转账,0,,,13,2026-03-20 16:38:13,2026-03-20 16:38:13,2026-03-20 16:38:13
6074,2021-12-05,43.0,交通出行,旧账导入-2021,支出,交通,交通,0,,,13,2026-03-20 16:38:13,2026-03-20 16:38:13,2026-03-20 16:38:13
6073,2021-12-05,30.0,早餐,旧账导入-2021,支出,食品饮料,食品饮料,0,,,13,2026-03-20 16:38:13,2026-03-20 16:38:13,2026-03-20 16:38:13
6072,2021-12-04,90.0,医疗健康,旧账导入-2021,支出,生活支出,生活支出,0,,,13,2026-03-20 16:38:13,2026-03-20 16:38:13,2026-03-20 16:38:13
6071,2021-12-04,30.0,交通出行,旧账导入-2021,支出,交通,交通,0,,,13,2026-03-20 16:38:13,2026-03-20 16:38:13,2026-03-20 16:38:13
6070,2021-12-04,93.0,买菜,旧账导入-2021,支出,食品饮料,食品饮料,0,,,13,2026-03-20 16:38:13,2026-03-20 16:38:13,2026-03-20 16:38:13
6069,2021-12-03,3500.0,学校补助,旧账导入-2021,收入,其他,其他,0,,,13,2026-03-20 16:38:13,2026-03-20 16:38:13,2026-03-20 16:38:13
6068,2021-12-03,5.5,交通出行,旧账导入-2021,支出,交通,交通,0,,,13,2026-03-20 16:38:13,2026-03-20 16:38:13,2026-03-20 16:38:13
6067,2021-12-03,6.0,餐饮,旧账导入-2021,支出,食品饮料,食品饮料,0,,,13,2026-03-20 16:38:13,2026-03-20 16:38:13,2026-03-20 16:38:13
6066,2021-12-03,11.0,午餐,旧账导入-2021,支出,食品饮料,食品饮料,0,,,13,2026-03-20 16:38:13,2026-03-20 16:38:13,2026-03-20 16:38:13
6065,2021-12-02,600.0,悦姐姐,旧账导入-2021,支出,亲友转账,亲友转账,0,,,13,2026-03-20 16:38:13,2026-03-20 16:38:13,2026-03-20 16:38:13
6064,2021-12-02,50.0,家庭支出,旧账导入-2021,支出,亲友转账,亲友转账,0,,,13,2026-03-20 16:38:13,2026-03-20 16:38:13,2026-03-20 16:38:13
6063,2021-12-02,5.0,交通出行,旧账导入-2021,支出,交通,交通,0,,,13,2026-03-20 16:38:13,2026-03-20 16:38:13,2026-03-20 16:38:13
6062,2021-12-02,94.0,奶粉+买菜,旧账导入-2021,支出,食品饮料,食品饮料,0,,,13,2026-03-20 16:38:13,2026-03-20 16:38:13,2026-03-20 16:38:13
6061,2021-12-02,10.0,午餐,旧账导入-2021,支出,食品饮料,食品饮料,0,,,13,2026-03-20 16:38:13,2026-03-20 16:38:13,2026-03-20 16:38:13
6060,2021-12-01,1800.0,爸妈,旧账导入-2021,收入,亲友转账,亲友转账,0,,,13,2026-03-20 16:38:13,2026-03-20 16:38:13,2026-03-20 16:38:13
6059,2021-12-01,11.0,交通出行,旧账导入-2021,支出,交通,交通,0,,,13,2026-03-20 16:38:13,2026-03-20 16:38:13,2026-03-20 16:38:13
6058,2021-12-01,55.75,晚餐,旧账导入-2021,支出,食品饮料,食品饮料,0,,,13,2026-03-20 16:38:13,2026-03-20 16:38:13,2026-03-20 16:38:13
6057,2021-12-01,17.5,午餐,旧账导入-2021,支出,食品饮料,食品饮料,0,,,13,2026-03-20 16:38:13,2026-03-20 16:38:13,2026-03-20 16:38:13
6056,2021-11-30,8.0,交通出行,旧账导入-2021,支出,交通,交通,0,,,13,2026-03-20 16:38:13,2026-03-20 16:38:13,2026-03-20 16:38:13
6055,2021-11-30,27.0,餐饮,旧账导入-2021,支出,食品饮料,食品饮料,0,,,13,2026-03-20 16:38:13,2026-03-20 16:38:13,2026-03-20 16:38:13
6054,2021-11-30,50.0,王肖旭来家吃饭,旧账导入-2021,支出,食品饮料,食品饮料,0,,,13,2026-03-20 16:38:13,2026-03-20 16:38:13,2026-03-20 16:38:13
6053,2021-11-30,16.0,午餐,旧账导入-2021,支出,食品饮料,食品饮料,0,,,13,2026-03-20 16:38:13,2026-03-20 16:38:13,2026-03-20 16:38:13
6052,2021-11-29,-270.0,悦姐姐,旧账导入-2021,支出,亲友转账,亲友转账,0,,,13,2026-03-20 16:38:13,2026-03-20 16:38:13,2026-03-20 16:38:13
6051,2021-11-29,3.0,交通出行,旧账导入-2021,支出,交通,交通,0,,,13,2026-03-20 16:38:13,2026-03-20 16:38:13,2026-03-20 16:38:13
6050,2021-11-29,18.0,餐饮,旧账导入-2021,支出,食品饮料,食品饮料,0,,,13,2026-03-20 16:38:13,2026-03-20 16:38:13,2026-03-20 16:38:13
6049,2021-11-29,9.0,早餐,旧账导入-2021,支出,食品饮料,食品饮料,0,,,13,2026-03-20 16:38:13,2026-03-20 16:38:13,2026-03-20 16:38:13
6048,2021-11-27,-50.0,悦姐姐,旧账导入-2021,支出,亲友转账,亲友转账,0,,,13,2026-03-20 16:38:13,2026-03-20 16:38:13,2026-03-20 16:38:13
6047,2021-11-27,8.0,交通出行,旧账导入-2021,支出,交通,交通,0,,,13,2026-03-20 16:38:13,2026-03-20 16:38:13,2026-03-20 16:38:13
6046,2021-11-27,8.4,餐饮,旧账导入-2021,支出,食品饮料,食品饮料,0,,,13,2026-03-20 16:38:13,2026-03-20 16:38:13,2026-03-20 16:38:13
6045,2021-11-26,8.0,交通出行,旧账导入-2021,支出,交通,交通,0,,,13,2026-03-20 16:38:13,2026-03-20 16:38:13,2026-03-20 16:38:13
6044,2021-11-25,31.28,悦姐姐,旧账导入-2021,支出,亲友转账,亲友转账,0,,,13,2026-03-20 16:38:13,2026-03-20 16:38:13,2026-03-20 16:38:13
6043,2021-11-25,6.0,交通出行,旧账导入-2021,支出,交通,交通,0,,,13,2026-03-20 16:38:13,2026-03-20 16:38:13,2026-03-20 16:38:13
6042,2021-11-24,7.5,交通出行,旧账导入-2021,支出,交通,交通,0,,,13,2026-03-20 16:38:13,2026-03-20 16:38:13,2026-03-20 16:38:13
6041,2021-11-24,35.0,晚餐,旧账导入-2021,支出,食品饮料,食品饮料,0,,,13,2026-03-20 16:38:13,2026-03-20 16:38:13,2026-03-20 16:38:13
6040,2021-11-24,13.0,午餐,旧账导入-2021,支出,食品饮料,食品饮料,0,,,13,2026-03-20 16:38:13,2026-03-20 16:38:13,2026-03-20 16:38:13
6039,2021-11-23,13.8,餐饮,旧账导入-2021,支出,食品饮料,食品饮料,0,,,13,2026-03-20 16:38:13,2026-03-20 16:38:13,2026-03-20 16:38:13
6038,2021-11-22,44.0,餐饮,旧账导入-2021,支出,食品饮料,食品饮料,0,,,13,2026-03-20 16:38:13,2026-03-20 16:38:13,2026-03-20 16:38:13
6037,2021-11-21,5.0,交通出行,旧账导入-2021,支出,交通,交通,0,,,13,2026-03-20 16:38:13,2026-03-20 16:38:13,2026-03-20 16:38:13
6036,2021-11-21,43.0,餐饮,旧账导入-2021,支出,食品饮料,食品饮料,0,,,13,2026-03-20 16:38:13,2026-03-20 16:38:13,2026-03-20 16:38:13
6035,2021-11-21,11.0,午餐,旧账导入-2021,支出,食品饮料,食品饮料,0,,,13,2026-03-20 16:38:13,2026-03-20 16:38:13,2026-03-20 16:38:13
6034,2021-11-20,431.0,生活用具,旧账导入-2021,支出,生活支出,生活支出,0,,,13,2026-03-20 16:38:13,2026-03-20 16:38:13,2026-03-20 16:38:13
6033,2021-11-20,-720.0,悦姐姐,旧账导入-2021,支出,亲友转账,亲友转账,0,,,13,2026-03-20 16:38:13,2026-03-20 16:38:13,2026-03-20 16:38:13
6032,2021-11-20,8.0,交通出行,旧账导入-2021,支出,交通,交通,0,,,13,2026-03-20 16:38:13,2026-03-20 16:38:13,2026-03-20 16:38:13
6031,2021-11-20,26.65,晚餐,旧账导入-2021,支出,食品饮料,食品饮料,0,,,13,2026-03-20 16:38:13,2026-03-20 16:38:13,2026-03-20 16:38:13
6030,2021-11-20,13.0,午餐,旧账导入-2021,支出,食品饮料,食品饮料,0,,,13,2026-03-20 16:38:13,2026-03-20 16:38:13,2026-03-20 16:38:13
6029,2021-11-19,25.0,晚餐,旧账导入-2021,支出,食品饮料,食品饮料,0,,,13,2026-03-20 16:38:13,2026-03-20 16:38:13,2026-03-20 16:38:13
6028,2021-11-19,11.0,午餐,旧账导入-2021,支出,食品饮料,食品饮料,0,,,13,2026-03-20 16:38:13,2026-03-20 16:38:13,2026-03-20 16:38:13
6027,2021-11-18,775.0,房租,旧账导入-2021,支出,住宿,住宿,0,,,13,2026-03-20 16:38:13,2026-03-20 16:38:13,2026-03-20 16:38:13
6026,2021-11-18,73.0,悦姐姐,旧账导入-2021,支出,亲友转账,亲友转账,0,,,13,2026-03-20 16:38:13,2026-03-20 16:38:13,2026-03-20 16:38:13
6025,2021-11-18,11.0,交通出行,旧账导入-2021,支出,交通,交通,0,,,13,2026-03-20 16:38:13,2026-03-20 16:38:13,2026-03-20 16:38:13
6024,2021-11-18,20.0,晚餐,旧账导入-2021,支出,食品饮料,食品饮料,0,,,13,2026-03-20 16:38:13,2026-03-20 16:38:13,2026-03-20 16:38:13
6023,2021-11-18,11.0,午餐,旧账导入-2021,支出,食品饮料,食品饮料,0,,,13,2026-03-20 16:38:13,2026-03-20 16:38:13,2026-03-20 16:38:13
6022,2021-11-17,30.0,悦姐姐,旧账导入-2021,支出,亲友转账,亲友转账,0,,,13,2026-03-20 16:38:13,2026-03-20 16:38:13,2026-03-20 16:38:13
6021,2021-11-17,11.0,晚餐,旧账导入-2021,支出,食品饮料,食品饮料,0,,,13,2026-03-20 16:38:13,2026-03-20 16:38:13,2026-03-20 16:38:13
6020,2021-11-16,99.0,住宿支出,旧账导入-2021,支出,住宿,住宿,0,,,13,2026-03-20 16:38:13,2026-03-20 16:38:13,2026-03-20 16:38:13
6019,2021-11-16,24.1,交通出行,旧账导入-2021,支出,交通,交通,0,,,13,2026-03-20 16:38:13,2026-03-20 16:38:13,2026-03-20 16:38:13
6018,2021-11-16,54.0,晚餐,旧账导入-2021,支出,食品饮料,食品饮料,0,,,13,2026-03-20 16:38:13,2026-03-20 16:38:13,2026-03-20 16:38:13
6017,2021-11-16,11.0,午餐,旧账导入-2021,支出,食品饮料,食品饮料,0,,,13,2026-03-20 16:38:13,2026-03-20 16:38:13,2026-03-20 16:38:13
6016,2021-11-15,12.0,衣帽服饰,旧账导入-2021,支出,服饰,服饰,0,,,13,2026-03-20 16:38:13,2026-03-20 16:38:13,2026-03-20 16:38:13
6015,2021-11-15,12.0,晚餐,旧账导入-2021,支出,食品饮料,食品饮料,0,,,13,2026-03-20 16:38:13,2026-03-20 16:38:13,2026-03-20 16:38:13
6014,2021-11-15,13.0,午餐,旧账导入-2021,支出,食品饮料,食品饮料,0,,,13,2026-03-20 16:38:13,2026-03-20 16:38:13,2026-03-20 16:38:13
6013,2021-11-14,20.0,休闲娱乐,旧账导入-2021,支出,娱乐/运动,娱乐/运动,0,,,13,2026-03-20 16:38:13,2026-03-20 16:38:13,2026-03-20 16:38:13
6012,2021-11-14,10.0,晚餐,旧账导入-2021,支出,食品饮料,食品饮料,0,,,13,2026-03-20 16:38:13,2026-03-20 16:38:13,2026-03-20 16:38:13
6011,2021-11-14,150.0,小龙坎,旧账导入-2021,支出,食品饮料,食品饮料,0,,,13,2026-03-20 16:38:13,2026-03-20 16:38:13,2026-03-20 16:38:13
6010,2021-11-13,16.8,衣帽服饰,旧账导入-2021,支出,服饰,服饰,0,,,13,2026-03-20 16:38:13,2026-03-20 16:38:13,2026-03-20 16:38:13
6009,2021-11-13,96.0,住宿支出,旧账导入-2021,支出,住宿,住宿,0,,,13,2026-03-20 16:38:13,2026-03-20 16:38:13,2026-03-20 16:38:13
6008,2021-11-13,20.0,悦姐姐,旧账导入-2021,支出,亲友转账,亲友转账,0,,,13,2026-03-20 16:38:13,2026-03-20 16:38:13,2026-03-20 16:38:13
6007,2021-11-13,24.0,晚餐,旧账导入-2021,支出,食品饮料,食品饮料,0,,,13,2026-03-20 16:38:13,2026-03-20 16:38:13,2026-03-20 16:38:13
6006,2021-11-13,13.0,午餐,旧账导入-2021,支出,食品饮料,食品饮料,0,,,13,2026-03-20 16:38:13,2026-03-20 16:38:13,2026-03-20 16:38:13
6005,2021-11-12,25.0,晚餐,旧账导入-2021,支出,食品饮料,食品饮料,0,,,13,2026-03-20 16:38:13,2026-03-20 16:38:13,2026-03-20 16:38:13
6004,2021-11-12,14.0,午餐,旧账导入-2021,支出,食品饮料,食品饮料,0,,,13,2026-03-20 16:38:13,2026-03-20 16:38:13,2026-03-20 16:38:13
6003,2021-11-11,300.0,攀岩名次津贴,旧账导入-2021,收入,其他,其他,0,,,13,2026-03-20 16:38:13,2026-03-20 16:38:13,2026-03-20 16:38:13
6002,2021-11-11,366.1,衣帽服饰,旧账导入-2021,支出,服饰,服饰,0,,,13,2026-03-20 16:38:13,2026-03-20 16:38:13,2026-03-20 16:38:13
6001,2021-11-11,23.0,悦姐姐,旧账导入-2021,支出,亲友转账,亲友转账,0,,,13,2026-03-20 16:38:13,2026-03-20 16:38:13,2026-03-20 16:38:13
6000,2021-11-11,12.0,晚餐,旧账导入-2021,支出,食品饮料,食品饮料,0,,,13,2026-03-20 16:38:13,2026-03-20 16:38:13,2026-03-20 16:38:13
5999,2021-11-11,12.0,午餐,旧账导入-2021,支出,食品饮料,食品饮料,0,,,13,2026-03-20 16:38:13,2026-03-20 16:38:13,2026-03-20 16:38:13
5998,2021-11-10,12.0,晚餐,旧账导入-2021,支出,食品饮料,食品饮料,0,,,13,2026-03-20 16:38:13,2026-03-20 16:38:13,2026-03-20 16:38:13
5997,2021-11-10,14.0,午餐,旧账导入-2021,支出,食品饮料,食品饮料,0,,,13,2026-03-20 16:38:13,2026-03-20 16:38:13,2026-03-20 16:38:13
5996,2021-11-09,33.0,交通出行,旧账导入-2021,支出,交通,交通,0,,,13,2026-03-20 16:38:13,2026-03-20 16:38:13,2026-03-20 16:38:13
5995,2021-11-09,163.0,晚餐,旧账导入-2021,支出,食品饮料,食品饮料,0,,,13,2026-03-20 16:38:13,2026-03-20 16:38:13,2026-03-20 16:38:13
5994,2021-11-09,14.0,午餐,旧账导入-2021,支出,食品饮料,食品饮料,0,,,13,2026-03-20 16:38:13,2026-03-20 16:38:13,2026-03-20 16:38:13
5993,2021-11-08,600.0,妈,旧账导入-2021,收入,亲友转账,亲友转账,0,,,13,2026-03-20 16:38:13,2026-03-20 16:38:13,2026-03-20 16:38:13
5992,2021-11-08,15.0,衣帽服饰,旧账导入-2021,支出,服饰,服饰,0,,,13,2026-03-20 16:38:13,2026-03-20 16:38:13,2026-03-20 16:38:13
5991,2021-11-08,231.0,悦姐姐,旧账导入-2021,支出,亲友转账,亲友转账,0,,,13,2026-03-20 16:38:13,2026-03-20 16:38:13,2026-03-20 16:38:13
5990,2021-11-08,14.0,晚餐,旧账导入-2021,支出,食品饮料,食品饮料,0,,,13,2026-03-20 16:38:13,2026-03-20 16:38:13,2026-03-20 16:38:13
5989,2021-11-07,15.0,生活支出,旧账导入-2021,支出,生活支出,生活支出,0,,,13,2026-03-20 16:38:13,2026-03-20 16:38:13,2026-03-20 16:38:13
5988,2021-11-07,121.0,住宿支出,旧账导入-2021,支出,住宿,住宿,0,,,13,2026-03-20 16:38:13,2026-03-20 16:38:13,2026-03-20 16:38:13
5987,2021-11-07,-100.0,悦姐姐,旧账导入-2021,支出,亲友转账,亲友转账,0,,,13,2026-03-20 16:38:13,2026-03-20 16:38:13,2026-03-20 16:38:13
5986,2021-11-07,46.0,交通出行,旧账导入-2021,支出,交通,交通,0,,,13,2026-03-20 16:38:13,2026-03-20 16:38:13,2026-03-20 16:38:13
5985,2021-11-07,56.0,晚餐,旧账导入-2021,支出,食品饮料,食品饮料,0,,,13,2026-03-20 16:38:13,2026-03-20 16:38:13,2026-03-20 16:38:13
5984,2021-11-07,34.0,午餐,旧账导入-2021,支出,食品饮料,食品饮料,0,,,13,2026-03-20 16:38:13,2026-03-20 16:38:13,2026-03-20 16:38:13
5983,2021-11-06,102.0,锦江之星,旧账导入-2021,支出,住宿,住宿,0,,,13,2026-03-20 16:38:13,2026-03-20 16:38:13,2026-03-20 16:38:13
5982,2021-11-06,99.0,opus酒吧,旧账导入-2021,支出,娱乐/运动,娱乐/运动,0,,,13,2026-03-20 16:38:13,2026-03-20 16:38:13,2026-03-20 16:38:13
5981,2021-11-06,30.0,悦姐姐,旧账导入-2021,支出,亲友转账,亲友转账,0,,,13,2026-03-20 16:38:13,2026-03-20 16:38:13,2026-03-20 16:38:13
5980,2021-11-06,30.0,交通出行,旧账导入-2021,支出,交通,交通,0,,,13,2026-03-20 16:38:13,2026-03-20 16:38:13,2026-03-20 16:38:13
5979,2021-11-06,9.0,午餐,旧账导入-2021,支出,食品饮料,食品饮料,0,,,13,2026-03-20 16:38:13,2026-03-20 16:38:13,2026-03-20 16:38:13
5978,2021-11-06,9.0,早餐,旧账导入-2021,支出,食品饮料,食品饮料,0,,,13,2026-03-20 16:38:13,2026-03-20 16:38:13,2026-03-20 16:38:13
5977,2021-11-05,9.0,晚餐,旧账导入-2021,支出,食品饮料,食品饮料,0,,,13,2026-03-20 16:38:13,2026-03-20 16:38:13,2026-03-20 16:38:13
5976,2021-11-05,18.0,午餐,旧账导入-2021,支出,食品饮料,食品饮料,0,,,13,2026-03-20 16:38:13,2026-03-20 16:38:13,2026-03-20 16:38:13
5975,2021-11-04,13.0,晚餐,旧账导入-2021,支出,食品饮料,食品饮料,0,,,13,2026-03-20 16:38:13,2026-03-20 16:38:13,2026-03-20 16:38:13
5974,2021-11-04,20.0,午餐,旧账导入-2021,支出,食品饮料,食品饮料,0,,,13,2026-03-20 16:38:13,2026-03-20 16:38:13,2026-03-20 16:38:13
5973,2021-11-03,50.0,话费,旧账导入-2021,支出,生活支出,生活支出,0,,,13,2026-03-20 16:38:13,2026-03-20 16:38:13,2026-03-20 16:38:13
5972,2021-11-03,17.0,晚餐,旧账导入-2021,支出,食品饮料,食品饮料,0,,,13,2026-03-20 16:38:13,2026-03-20 16:38:13,2026-03-20 16:38:13
5971,2021-11-03,9.0,午餐,旧账导入-2021,支出,食品饮料,食品饮料,0,,,13,2026-03-20 16:38:13,2026-03-20 16:38:13,2026-03-20 16:38:13
5970,2021-11-03,10.0,早餐,旧账导入-2021,支出,食品饮料,食品饮料,0,,,13,2026-03-20 16:38:13,2026-03-20 16:38:13,2026-03-20 16:38:13
5969,2021-11-02,13.7,生活支出,旧账导入-2021,支出,生活支出,生活支出,0,,,13,2026-03-20 16:38:13,2026-03-20 16:38:13,2026-03-20 16:38:13
5968,2021-11-02,26.7,休闲娱乐,旧账导入-2021,支出,娱乐/运动,娱乐/运动,0,,,13,2026-03-20 16:38:13,2026-03-20 16:38:13,2026-03-20 16:38:13
5967,2021-11-02,25.0,餐饮,旧账导入-2021,支出,食品饮料,食品饮料,0,,,13,2026-03-20 16:38:13,2026-03-20 16:38:13,2026-03-20 16:38:13
5966,2021-11-02,13.0,晚餐,旧账导入-2021,支出,食品饮料,食品饮料,0,,,13,2026-03-20 16:38:13,2026-03-20 16:38:13,2026-03-20 16:38:13
5965,2021-11-02,11.0,午餐,旧账导入-2021,支出,食品饮料,食品饮料,0,,,13,2026-03-20 16:38:13,2026-03-20 16:38:13,2026-03-20 16:38:13
5964,2021-11-01,-1400.0,借款损失,旧账导入-2021,收入,其他,其他,0,,,13,2026-03-20 16:38:13,2026-03-20 16:38:13,2026-03-20 16:38:13
5963,2021-11-01,2400.0,妈,旧账导入-2021,收入,亲友转账,亲友转账,0,,,13,2026-03-20 16:38:13,2026-03-20 16:38:13,2026-03-20 16:38:13
5962,2021-11-01,10.0,晚餐,旧账导入-2021,支出,食品饮料,食品饮料,0,,,13,2026-03-20 16:38:13,2026-03-20 16:38:13,2026-03-20 16:38:13
5961,2021-11-01,14.0,午餐,旧账导入-2021,支出,食品饮料,食品饮料,0,,,13,2026-03-20 16:38:13,2026-03-20 16:38:13,2026-03-20 16:38:13
5960,2021-10-31,600.0,爸,旧账导入-2021,收入,亲友转账,亲友转账,0,,,13,2026-03-20 16:38:13,2026-03-20 16:38:13,2026-03-20 16:38:13
5959,2021-10-31,104.0,住宿支出,旧账导入-2021,支出,住宿,住宿,0,,,13,2026-03-20 16:38:13,2026-03-20 16:38:13,2026-03-20 16:38:13
5958,2021-10-31,45.0,休闲娱乐,旧账导入-2021,支出,娱乐/运动,娱乐/运动,0,,,13,2026-03-20 16:38:13,2026-03-20 16:38:13,2026-03-20 16:38:13
5957,2021-10-31,21.0,APP付费,旧账导入-2021,支出,虚拟充值/通讯,虚拟充值/通讯,0,,,13,2026-03-20 16:38:13,2026-03-20 16:38:13,2026-03-20 16:38:13
5956,2021-10-31,40.0,悦姐姐,旧账导入-2021,支出,亲友转账,亲友转账,0,,,13,2026-03-20 16:38:13,2026-03-20 16:38:13,2026-03-20 16:38:13
5955,2021-10-31,3.5,交通出行,旧账导入-2021,支出,交通,交通,0,,,13,2026-03-20 16:38:13,2026-03-20 16:38:13,2026-03-20 16:38:13
5954,2021-10-31,112.9,奥运酒家,旧账导入-2021,支出,食品饮料,食品饮料,0,,,13,2026-03-20 16:38:13,2026-03-20 16:38:13,2026-03-20 16:38:13
5953,2021-10-31,9.0,午餐,旧账导入-2021,支出,食品饮料,食品饮料,0,,,13,2026-03-20 16:38:13,2026-03-20 16:38:13,2026-03-20 16:38:13
5952,2021-10-31,14.0,早餐,旧账导入-2021,支出,食品饮料,食品饮料,0,,,13,2026-03-20 16:38:13,2026-03-20 16:38:13,2026-03-20 16:38:13
5951,2021-10-30,120.0,卡丁车,旧账导入-2021,收入,其他,其他,0,,,13,2026-03-20 16:38:13,2026-03-20 16:38:13,2026-03-20 16:38:13
5950,2021-10-30,139.0,住宿支出,旧账导入-2021,支出,住宿,住宿,0,,,13,2026-03-20 16:38:13,2026-03-20 16:38:13,2026-03-20 16:38:13
5949,2021-10-30,24.0,悦姐姐,旧账导入-2021,支出,亲友转账,亲友转账,0,,,13,2026-03-20 16:38:13,2026-03-20 16:38:13,2026-03-20 16:38:13
5948,2021-10-30,6.0,交通出行,旧账导入-2021,支出,交通,交通,0,,,13,2026-03-20 16:38:13,2026-03-20 16:38:13,2026-03-20 16:38:13
5947,2021-10-30,96.0,晚餐,旧账导入-2021,支出,食品饮料,食品饮料,0,,,13,2026-03-20 16:38:13,2026-03-20 16:38:13,2026-03-20 16:38:13
5946,2021-10-30,24.0,午餐,旧账导入-2021,支出,食品饮料,食品饮料,0,,,13,2026-03-20 16:38:13,2026-03-20 16:38:13,2026-03-20 16:38:13
5945,2021-10-29,6.0,购物,旧账导入-2021,支出,生活支出,生活支出,0,,,13,2026-03-20 16:38:13,2026-03-20 16:38:13,2026-03-20 16:38:13
5944,2021-10-29,105.0,住宿支出,旧账导入-2021,支出,住宿,住宿,0,,,13,2026-03-20 16:38:13,2026-03-20 16:38:13,2026-03-20 16:38:13
5943,2021-10-29,19.5,餐饮,旧账导入-2021,支出,食品饮料,食品饮料,0,,,13,2026-03-20 16:38:13,2026-03-20 16:38:13,2026-03-20 16:38:13
5942,2021-10-29,17.7,晚餐,旧账导入-2021,支出,食品饮料,食品饮料,0,,,13,2026-03-20 16:38:13,2026-03-20 16:38:13,2026-03-20 16:38:13
5941,2021-10-29,14.0,午餐,旧账导入-2021,支出,食品饮料,食品饮料,0,,,13,2026-03-20 16:38:13,2026-03-20 16:38:13,2026-03-20 16:38:13
5940,2021-10-28,120.0,卡丁车,旧账导入-2021,收入,其他,其他,0,,,13,2026-03-20 16:38:13,2026-03-20 16:38:13,2026-03-20 16:38:13
5939,2021-10-28,26.0,医疗健康,旧账导入-2021,支出,生活支出,生活支出,0,,,13,2026-03-20 16:38:13,2026-03-20 16:38:13,2026-03-20 16:38:13
5938,2021-10-28,5.0,购物,旧账导入-2021,支出,生活支出,生活支出,0,,,13,2026-03-20 16:38:13,2026-03-20 16:38:13,2026-03-20 16:38:13
5937,2021-10-28,30.12,休闲娱乐,旧账导入-2021,支出,娱乐/运动,娱乐/运动,0,,,13,2026-03-20 16:38:13,2026-03-20 16:38:13,2026-03-20 16:38:13
5936,2021-10-28,12.0,APP付费,旧账导入-2021,支出,虚拟充值/通讯,虚拟充值/通讯,0,,,13,2026-03-20 16:38:13,2026-03-20 16:38:13,2026-03-20 16:38:13
5935,2021-10-28,90.8,悦姐姐,旧账导入-2021,支出,亲友转账,亲友转账,0,,,13,2026-03-20 16:38:13,2026-03-20 16:38:13,2026-03-20 16:38:13
5934,2021-10-28,13.0,晚餐,旧账导入-2021,支出,食品饮料,食品饮料,0,,,13,2026-03-20 16:38:13,2026-03-20 16:38:13,2026-03-20 16:38:13
5933,2021-10-28,11.0,午餐,旧账导入-2021,支出,食品饮料,食品饮料,0,,,13,2026-03-20 16:38:13,2026-03-20 16:38:13,2026-03-20 16:38:13
5932,2021-10-27,36.0,晚餐,旧账导入-2021,支出,食品饮料,食品饮料,0,,,13,2026-03-20 16:38:13,2026-03-20 16:38:13,2026-03-20 16:38:13
5931,2021-10-27,15.0,午餐,旧账导入-2021,支出,食品饮料,食品饮料,0,,,13,2026-03-20 16:38:13,2026-03-20 16:38:13,2026-03-20 16:38:13
5930,2021-10-26,320.0,医保,旧账导入-2021,支出,生活支出,生活支出,0,,,13,2026-03-20 16:38:13,2026-03-20 16:38:13,2026-03-20 16:38:13
5929,2021-10-26,5.0,交通出行,旧账导入-2021,支出,交通,交通,0,,,13,2026-03-20 16:38:13,2026-03-20 16:38:13,2026-03-20 16:38:13
5928,2021-10-26,16.0,午餐,旧账导入-2021,支出,食品饮料,食品饮料,0,,,13,2026-03-20 16:38:13,2026-03-20 16:38:13,2026-03-20 16:38:13
5927,2021-10-25,10.2,晚餐,旧账导入-2021,支出,食品饮料,食品饮料,0,,,13,2026-03-20 16:38:13,2026-03-20 16:38:13,2026-03-20 16:38:13
5926,2021-10-25,14.0,午餐,旧账导入-2021,支出,食品饮料,食品饮料,0,,,13,2026-03-20 16:38:13,2026-03-20 16:38:13,2026-03-20 16:38:13
5925,2021-10-24,9.0,生活支出,旧账导入-2021,支出,生活支出,生活支出,0,,,13,2026-03-20 16:38:13,2026-03-20 16:38:13,2026-03-20 16:38:13
5924,2021-10-24,62.0,悦姐姐,旧账导入-2021,支出,亲友转账,亲友转账,0,,,13,2026-03-20 16:38:13,2026-03-20 16:38:13,2026-03-20 16:38:13
5923,2021-10-24,11.5,晚餐,旧账导入-2021,支出,食品饮料,食品饮料,0,,,13,2026-03-20 16:38:13,2026-03-20 16:38:13,2026-03-20 16:38:13
5922,2021-10-22,2000.0,妈,旧账导入-2021,收入,亲友转账,亲友转账,0,,,13,2026-03-20 16:38:13,2026-03-20 16:38:13,2026-03-20 16:38:13
5921,2021-10-22,50.0,悦姐姐,旧账导入-2021,支出,亲友转账,亲友转账,0,,,13,2026-03-20 16:38:13,2026-03-20 16:38:13,2026-03-20 16:38:13
5920,2021-10-22,13.0,早餐,旧账导入-2021,支出,食品饮料,食品饮料,0,,,13,2026-03-20 16:38:13,2026-03-20 16:38:13,2026-03-20 16:38:13
5919,2021-10-21,82.0,住宿支出,旧账导入-2021,支出,住宿,住宿,0,,,13,2026-03-20 16:38:13,2026-03-20 16:38:13,2026-03-20 16:38:13
5918,2021-10-21,48.0,午餐,旧账导入-2021,支出,食品饮料,食品饮料,0,,,13,2026-03-20 16:38:13,2026-03-20 16:38:13,2026-03-20 16:38:13
5917,2021-10-21,17.0,早餐,旧账导入-2021,支出,食品饮料,食品饮料,0,,,13,2026-03-20 16:38:13,2026-03-20 16:38:13,2026-03-20 16:38:13
5916,2021-10-20,88.0,住宿支出,旧账导入-2021,支出,住宿,住宿,0,,,13,2026-03-20 16:38:13,2026-03-20 16:38:13,2026-03-20 16:38:13
5915,2021-10-20,-300.0,悦姐姐,旧账导入-2021,支出,亲友转账,亲友转账,0,,,13,2026-03-20 16:38:13,2026-03-20 16:38:13,2026-03-20 16:38:13
5914,2021-10-20,44.0,交通出行,旧账导入-2021,支出,交通,交通,0,,,13,2026-03-20 16:38:13,2026-03-20 16:38:13,2026-03-20 16:38:13
5913,2021-10-20,84.0,晚餐,旧账导入-2021,支出,食品饮料,食品饮料,0,,,13,2026-03-20 16:38:13,2026-03-20 16:38:13,2026-03-20 16:38:13
5912,2021-10-20,30.0,午餐,旧账导入-2021,支出,食品饮料,食品饮料,0,,,13,2026-03-20 16:38:13,2026-03-20 16:38:13,2026-03-20 16:38:13
5911,2021-10-20,26.0,早餐,旧账导入-2021,支出,食品饮料,食品饮料,0,,,13,2026-03-20 16:38:13,2026-03-20 16:38:13,2026-03-20 16:38:13
5910,2021-10-19,30.0,生活支出,旧账导入-2021,支出,生活支出,生活支出,0,,,13,2026-03-20 16:38:13,2026-03-20 16:38:13,2026-03-20 16:38:13
5909,2021-10-19,90.0,住宿支出,旧账导入-2021,支出,住宿,住宿,0,,,13,2026-03-20 16:38:13,2026-03-20 16:38:13,2026-03-20 16:38:13
5908,2021-10-19,25.8,交通出行,旧账导入-2021,支出,交通,交通,0,,,13,2026-03-20 16:38:13,2026-03-20 16:38:13,2026-03-20 16:38:13
5907,2021-10-19,19.0,晚餐,旧账导入-2021,支出,食品饮料,食品饮料,0,,,13,2026-03-20 16:38:13,2026-03-20 16:38:13,2026-03-20 16:38:13
5906,2021-10-19,15.8,午餐,旧账导入-2021,支出,食品饮料,食品饮料,0,,,13,2026-03-20 16:38:13,2026-03-20 16:38:13,2026-03-20 16:38:13
5905,2021-10-18,17.7,生活支出,旧账导入-2021,支出,生活支出,生活支出,0,,,13,2026-03-20 16:38:13,2026-03-20 16:38:13,2026-03-20 16:38:13
5904,2021-10-18,13.0,晚餐,旧账导入-2021,支出,食品饮料,食品饮料,0,,,13,2026-03-20 16:38:13,2026-03-20 16:38:13,2026-03-20 16:38:13
5903,2021-10-18,8.0,午餐,旧账导入-2021,支出,食品饮料,食品饮料,0,,,13,2026-03-20 16:38:13,2026-03-20 16:38:13,2026-03-20 16:38:13
5902,2021-10-17,21.0,交通出行,旧账导入-2021,支出,交通,交通,0,,,13,2026-03-20 16:38:13,2026-03-20 16:38:13,2026-03-20 16:38:13
5901,2021-10-17,12.0,餐饮,旧账导入-2021,支出,食品饮料,食品饮料,0,,,13,2026-03-20 16:38:13,2026-03-20 16:38:13,2026-03-20 16:38:13
5900,2021-10-17,16.0,晚餐,旧账导入-2021,支出,食品饮料,食品饮料,0,,,13,2026-03-20 16:38:13,2026-03-20 16:38:13,2026-03-20 16:38:13
5899,2021-10-17,12.0,午餐,旧账导入-2021,支出,食品饮料,食品饮料,0,,,13,2026-03-20 16:38:13,2026-03-20 16:38:13,2026-03-20 16:38:13
5898,2021-10-16,-200.0,悦姐姐,旧账导入-2021,支出,亲友转账,亲友转账,0,,,13,2026-03-20 16:38:13,2026-03-20 16:38:13,2026-03-20 16:38:13
5897,2021-10-16,12.0,午餐,旧账导入-2021,支出,食品饮料,食品饮料,0,,,13,2026-03-20 16:38:13,2026-03-20 16:38:13,2026-03-20 16:38:13
5896,2021-10-15,600.0,银证转出,旧账导入-2021,收入,其他,其他,0,,,13,2026-03-20 16:38:13,2026-03-20 16:38:13,2026-03-20 16:38:13
5895,2021-10-15,500.0,医院,旧账导入-2021,支出,生活支出,生活支出,0,,,13,2026-03-20 16:38:13,2026-03-20 16:38:13,2026-03-20 16:38:13
5894,2021-10-15,13.0,交通出行,旧账导入-2021,支出,交通,交通,0,,,13,2026-03-20 16:38:13,2026-03-20 16:38:13,2026-03-20 16:38:13
5893,2021-10-15,12.0,晚餐,旧账导入-2021,支出,食品饮料,食品饮料,0,,,13,2026-03-20 16:38:13,2026-03-20 16:38:13,2026-03-20 16:38:13
5892,2021-10-15,12.0,午餐,旧账导入-2021,支出,食品饮料,食品饮料,0,,,13,2026-03-20 16:38:13,2026-03-20 16:38:13,2026-03-20 16:38:13
5891,2021-10-14,40.8,衣帽服饰,旧账导入-2021,支出,服饰,服饰,0,,,13,2026-03-20 16:38:13,2026-03-20 16:38:13,2026-03-20 16:38:13
5890,2021-10-14,30.0,干洗,旧账导入-2021,支出,生活支出,生活支出,0,,,13,2026-03-20 16:38:13,2026-03-20 16:38:13,2026-03-20 16:38:13
5889,2021-10-14,127.4,悦姐姐,旧账导入-2021,支出,亲友转账,亲友转账,0,,,13,2026-03-20 16:38:13,2026-03-20 16:38:13,2026-03-20 16:38:13
5888,2021-10-14,13.0,晚餐,旧账导入-2021,支出,食品饮料,食品饮料,0,,,13,2026-03-20 16:38:13,2026-03-20 16:38:13,2026-03-20 16:38:13
5887,2021-10-13,86.0,住宿支出,旧账导入-2021,支出,住宿,住宿,0,,,13,2026-03-20 16:38:13,2026-03-20 16:38:13,2026-03-20 16:38:13
5886,2021-10-13,16.0,晚餐,旧账导入-2021,支出,食品饮料,食品饮料,0,,,13,2026-03-20 16:38:13,2026-03-20 16:38:13,2026-03-20 16:38:13
5885,2021-10-13,13.0,午餐,旧账导入-2021,支出,食品饮料,食品饮料,0,,,13,2026-03-20 16:38:13,2026-03-20 16:38:13,2026-03-20 16:38:13
5884,2021-10-13,8.0,早餐,旧账导入-2021,支出,食品饮料,食品饮料,0,,,13,2026-03-20 16:38:13,2026-03-20 16:38:13,2026-03-20 16:38:13
5883,2021-10-12,1000.0,银证转出,旧账导入-2021,收入,其他,其他,0,,,13,2026-03-20 16:38:13,2026-03-20 16:38:13,2026-03-20 16:38:13
5882,2021-10-12,500.0,医院,旧账导入-2021,支出,生活支出,生活支出,0,,,13,2026-03-20 16:38:13,2026-03-20 16:38:13,2026-03-20 16:38:13
5881,2021-10-12,100.0,悦姐姐,旧账导入-2021,支出,亲友转账,亲友转账,0,,,13,2026-03-20 16:38:13,2026-03-20 16:38:13,2026-03-20 16:38:13
5880,2021-10-12,2.0,交通出行,旧账导入-2021,支出,交通,交通,0,,,13,2026-03-20 16:38:13,2026-03-20 16:38:13,2026-03-20 16:38:13
5879,2021-10-12,40.0,晚餐,旧账导入-2021,支出,食品饮料,食品饮料,0,,,13,2026-03-20 16:38:13,2026-03-20 16:38:13,2026-03-20 16:38:13
5878,2021-10-12,19.8,午餐,旧账导入-2021,支出,食品饮料,食品饮料,0,,,13,2026-03-20 16:38:13,2026-03-20 16:38:13,2026-03-20 16:38:13
5877,2021-10-11,96.0,住宿支出,旧账导入-2021,支出,住宿,住宿,0,,,13,2026-03-20 16:38:13,2026-03-20 16:38:13,2026-03-20 16:38:13
5876,2021-10-11,-60.0,悦姐姐,旧账导入-2021,支出,亲友转账,亲友转账,0,,,13,2026-03-20 16:38:13,2026-03-20 16:38:13,2026-03-20 16:38:13
5875,2021-10-11,21.0,交通出行,旧账导入-2021,支出,交通,交通,0,,,13,2026-03-20 16:38:13,2026-03-20 16:38:13,2026-03-20 16:38:13
5874,2021-10-11,12.0,午餐,旧账导入-2021,支出,食品饮料,食品饮料,0,,,13,2026-03-20 16:38:13,2026-03-20 16:38:13,2026-03-20 16:38:13
5873,2021-10-10,300.0,爸妈打钱,旧账导入-2021,收入,亲友转账,亲友转账,0,,,13,2026-03-20 16:38:13,2026-03-20 16:38:13,2026-03-20 16:38:13
5872,2021-10-10,100.0,悦姐姐,旧账导入-2021,支出,亲友转账,亲友转账,0,,,13,2026-03-20 16:38:13,2026-03-20 16:38:13,2026-03-20 16:38:13
5871,2021-10-10,15.0,交通出行,旧账导入-2021,支出,交通,交通,0,,,13,2026-03-20 16:38:13,2026-03-20 16:38:13,2026-03-20 16:38:13
5870,2021-10-10,9.5,早餐,旧账导入-2021,支出,食品饮料,食品饮料,0,,,13,2026-03-20 16:38:13,2026-03-20 16:38:13,2026-03-20 16:38:13
5869,2021-10-09,12.0,生活支出,旧账导入-2021,支出,生活支出,生活支出,0,,,13,2026-03-20 16:38:13,2026-03-20 16:38:13,2026-03-20 16:38:13
5868,2021-10-09,9.5,晚餐,旧账导入-2021,支出,食品饮料,食品饮料,0,,,13,2026-03-20 16:38:13,2026-03-20 16:38:13,2026-03-20 16:38:13
5867,2021-10-09,11.0,午餐,旧账导入-2021,支出,食品饮料,食品饮料,0,,,13,2026-03-20 16:38:13,2026-03-20 16:38:13,2026-03-20 16:38:13
5866,2021-10-08,50.0,悦姐姐,旧账导入-2021,支出,亲友转账,亲友转账,0,,,13,2026-03-20 16:38:13,2026-03-20 16:38:13,2026-03-20 16:38:13
5865,2021-10-08,25.0,交通出行,旧账导入-2021,支出,交通,交通,0,,,13,2026-03-20 16:38:13,2026-03-20 16:38:13,2026-03-20 16:38:13
5864,2021-10-08,15.0,晚餐,旧账导入-2021,支出,食品饮料,食品饮料,0,,,13,2026-03-20 16:38:13,2026-03-20 16:38:13,2026-03-20 16:38:13
5863,2021-10-08,11.0,午餐,旧账导入-2021,支出,食品饮料,食品饮料,0,,,13,2026-03-20 16:38:13,2026-03-20 16:38:13,2026-03-20 16:38:13
5862,2021-10-07,60.0,龙舟队视频奖励,旧账导入-2021,收入,其他,其他,0,,,13,2026-03-20 16:38:13,2026-03-20 16:38:13,2026-03-20 16:38:13
5861,2021-10-07,105.0,住宿支出,旧账导入-2021,支出,住宿,住宿,0,,,13,2026-03-20 16:38:13,2026-03-20 16:38:13,2026-03-20 16:38:13
5860,2021-10-07,21.0,交通出行,旧账导入-2021,支出,交通,交通,0,,,13,2026-03-20 16:38:13,2026-03-20 16:38:13,2026-03-20 16:38:13
5859,2021-10-07,19.8,餐饮,旧账导入-2021,支出,食品饮料,食品饮料,0,,,13,2026-03-20 16:38:13,2026-03-20 16:38:13,2026-03-20 16:38:13
5858,2021-10-07,66.8,午餐,旧账导入-2021,支出,食品饮料,食品饮料,0,,,13,2026-03-20 16:38:13,2026-03-20 16:38:13,2026-03-20 16:38:13
5857,2021-10-06,105.0,住宿支出,旧账导入-2021,支出,住宿,住宿,0,,,13,2026-03-20 16:38:13,2026-03-20 16:38:13,2026-03-20 16:38:13
5856,2021-10-06,40.0,交通出行,旧账导入-2021,支出,交通,交通,0,,,13,2026-03-20 16:38:13,2026-03-20 16:38:13,2026-03-20 16:38:13
5855,2021-10-06,56.0,晚餐,旧账导入-2021,支出,食品饮料,食品饮料,0,,,13,2026-03-20 16:38:13,2026-03-20 16:38:13,2026-03-20 16:38:13
5854,2021-10-06,36.0,早餐,旧账导入-2021,支出,食品饮料,食品饮料,0,,,13,2026-03-20 16:38:13,2026-03-20 16:38:13,2026-03-20 16:38:13
5853,2021-10-05,105.0,住宿支出,旧账导入-2021,支出,住宿,住宿,0,,,13,2026-03-20 16:38:13,2026-03-20 16:38:13,2026-03-20 16:38:13
5852,2021-10-05,44.0,悦姐姐,旧账导入-2021,支出,亲友转账,亲友转账,0,,,13,2026-03-20 16:38:13,2026-03-20 16:38:13,2026-03-20 16:38:13
5851,2021-10-05,20.0,交通出行,旧账导入-2021,支出,交通,交通,0,,,13,2026-03-20 16:38:13,2026-03-20 16:38:13,2026-03-20 16:38:13
5850,2021-10-05,30.0,晚餐,旧账导入-2021,支出,食品饮料,食品饮料,0,,,13,2026-03-20 16:38:13,2026-03-20 16:38:13,2026-03-20 16:38:13
5849,2021-10-05,30.0,午餐,旧账导入-2021,支出,食品饮料,食品饮料,0,,,13,2026-03-20 16:38:13,2026-03-20 16:38:13,2026-03-20 16:38:13
5848,2021-10-04,105.0,住宿支出,旧账导入-2021,支出,住宿,住宿,0,,,13,2026-03-20 16:38:13,2026-03-20 16:38:13,2026-03-20 16:38:13
5847,2021-10-04,10.0,晚餐,旧账导入-2021,支出,食品饮料,食品饮料,0,,,13,2026-03-20 16:38:13,2026-03-20 16:38:13,2026-03-20 16:38:13
5846,2021-10-04,30.0,午餐,旧账导入-2021,支出,食品饮料,食品饮料,0,,,13,2026-03-20 16:38:13,2026-03-20 16:38:13,2026-03-20 16:38:13
5845,2021-10-03,1000.0,爸,旧账导入-2021,收入,亲友转账,亲友转账,0,,,13,2026-03-20 16:38:13,2026-03-20 16:38:13,2026-03-20 16:38:13
5844,2021-10-03,2300.0,医院,旧账导入-2021,支出,生活支出,生活支出,0,,,13,2026-03-20 16:38:13,2026-03-20 16:38:13,2026-03-20 16:38:13
5843,2021-10-03,600.0,换屏,旧账导入-2021,支出,生活支出,生活支出,0,,,13,2026-03-20 16:38:13,2026-03-20 16:38:13,2026-03-20 16:38:13
5842,2021-10-03,105.0,住宿支出,旧账导入-2021,支出,住宿,住宿,0,,,13,2026-03-20 16:38:13,2026-03-20 16:38:13,2026-03-20 16:38:13
5841,2021-10-03,31.0,交通出行,旧账导入-2021,支出,交通,交通,0,,,13,2026-03-20 16:38:13,2026-03-20 16:38:13,2026-03-20 16:38:13
5840,2021-10-03,144.0,晚餐,旧账导入-2021,支出,食品饮料,食品饮料,0,,,13,2026-03-20 16:38:13,2026-03-20 16:38:13,2026-03-20 16:38:13
5839,2021-10-03,180.0,午餐,旧账导入-2021,支出,食品饮料,食品饮料,0,,,13,2026-03-20 16:38:13,2026-03-20 16:38:13,2026-03-20 16:38:13
5838,2021-10-02,105.0,住宿支出,旧账导入-2021,支出,住宿,住宿,0,,,13,2026-03-20 16:38:13,2026-03-20 16:38:13,2026-03-20 16:38:13
5837,2021-10-02,40.0,剧本杀,旧账导入-2021,支出,娱乐/运动,娱乐/运动,0,,,13,2026-03-20 16:38:13,2026-03-20 16:38:13,2026-03-20 16:38:13
5836,2021-10-02,40.0,交通出行,旧账导入-2021,支出,交通,交通,0,,,13,2026-03-20 16:38:13,2026-03-20 16:38:13,2026-03-20 16:38:13
5835,2021-10-02,80.0,晚餐,旧账导入-2021,支出,食品饮料,食品饮料,0,,,13,2026-03-20 16:38:13,2026-03-20 16:38:13,2026-03-20 16:38:13
5834,2021-10-01,200.0,爸,旧账导入-2021,收入,亲友转账,亲友转账,0,,,13,2026-03-20 16:38:13,2026-03-20 16:38:13,2026-03-20 16:38:13
5833,2021-10-01,105.0,住宿支出,旧账导入-2021,支出,住宿,住宿,0,,,13,2026-03-20 16:38:13,2026-03-20 16:38:13,2026-03-20 16:38:13
5832,2021-10-01,60.0,攀岩,旧账导入-2021,支出,娱乐/运动,娱乐/运动,0,,,13,2026-03-20 16:38:13,2026-03-20 16:38:13,2026-03-20 16:38:13
5831,2021-10-01,25.0,交通出行,旧账导入-2021,支出,交通,交通,0,,,13,2026-03-20 16:38:13,2026-03-20 16:38:13,2026-03-20 16:38:13
5830,2021-10-01,190.0,火锅,旧账导入-2021,支出,食品饮料,食品饮料,0,,,13,2026-03-20 16:38:13,2026-03-20 16:38:13,2026-03-20 16:38:13
5829,2021-09-30,105.0,住宿支出,旧账导入-2021,支出,住宿,住宿,0,,,13,2026-03-20 16:38:13,2026-03-20 16:38:13,2026-03-20 16:38:13
5828,2021-09-30,500.0,卡丁车,旧账导入-2021,支出,娱乐/运动,娱乐/运动,0,,,13,2026-03-20 16:38:13,2026-03-20 16:38:13,2026-03-20 16:38:13
5827,2021-09-30,24.36,交通出行,旧账导入-2021,支出,交通,交通,0,,,13,2026-03-20 16:38:13,2026-03-20 16:38:13,2026-03-20 16:38:13
5826,2021-09-30,48.0,晚餐,旧账导入-2021,支出,食品饮料,食品饮料,0,,,13,2026-03-20 16:38:13,2026-03-20 16:38:13,2026-03-20 16:38:13
5825,2021-09-30,11.0,午餐,旧账导入-2021,支出,食品饮料,食品饮料,0,,,13,2026-03-20 16:38:13,2026-03-20 16:38:13,2026-03-20 16:38:13
5824,2021-09-29,1000.0,转出,旧账导入-2021,收入,其他,其他,0,,,13,2026-03-20 16:38:13,2026-03-20 16:38:13,2026-03-20 16:38:13
5823,2021-09-29,10.0,休闲娱乐,旧账导入-2021,支出,娱乐/运动,娱乐/运动,0,,,13,2026-03-20 16:38:13,2026-03-20 16:38:13,2026-03-20 16:38:13
5822,2021-09-29,-52.1,悦姐姐,旧账导入-2021,支出,亲友转账,亲友转账,0,,,13,2026-03-20 16:38:13,2026-03-20 16:38:13,2026-03-20 16:38:13
5821,2021-09-29,24.36,交通出行,旧账导入-2021,支出,交通,交通,0,,,13,2026-03-20 16:38:13,2026-03-20 16:38:13,2026-03-20 16:38:13
5820,2021-09-29,39.0,餐饮,旧账导入-2021,支出,食品饮料,食品饮料,0,,,13,2026-03-20 16:38:13,2026-03-20 16:38:13,2026-03-20 16:38:13
5819,2021-09-29,115.0,晚餐,旧账导入-2021,支出,食品饮料,食品饮料,0,,,13,2026-03-20 16:38:13,2026-03-20 16:38:13,2026-03-20 16:38:13
5818,2021-09-29,11.0,午餐,旧账导入-2021,支出,食品饮料,食品饮料,0,,,13,2026-03-20 16:38:13,2026-03-20 16:38:13,2026-03-20 16:38:13
5817,2021-09-28,4162.0,换手机,旧账导入-2021,支出,生活支出,生活支出,0,,,13,2026-03-20 16:38:13,2026-03-20 16:38:13,2026-03-20 16:38:13
5816,2021-09-28,226.0,住宿支出,旧账导入-2021,支出,住宿,住宿,0,,,13,2026-03-20 16:38:13,2026-03-20 16:38:13,2026-03-20 16:38:13
5815,2021-09-28,20.0,悦姐姐,旧账导入-2021,支出,亲友转账,亲友转账,0,,,13,2026-03-20 16:38:13,2026-03-20 16:38:13,2026-03-20 16:38:13
5814,2021-09-28,18.0,交通出行,旧账导入-2021,支出,交通,交通,0,,,13,2026-03-20 16:38:13,2026-03-20 16:38:13,2026-03-20 16:38:13
5813,2021-09-28,10.0,餐饮,旧账导入-2021,支出,食品饮料,食品饮料,0,,,13,2026-03-20 16:38:13,2026-03-20 16:38:13,2026-03-20 16:38:13
5812,2021-09-28,13.0,午餐,旧账导入-2021,支出,食品饮料,食品饮料,0,,,13,2026-03-20 16:38:13,2026-03-20 16:38:13,2026-03-20 16:38:13
5811,2021-09-27,89.0,住宿支出,旧账导入-2021,支出,住宿,住宿,0,,,13,2026-03-20 16:38:13,2026-03-20 16:38:13,2026-03-20 16:38:13
5810,2021-09-27,25.9,餐饮,旧账导入-2021,支出,食品饮料,食品饮料,0,,,13,2026-03-20 16:38:13,2026-03-20 16:38:13,2026-03-20 16:38:13
5809,2021-09-27,13.0,晚餐,旧账导入-2021,支出,食品饮料,食品饮料,0,,,13,2026-03-20 16:38:13,2026-03-20 16:38:13,2026-03-20 16:38:13
5808,2021-09-27,11.0,午餐,旧账导入-2021,支出,食品饮料,食品饮料,0,,,13,2026-03-20 16:38:13,2026-03-20 16:38:13,2026-03-20 16:38:13
5807,2021-09-26,500.0,医院,旧账导入-2021,支出,生活支出,生活支出,0,,,13,2026-03-20 16:38:13,2026-03-20 16:38:13,2026-03-20 16:38:13
5806,2021-09-26,10.8,晚餐,旧账导入-2021,支出,食品饮料,食品饮料,0,,,13,2026-03-20 16:38:13,2026-03-20 16:38:13,2026-03-20 16:38:13
5805,2021-09-26,8.0,午餐,旧账导入-2021,支出,食品饮料,食品饮料,0,,,13,2026-03-20 16:38:13,2026-03-20 16:38:13,2026-03-20 16:38:13
5804,2021-09-25,2000.0,妈,旧账导入-2021,收入,亲友转账,亲友转账,0,,,13,2026-03-20 16:38:13,2026-03-20 16:38:13,2026-03-20 16:38:13
5803,2021-09-25,74.0,刮痧等,旧账导入-2021,支出,生活支出,生活支出,0,,,13,2026-03-20 16:38:13,2026-03-20 16:38:13,2026-03-20 16:38:13
5802,2021-09-25,20.0,交通出行,旧账导入-2021,支出,交通,交通,0,,,13,2026-03-20 16:38:13,2026-03-20 16:38:13,2026-03-20 16:38:13
5801,2021-09-25,14.5,餐饮,旧账导入-2021,支出,食品饮料,食品饮料,0,,,13,2026-03-20 16:38:13,2026-03-20 16:38:13,2026-03-20 16:38:13
5800,2021-09-25,23.5,晚餐,旧账导入-2021,支出,食品饮料,食品饮料,0,,,13,2026-03-20 16:38:13,2026-03-20 16:38:13,2026-03-20 16:38:13
5799,2021-09-25,139.0,赖胖子肉蟹煲,旧账导入-2021,支出,食品饮料,食品饮料,0,,,13,2026-03-20 16:38:13,2026-03-20 16:38:13,2026-03-20 16:38:13
5798,2021-09-24,2000.0,爸,旧账导入-2021,收入,亲友转账,亲友转账,0,,,13,2026-03-20 16:38:13,2026-03-20 16:38:13,2026-03-20 16:38:13
5797,2021-09-24,96.0,住宿支出,旧账导入-2021,支出,住宿,住宿,0,,,13,2026-03-20 16:38:13,2026-03-20 16:38:13,2026-03-20 16:38:13
5796,2021-09-24,38.0,晚餐,旧账导入-2021,支出,食品饮料,食品饮料,0,,,13,2026-03-20 16:38:13,2026-03-20 16:38:13,2026-03-20 16:38:13
5795,2021-09-24,13.0,午餐,旧账导入-2021,支出,食品饮料,食品饮料,0,,,13,2026-03-20 16:38:13,2026-03-20 16:38:13,2026-03-20 16:38:13
5794,2021-09-23,-52.1,悦姐姐,旧账导入-2021,支出,亲友转账,亲友转账,0,,,13,2026-03-20 16:38:13,2026-03-20 16:38:13,2026-03-20 16:38:13
5793,2021-09-23,69.1,餐饮,旧账导入-2021,支出,食品饮料,食品饮料,0,,,13,2026-03-20 16:38:13,2026-03-20 16:38:13,2026-03-20 16:38:13
5792,2021-09-23,14.6,晚餐,旧账导入-2021,支出,食品饮料,食品饮料,0,,,13,2026-03-20 16:38:13,2026-03-20 16:38:13,2026-03-20 16:38:13
5791,2021-09-23,14.0,午餐,旧账导入-2021,支出,食品饮料,食品饮料,0,,,13,2026-03-20 16:38:13,2026-03-20 16:38:13,2026-03-20 16:38:13
5790,2021-09-22,30.0,六级,旧账导入-2021,支出,生活支出,生活支出,0,,,13,2026-03-20 16:38:13,2026-03-20 16:38:13,2026-03-20 16:38:13
5789,2021-09-22,20.0,餐饮,旧账导入-2021,支出,食品饮料,食品饮料,0,,,13,2026-03-20 16:38:13,2026-03-20 16:38:13,2026-03-20 16:38:13
5788,2021-09-22,46.0,晚餐,旧账导入-2021,支出,食品饮料,食品饮料,0,,,13,2026-03-20 16:38:13,2026-03-20 16:38:13,2026-03-20 16:38:13
5787,2021-09-22,14.0,午餐,旧账导入-2021,支出,食品饮料,食品饮料,0,,,13,2026-03-20 16:38:13,2026-03-20 16:38:13,2026-03-20 16:38:13
5786,2021-09-21,600.0,妈,旧账导入-2021,收入,亲友转账,亲友转账,0,,,13,2026-03-20 16:38:13,2026-03-20 16:38:13,2026-03-20 16:38:13
5785,2021-09-21,58.8,润滑液,旧账导入-2021,支出,生活支出,生活支出,0,,,13,2026-03-20 16:38:13,2026-03-20 16:38:13,2026-03-20 16:38:13
5784,2021-09-21,50.0,话费,旧账导入-2021,支出,生活支出,生活支出,0,,,13,2026-03-20 16:38:13,2026-03-20 16:38:13,2026-03-20 16:38:13
5783,2021-09-21,107.0,住宿支出,旧账导入-2021,支出,住宿,住宿,0,,,13,2026-03-20 16:38:13,2026-03-20 16:38:13,2026-03-20 16:38:13
5782,2021-09-21,152.1,悦姐姐,旧账导入-2021,支出,亲友转账,亲友转账,0,,,13,2026-03-20 16:38:13,2026-03-20 16:38:13,2026-03-20 16:38:13
5781,2021-09-21,106.0,交通出行,旧账导入-2021,支出,交通,交通,0,,,13,2026-03-20 16:38:13,2026-03-20 16:38:13,2026-03-20 16:38:13
5780,2021-09-19,2600.0,妈,旧账导入-2021,收入,亲友转账,亲友转账,0,,,13,2026-03-20 16:38:13,2026-03-20 16:38:13,2026-03-20 16:38:13
5779,2021-09-19,100.0,悦姐姐,旧账导入-2021,支出,亲友转账,亲友转账,0,,,13,2026-03-20 16:38:13,2026-03-20 16:38:13,2026-03-20 16:38:13
5778,2021-09-19,128.0,中秋回家,旧账导入-2021,支出,交通,交通,0,,,13,2026-03-20 16:38:13,2026-03-20 16:38:13,2026-03-20 16:38:13
5777,2021-09-19,15.0,午餐,旧账导入-2021,支出,食品饮料,食品饮料,0,,,13,2026-03-20 16:38:13,2026-03-20 16:38:13,2026-03-20 16:38:13
5776,2021-09-18,179.0,证券从业考试,旧账导入-2021,支出,学习/培训/办公,学习/培训/办公,0,,,13,2026-03-20 16:38:13,2026-03-20 16:38:13,2026-03-20 16:38:13
5775,2021-09-18,56.0,游泳,旧账导入-2021,支出,娱乐/运动,娱乐/运动,0,,,13,2026-03-20 16:38:13,2026-03-20 16:38:13,2026-03-20 16:38:13
5774,2021-09-18,5.0,餐饮,旧账导入-2021,支出,食品饮料,食品饮料,0,,,13,2026-03-20 16:38:13,2026-03-20 16:38:13,2026-03-20 16:38:13
5773,2021-09-18,18.0,晚餐,旧账导入-2021,支出,食品饮料,食品饮料,0,,,13,2026-03-20 16:38:13,2026-03-20 16:38:13,2026-03-20 16:38:13
5772,2021-09-18,13.0,午餐,旧账导入-2021,支出,食品饮料,食品饮料,0,,,13,2026-03-20 16:38:13,2026-03-20 16:38:13,2026-03-20 16:38:13
5771,2021-09-17,130.0,卖鞋,旧账导入-2021,收入,其他,其他,0,,,13,2026-03-20 16:38:13,2026-03-20 16:38:13,2026-03-20 16:38:13
5770,2021-09-17,4.0,交通出行,旧账导入-2021,支出,交通,交通,0,,,13,2026-03-20 16:38:13,2026-03-20 16:38:13,2026-03-20 16:38:13
5769,2021-09-17,48.0,午餐,旧账导入-2021,支出,食品饮料,食品饮料,0,,,13,2026-03-20 16:38:13,2026-03-20 16:38:13,2026-03-20 16:38:13
5768,2021-09-16,76.0,住宿支出,旧账导入-2021,支出,住宿,住宿,0,,,13,2026-03-20 16:38:13,2026-03-20 16:38:13,2026-03-20 16:38:13
5767,2021-09-16,-100.0,悦姐姐,旧账导入-2021,支出,亲友转账,亲友转账,0,,,13,2026-03-20 16:38:13,2026-03-20 16:38:13,2026-03-20 16:38:13
5766,2021-09-16,6.0,交通出行,旧账导入-2021,支出,交通,交通,0,,,13,2026-03-20 16:38:13,2026-03-20 16:38:13,2026-03-20 16:38:13
5765,2021-09-16,22.0,餐饮,旧账导入-2021,支出,食品饮料,食品饮料,0,,,13,2026-03-20 16:38:13,2026-03-20 16:38:13,2026-03-20 16:38:13
5764,2021-09-16,82.5,晚餐,旧账导入-2021,支出,食品饮料,食品饮料,0,,,13,2026-03-20 16:38:13,2026-03-20 16:38:13,2026-03-20 16:38:13
5763,2021-09-16,48.0,午餐,旧账导入-2021,支出,食品饮料,食品饮料,0,,,13,2026-03-20 16:38:13,2026-03-20 16:38:13,2026-03-20 16:38:13
5762,2021-09-15,550.0,实习津贴,旧账导入-2021,收入,其他,其他,0,,,13,2026-03-20 16:38:13,2026-03-20 16:38:13,2026-03-20 16:38:13
5761,2021-09-15,25.0,生活支出,旧账导入-2021,支出,生活支出,生活支出,0,,,13,2026-03-20 16:38:13,2026-03-20 16:38:13,2026-03-20 16:38:13
5760,2021-09-15,85.0,住宿支出,旧账导入-2021,支出,住宿,住宿,0,,,13,2026-03-20 16:38:13,2026-03-20 16:38:13,2026-03-20 16:38:13
5759,2021-09-15,30.0,悦姐姐,旧账导入-2021,支出,亲友转账,亲友转账,0,,,13,2026-03-20 16:38:13,2026-03-20 16:38:13,2026-03-20 16:38:13
5758,2021-09-15,99.7,大润发,旧账导入-2021,支出,食品饮料,食品饮料,0,,,13,2026-03-20 16:38:13,2026-03-20 16:38:13,2026-03-20 16:38:13
5757,2021-09-15,13.0,午餐,旧账导入-2021,支出,食品饮料,食品饮料,0,,,13,2026-03-20 16:38:13,2026-03-20 16:38:13,2026-03-20 16:38:13
5756,2021-09-14,16.5,咖啡,旧账导入-2021,支出,食品饮料,食品饮料,0,,,13,2026-03-20 16:38:13,2026-03-20 16:38:13,2026-03-20 16:38:13
5755,2021-09-14,13.0,午餐,旧账导入-2021,支出,食品饮料,食品饮料,0,,,13,2026-03-20 16:38:13,2026-03-20 16:38:13,2026-03-20 16:38:13
5754,2021-09-14,6.8,早餐,旧账导入-2021,支出,食品饮料,食品饮料,0,,,13,2026-03-20 16:38:13,2026-03-20 16:38:13,2026-03-20 16:38:13
5753,2021-09-13,-100.0,悦姐姐,旧账导入-2021,支出,亲友转账,亲友转账,0,,,13,2026-03-20 16:38:13,2026-03-20 16:38:13,2026-03-20 16:38:13
5752,2021-09-13,4.0,餐饮,旧账导入-2021,支出,食品饮料,食品饮料,0,,,13,2026-03-20 16:38:13,2026-03-20 16:38:13,2026-03-20 16:38:13
5751,2021-09-13,13.0,晚餐,旧账导入-2021,支出,食品饮料,食品饮料,0,,,13,2026-03-20 16:38:13,2026-03-20 16:38:13,2026-03-20 16:38:13
5750,2021-09-12,44.5,交通出行,旧账导入-2021,支出,交通,交通,0,,,13,2026-03-20 16:38:13,2026-03-20 16:38:13,2026-03-20 16:38:13
5749,2021-09-12,19.0,餐饮,旧账导入-2021,支出,食品饮料,食品饮料,0,,,13,2026-03-20 16:38:13,2026-03-20 16:38:13,2026-03-20 16:38:13
5748,2021-09-12,132.0,晚餐,旧账导入-2021,支出,食品饮料,食品饮料,0,,,13,2026-03-20 16:38:13,2026-03-20 16:38:13,2026-03-20 16:38:13
5747,2021-09-11,100.0,姐,旧账导入-2021,收入,其他,其他,0,,,13,2026-03-20 16:38:13,2026-03-20 16:38:13,2026-03-20 16:38:13
5746,2021-09-11,186.0,住宿支出,旧账导入-2021,支出,住宿,住宿,0,,,13,2026-03-20 16:38:13,2026-03-20 16:38:13,2026-03-20 16:38:13
5745,2021-09-11,100.0,红包,旧账导入-2021,支出,亲友转账,亲友转账,0,,,13,2026-03-20 16:38:13,2026-03-20 16:38:13,2026-03-20 16:38:13
5744,2021-09-11,15.5,餐饮,旧账导入-2021,支出,食品饮料,食品饮料,0,,,13,2026-03-20 16:38:13,2026-03-20 16:38:13,2026-03-20 16:38:13
5743,2021-09-11,60.0,午餐,旧账导入-2021,支出,食品饮料,食品饮料,0,,,13,2026-03-20 16:38:13,2026-03-20 16:38:13,2026-03-20 16:38:13
5742,2021-09-10,400.0,爸妈,旧账导入-2021,收入,亲友转账,亲友转账,0,,,13,2026-03-20 16:38:13,2026-03-20 16:38:13,2026-03-20 16:38:13
5741,2021-09-10,106.0,住宿支出,旧账导入-2021,支出,住宿,住宿,0,,,13,2026-03-20 16:38:13,2026-03-20 16:38:13,2026-03-20 16:38:13
5740,2021-09-10,-80.0,悦姐姐,旧账导入-2021,支出,亲友转账,亲友转账,0,,,13,2026-03-20 16:38:13,2026-03-20 16:38:13,2026-03-20 16:38:13
5739,2021-09-10,3.5,交通出行,旧账导入-2021,支出,交通,交通,0,,,13,2026-03-20 16:38:13,2026-03-20 16:38:13,2026-03-20 16:38:13
5738,2021-09-10,20.5,餐饮,旧账导入-2021,支出,食品饮料,食品饮料,0,,,13,2026-03-20 16:38:13,2026-03-20 16:38:13,2026-03-20 16:38:13
5737,2021-09-10,17.0,晚餐,旧账导入-2021,支出,食品饮料,食品饮料,0,,,13,2026-03-20 16:38:13,2026-03-20 16:38:13,2026-03-20 16:38:13
5736,2021-09-10,13.0,午餐,旧账导入-2021,支出,食品饮料,食品饮料,0,,,13,2026-03-20 16:38:13,2026-03-20 16:38:13,2026-03-20 16:38:13
5735,2021-09-09,100.0,充卡,旧账导入-2021,支出,亲友转账,亲友转账,0,,,13,2026-03-20 16:38:13,2026-03-20 16:38:13,2026-03-20 16:38:13
5734,2021-09-09,13.0,晚餐,旧账导入-2021,支出,食品饮料,食品饮料,0,,,13,2026-03-20 16:38:13,2026-03-20 16:38:13,2026-03-20 16:38:13
5733,2021-09-09,6.5,早餐,旧账导入-2021,支出,食品饮料,食品饮料,0,,,13,2026-03-20 16:38:13,2026-03-20 16:38:13,2026-03-20 16:38:13
5732,2021-09-08,25.0,洗鞋,旧账导入-2021,支出,生活支出,生活支出,0,,,13,2026-03-20 16:38:13,2026-03-20 16:38:13,2026-03-20 16:38:13
5731,2021-09-08,45.0,卡丁车,旧账导入-2021,支出,娱乐/运动,娱乐/运动,0,,,13,2026-03-20 16:38:13,2026-03-20 16:38:13,2026-03-20 16:38:13
5730,2021-09-08,16.7,餐饮,旧账导入-2021,支出,食品饮料,食品饮料,0,,,13,2026-03-20 16:38:13,2026-03-20 16:38:13,2026-03-20 16:38:13
5729,2021-09-08,80.0,晚餐,旧账导入-2021,支出,食品饮料,食品饮料,0,,,13,2026-03-20 16:38:13,2026-03-20 16:38:13,2026-03-20 16:38:13
5728,2021-09-08,12.0,午餐,旧账导入-2021,支出,食品饮料,食品饮料,0,,,13,2026-03-20 16:38:13,2026-03-20 16:38:13,2026-03-20 16:38:13
5727,2021-09-07,20.0,晚餐,旧账导入-2021,支出,食品饮料,食品饮料,0,,,13,2026-03-20 16:38:13,2026-03-20 16:38:13,2026-03-20 16:38:13
5726,2021-09-07,12.0,午餐,旧账导入-2021,支出,食品饮料,食品饮料,0,,,13,2026-03-20 16:38:13,2026-03-20 16:38:13,2026-03-20 16:38:13
5725,2021-09-06,3.6,交通出行,旧账导入-2021,支出,交通,交通,0,,,13,2026-03-20 16:38:13,2026-03-20 16:38:13,2026-03-20 16:38:13
5724,2021-09-06,36.0,晚餐,旧账导入-2021,支出,食品饮料,食品饮料,0,,,13,2026-03-20 16:38:13,2026-03-20 16:38:13,2026-03-20 16:38:13
5723,2021-09-06,14.0,午餐,旧账导入-2021,支出,食品饮料,食品饮料,0,,,13,2026-03-20 16:38:13,2026-03-20 16:38:13,2026-03-20 16:38:13
5722,2021-09-05,10.0,优酷,旧账导入-2021,支出,虚拟充值/通讯,虚拟充值/通讯,0,,,13,2026-03-20 16:38:13,2026-03-20 16:38:13,2026-03-20 16:38:13
5721,2021-09-05,10.0,交通出行,旧账导入-2021,支出,交通,交通,0,,,13,2026-03-20 16:38:13,2026-03-20 16:38:13,2026-03-20 16:38:13
5720,2021-09-05,25.0,餐饮,旧账导入-2021,支出,食品饮料,食品饮料,0,,,13,2026-03-20 16:38:13,2026-03-20 16:38:13,2026-03-20 16:38:13
5719,2021-09-05,12.0,晚餐,旧账导入-2021,支出,食品饮料,食品饮料,0,,,13,2026-03-20 16:38:13,2026-03-20 16:38:13,2026-03-20 16:38:13
5718,2021-09-04,147.0,住宿支出,旧账导入-2021,支出,住宿,住宿,0,,,13,2026-03-20 16:38:13,2026-03-20 16:38:13,2026-03-20 16:38:13
5717,2021-09-04,20.0,交通出行,旧账导入-2021,支出,交通,交通,0,,,13,2026-03-20 16:38:13,2026-03-20 16:38:13,2026-03-20 16:38:13
5716,2021-09-04,37.5,餐饮,旧账导入-2021,支出,食品饮料,食品饮料,0,,,13,2026-03-20 16:38:13,2026-03-20 16:38:13,2026-03-20 16:38:13
5715,2021-09-03,200.0,妈,旧账导入-2021,收入,亲友转账,亲友转账,0,,,13,2026-03-20 16:38:13,2026-03-20 16:38:13,2026-03-20 16:38:13
5714,2021-09-03,114.0,住宿支出,旧账导入-2021,支出,住宿,住宿,0,,,13,2026-03-20 16:38:13,2026-03-20 16:38:13,2026-03-20 16:38:13
5713,2021-09-03,80.0,拙政园,旧账导入-2021,支出,娱乐/运动,娱乐/运动,0,,,13,2026-03-20 16:38:13,2026-03-20 16:38:13,2026-03-20 16:38:13
5712,2021-09-03,71.0,人际交往,旧账导入-2021,支出,社交,社交,0,,,13,2026-03-20 16:38:13,2026-03-20 16:38:13,2026-03-20 16:38:13
5711,2021-09-03,326.0,苏州回合肥,旧账导入-2021,支出,交通,交通,0,,,13,2026-03-20 16:38:13,2026-03-20 16:38:13,2026-03-20 16:38:13
5710,2021-09-03,60.0,餐饮,旧账导入-2021,支出,食品饮料,食品饮料,0,,,13,2026-03-20 16:38:13,2026-03-20 16:38:13,2026-03-20 16:38:13
5709,2021-09-03,120.0,午餐,旧账导入-2021,支出,食品饮料,食品饮料,0,,,13,2026-03-20 16:38:13,2026-03-20 16:38:13,2026-03-20 16:38:13
5708,2021-09-02,-15.0,妈,旧账导入-2021,收入,亲友转账,亲友转账,0,,,13,2026-03-20 16:38:13,2026-03-20 16:38:13,2026-03-20 16:38:13
5707,2021-09-02,15.0,购物,旧账导入-2021,支出,生活支出,生活支出,0,,,13,2026-03-20 16:38:13,2026-03-20 16:38:13,2026-03-20 16:38:13
5706,2021-09-02,9.5,交通出行,旧账导入-2021,支出,交通,交通,0,,,13,2026-03-20 16:38:13,2026-03-20 16:38:13,2026-03-20 16:38:13
5705,2021-09-02,158.0,晚餐,旧账导入-2021,支出,食品饮料,食品饮料,0,,,13,2026-03-20 16:38:13,2026-03-20 16:38:13,2026-03-20 16:38:13
5704,2021-09-02,50.0,午餐,旧账导入-2021,支出,食品饮料,食品饮料,0,,,13,2026-03-20 16:38:13,2026-03-20 16:38:13,2026-03-20 16:38:13
5703,2021-09-01,1000.0,妈,旧账导入-2021,收入,亲友转账,亲友转账,0,,,13,2026-03-20 16:38:13,2026-03-20 16:38:13,2026-03-20 16:38:13
5702,2021-09-01,108.0,住宿支出,旧账导入-2021,支出,住宿,住宿,0,,,13,2026-03-20 16:38:13,2026-03-20 16:38:13,2026-03-20 16:38:13
5701,2021-09-01,186.0,坐船,旧账导入-2021,支出,娱乐/运动,娱乐/运动,0,,,13,2026-03-20 16:38:13,2026-03-20 16:38:13,2026-03-20 16:38:13
5700,2021-09-01,40.0,餐饮,旧账导入-2021,支出,食品饮料,食品饮料,0,,,13,2026-03-20 16:38:13,2026-03-20 16:38:13,2026-03-20 16:38:13
5699,2021-09-01,224.0,午餐,旧账导入-2021,支出,食品饮料,食品饮料,0,,,13,2026-03-20 16:38:13,2026-03-20 16:38:13,2026-03-20 16:38:13
5698,2021-08-31,107.0,住宿支出,旧账导入-2021,支出,住宿,住宿,0,,,13,2026-03-20 16:38:13,2026-03-20 16:38:13,2026-03-20 16:38:13
5697,2021-08-31,73.0,交通出行,旧账导入-2021,支出,交通,交通,0,,,13,2026-03-20 16:38:13,2026-03-20 16:38:13,2026-03-20 16:38:13
5696,2021-08-31,76.0,午餐,旧账导入-2021,支出,食品饮料,食品饮料,0,,,13,2026-03-20 16:38:13,2026-03-20 16:38:13,2026-03-20 16:38:13
5695,2021-08-30,78.0,药,旧账导入-2021,支出,生活支出,生活支出,0,,,13,2026-03-20 16:38:13,2026-03-20 16:38:13,2026-03-20 16:38:13
5694,2021-08-30,83.0,住宿支出,旧账导入-2021,支出,住宿,住宿,0,,,13,2026-03-20 16:38:13,2026-03-20 16:38:13,2026-03-20 16:38:13
5693,2021-08-30,79.0,鞋,旧账导入-2021,支出,亲友转账,亲友转账,0,,,13,2026-03-20 16:38:13,2026-03-20 16:38:13,2026-03-20 16:38:13
5692,2021-08-30,18.0,交通出行,旧账导入-2021,支出,交通,交通,0,,,13,2026-03-20 16:38:13,2026-03-20 16:38:13,2026-03-20 16:38:13
5691,2021-08-30,63.1,餐饮,旧账导入-2021,支出,食品饮料,食品饮料,0,,,13,2026-03-20 16:38:13,2026-03-20 16:38:13,2026-03-20 16:38:13
5690,2021-08-30,55.0,晚餐,旧账导入-2021,支出,食品饮料,食品饮料,0,,,13,2026-03-20 16:38:13,2026-03-20 16:38:13,2026-03-20 16:38:13
5689,2021-08-30,57.0,午餐,旧账导入-2021,支出,食品饮料,食品饮料,0,,,13,2026-03-20 16:38:13,2026-03-20 16:38:13,2026-03-20 16:38:13
5688,2021-08-29,122.0,住宿支出,旧账导入-2021,支出,住宿,住宿,0,,,13,2026-03-20 16:38:13,2026-03-20 16:38:13,2026-03-20 16:38:13
5687,2021-08-29,150.0,密室逃脱,旧账导入-2021,支出,娱乐/运动,娱乐/运动,0,,,13,2026-03-20 16:38:13,2026-03-20 16:38:13,2026-03-20 16:38:13
5686,2021-08-29,150.0,去南京,旧账导入-2021,支出,交通,交通,0,,,13,2026-03-20 16:38:13,2026-03-20 16:38:13,2026-03-20 16:38:13
5685,2021-08-29,42.0,晚餐,旧账导入-2021,支出,食品饮料,食品饮料,0,,,13,2026-03-20 16:38:13,2026-03-20 16:38:13,2026-03-20 16:38:13
5684,2021-08-29,62.0,午餐,旧账导入-2021,支出,食品饮料,食品饮料,0,,,13,2026-03-20 16:38:13,2026-03-20 16:38:13,2026-03-20 16:38:13
5683,2021-08-28,10.0,生活支出,旧账导入-2021,支出,生活支出,生活支出,0,,,13,2026-03-20 16:38:13,2026-03-20 16:38:13,2026-03-20 16:38:13
5682,2021-08-28,144.0,住宿支出,旧账导入-2021,支出,住宿,住宿,0,,,13,2026-03-20 16:38:13,2026-03-20 16:38:13,2026-03-20 16:38:13
5681,2021-08-28,50.0,游泳,旧账导入-2021,支出,娱乐/运动,娱乐/运动,0,,,13,2026-03-20 16:38:13,2026-03-20 16:38:13,2026-03-20 16:38:13
5680,2021-08-28,-200.0,悦姐姐,旧账导入-2021,支出,亲友转账,亲友转账,0,,,13,2026-03-20 16:38:13,2026-03-20 16:38:13,2026-03-20 16:38:13
5679,2021-08-28,30.0,交通出行,旧账导入-2021,支出,交通,交通,0,,,13,2026-03-20 16:38:13,2026-03-20 16:38:13,2026-03-20 16:38:13
5678,2021-08-28,25.0,餐饮,旧账导入-2021,支出,食品饮料,食品饮料,0,,,13,2026-03-20 16:38:13,2026-03-20 16:38:13,2026-03-20 16:38:13
5677,2021-08-28,46.0,晚餐,旧账导入-2021,支出,食品饮料,食品饮料,0,,,13,2026-03-20 16:38:13,2026-03-20 16:38:13,2026-03-20 16:38:13
5676,2021-08-28,58.0,午餐,旧账导入-2021,支出,食品饮料,食品饮料,0,,,13,2026-03-20 16:38:13,2026-03-20 16:38:13,2026-03-20 16:38:13
5675,2021-08-27,76.0,生活用品,旧账导入-2021,支出,生活支出,生活支出,0,,,13,2026-03-20 16:38:13,2026-03-20 16:38:13,2026-03-20 16:38:13
5674,2021-08-27,258.0,住宿支出,旧账导入-2021,支出,住宿,住宿,0,,,13,2026-03-20 16:38:13,2026-03-20 16:38:13,2026-03-20 16:38:13
5673,2021-08-27,-500.0,悦姐姐,旧账导入-2021,支出,亲友转账,亲友转账,0,,,13,2026-03-20 16:38:13,2026-03-20 16:38:13,2026-03-20 16:38:13
5672,2021-08-27,85.0,交通出行,旧账导入-2021,支出,交通,交通,0,,,13,2026-03-20 16:38:13,2026-03-20 16:38:13,2026-03-20 16:38:13
5671,2021-08-27,196.0,晚餐,旧账导入-2021,支出,食品饮料,食品饮料,0,,,13,2026-03-20 16:38:13,2026-03-20 16:38:13,2026-03-20 16:38:13
5670,2021-08-27,11.5,早餐,旧账导入-2021,支出,食品饮料,食品饮料,0,,,13,2026-03-20 16:38:13,2026-03-20 16:38:13,2026-03-20 16:38:13
5669,2021-08-26,125.0,住宿,旧账导入-2021,支出,亲友转账,亲友转账,0,,,13,2026-03-20 16:38:13,2026-03-20 16:38:13,2026-03-20 16:38:13
5668,2021-08-26,5.0,交通出行,旧账导入-2021,支出,交通,交通,0,,,13,2026-03-20 16:38:13,2026-03-20 16:38:13,2026-03-20 16:38:13
5667,2021-08-26,6.5,晚餐,旧账导入-2021,支出,食品饮料,食品饮料,0,,,13,2026-03-20 16:38:13,2026-03-20 16:38:13,2026-03-20 16:38:13
5666,2021-08-26,28.0,午餐,旧账导入-2021,支出,食品饮料,食品饮料,0,,,13,2026-03-20 16:38:13,2026-03-20 16:38:13,2026-03-20 16:38:13
5665,2021-08-26,8.5,早餐,旧账导入-2021,支出,食品饮料,食品饮料,0,,,13,2026-03-20 16:38:13,2026-03-20 16:38:13,2026-03-20 16:38:13
5664,2021-08-25,6.0,交通出行,旧账导入-2021,支出,交通,交通,0,,,13,2026-03-20 16:38:13,2026-03-20 16:38:13,2026-03-20 16:38:13
5663,2021-08-25,72.0,晚餐,旧账导入-2021,支出,食品饮料,食品饮料,0,,,13,2026-03-20 16:38:13,2026-03-20 16:38:13,2026-03-20 16:38:13
5662,2021-08-25,23.0,午餐,旧账导入-2021,支出,食品饮料,食品饮料,0,,,13,2026-03-20 16:38:13,2026-03-20 16:38:13,2026-03-20 16:38:13
5661,2021-08-25,6.0,早餐,旧账导入-2021,支出,食品饮料,食品饮料,0,,,13,2026-03-20 16:38:13,2026-03-20 16:38:13,2026-03-20 16:38:13
5660,2021-08-24,18.0,奶茶,旧账导入-2021,支出,亲友转账,亲友转账,0,,,13,2026-03-20 16:38:13,2026-03-20 16:38:13,2026-03-20 16:38:13
5659,2021-08-24,12.0,晚餐,旧账导入-2021,支出,食品饮料,食品饮料,0,,,13,2026-03-20 16:38:13,2026-03-20 16:38:13,2026-03-20 16:38:13
5658,2021-08-24,28.0,午餐,旧账导入-2021,支出,食品饮料,食品饮料,0,,,13,2026-03-20 16:38:13,2026-03-20 16:38:13,2026-03-20 16:38:13
5657,2021-08-24,5.0,早餐,旧账导入-2021,支出,食品饮料,食品饮料,0,,,13,2026-03-20 16:38:13,2026-03-20 16:38:13,2026-03-20 16:38:13
5656,2021-08-23,151.0,鞋,旧账导入-2021,支出,服饰,服饰,0,,,13,2026-03-20 16:38:13,2026-03-20 16:38:13,2026-03-20 16:38:13
5655,2021-08-23,8.0,餐饮,旧账导入-2021,支出,食品饮料,食品饮料,0,,,13,2026-03-20 16:38:13,2026-03-20 16:38:13,2026-03-20 16:38:13
5654,2021-08-23,12.0,晚餐,旧账导入-2021,支出,食品饮料,食品饮料,0,,,13,2026-03-20 16:38:13,2026-03-20 16:38:13,2026-03-20 16:38:13
5653,2021-08-23,29.0,午餐,旧账导入-2021,支出,食品饮料,食品饮料,0,,,13,2026-03-20 16:38:13,2026-03-20 16:38:13,2026-03-20 16:38:13
5652,2021-08-23,5.0,早餐,旧账导入-2021,支出,食品饮料,食品饮料,0,,,13,2026-03-20 16:38:13,2026-03-20 16:38:13,2026-03-20 16:38:13
5651,2021-08-22,55.0,套套,旧账导入-2021,支出,生活支出,生活支出,0,,,13,2026-03-20 16:38:13,2026-03-20 16:38:13,2026-03-20 16:38:13
5650,2021-08-22,13.0,午餐,旧账导入-2021,支出,食品饮料,食品饮料,0,,,13,2026-03-20 16:38:13,2026-03-20 16:38:13,2026-03-20 16:38:13
5649,2021-08-21,68.0,润滑液,旧账导入-2021,支出,生活支出,生活支出,0,,,13,2026-03-20 16:38:13,2026-03-20 16:38:13,2026-03-20 16:38:13
5648,2021-08-21,56.0,吃的,旧账导入-2021,支出,亲友转账,亲友转账,0,,,13,2026-03-20 16:38:13,2026-03-20 16:38:13,2026-03-20 16:38:13
5647,2021-08-21,5.0,交通出行,旧账导入-2021,支出,交通,交通,0,,,13,2026-03-20 16:38:13,2026-03-20 16:38:13,2026-03-20 16:38:13
5646,2021-08-21,35.0,晚餐,旧账导入-2021,支出,食品饮料,食品饮料,0,,,13,2026-03-20 16:38:13,2026-03-20 16:38:13,2026-03-20 16:38:13
5645,2021-08-20,30.0,话费,旧账导入-2021,支出,生活支出,生活支出,0,,,13,2026-03-20 16:38:13,2026-03-20 16:38:13,2026-03-20 16:38:13
5644,2021-08-20,25.0,游泳,旧账导入-2021,支出,娱乐/运动,娱乐/运动,0,,,13,2026-03-20 16:38:13,2026-03-20 16:38:13,2026-03-20 16:38:13
5643,2021-08-20,17.0,交通出行,旧账导入-2021,支出,交通,交通,0,,,13,2026-03-20 16:38:13,2026-03-20 16:38:13,2026-03-20 16:38:13
5642,2021-08-20,12.5,餐饮,旧账导入-2021,支出,食品饮料,食品饮料,0,,,13,2026-03-20 16:38:13,2026-03-20 16:38:13,2026-03-20 16:38:13
5641,2021-08-20,19.0,午餐,旧账导入-2021,支出,食品饮料,食品饮料,0,,,13,2026-03-20 16:38:13,2026-03-20 16:38:13,2026-03-20 16:38:13
5640,2021-08-20,5.0,早餐,旧账导入-2021,支出,食品饮料,食品饮料,0,,,13,2026-03-20 16:38:13,2026-03-20 16:38:13,2026-03-20 16:38:13
5639,2021-08-19,80.0,奶茶,旧账导入-2021,支出,亲友转账,亲友转账,0,,,13,2026-03-20 16:38:13,2026-03-20 16:38:13,2026-03-20 16:38:13
5638,2021-08-19,8.0,餐饮,旧账导入-2021,支出,食品饮料,食品饮料,0,,,13,2026-03-20 16:38:13,2026-03-20 16:38:13,2026-03-20 16:38:13
5637,2021-08-19,43.0,晚餐,旧账导入-2021,支出,食品饮料,食品饮料,0,,,13,2026-03-20 16:38:13,2026-03-20 16:38:13,2026-03-20 16:38:13
5636,2021-08-19,26.0,午餐,旧账导入-2021,支出,食品饮料,食品饮料,0,,,13,2026-03-20 16:38:13,2026-03-20 16:38:13,2026-03-20 16:38:13
5635,2021-08-19,5.0,早餐,旧账导入-2021,支出,食品饮料,食品饮料,0,,,13,2026-03-20 16:38:13,2026-03-20 16:38:13,2026-03-20 16:38:13
5634,2021-08-18,6.5,蜡粒,旧账导入-2021,支出,生活支出,生活支出,0,,,13,2026-03-20 16:38:13,2026-03-20 16:38:13,2026-03-20 16:38:13
5633,2021-08-18,3.0,交通出行,旧账导入-2021,支出,交通,交通,0,,,13,2026-03-20 16:38:13,2026-03-20 16:38:13,2026-03-20 16:38:13
5632,2021-08-18,22.0,晚餐,旧账导入-2021,支出,食品饮料,食品饮料,0,,,13,2026-03-20 16:38:13,2026-03-20 16:38:13,2026-03-20 16:38:13
5631,2021-08-18,30.0,午餐,旧账导入-2021,支出,食品饮料,食品饮料,0,,,13,2026-03-20 16:38:13,2026-03-20 16:38:13,2026-03-20 16:38:13
5630,2021-08-18,5.3,早餐,旧账导入-2021,支出,食品饮料,食品饮料,0,,,13,2026-03-20 16:38:13,2026-03-20 16:38:13,2026-03-20 16:38:13
5629,2021-08-17,3.0,交通出行,旧账导入-2021,支出,交通,交通,0,,,13,2026-03-20 16:38:13,2026-03-20 16:38:13,2026-03-20 16:38:13
5628,2021-08-17,18.0,晚餐,旧账导入-2021,支出,食品饮料,食品饮料,0,,,13,2026-03-20 16:38:13,2026-03-20 16:38:13,2026-03-20 16:38:13
5627,2021-08-17,12.0,午餐,旧账导入-2021,支出,食品饮料,食品饮料,0,,,13,2026-03-20 16:38:13,2026-03-20 16:38:13,2026-03-20 16:38:13
5626,2021-08-17,5.3,早餐,旧账导入-2021,支出,食品饮料,食品饮料,0,,,13,2026-03-20 16:38:13,2026-03-20 16:38:13,2026-03-20 16:38:13
5625,2021-08-16,169.0,绳缚教程,旧账导入-2021,支出,学习/培训/办公,学习/培训/办公,0,,,13,2026-03-20 16:38:13,2026-03-20 16:38:13,2026-03-20 16:38:13
5624,2021-08-16,23.0,相册,旧账导入-2021,支出,亲友转账,亲友转账,0,,,13,2026-03-20 16:38:13,2026-03-20 16:38:13,2026-03-20 16:38:13
5623,2021-08-16,3.0,交通出行,旧账导入-2021,支出,交通,交通,0,,,13,2026-03-20 16:38:13,2026-03-20 16:38:13,2026-03-20 16:38:13
5622,2021-08-16,22.0,晚餐,旧账导入-2021,支出,食品饮料,食品饮料,0,,,13,2026-03-20 16:38:13,2026-03-20 16:38:13,2026-03-20 16:38:13
5621,2021-08-16,12.0,午餐,旧账导入-2021,支出,食品饮料,食品饮料,0,,,13,2026-03-20 16:38:13,2026-03-20 16:38:13,2026-03-20 16:38:13
5620,2021-08-16,5.3,早餐,旧账导入-2021,支出,食品饮料,食品饮料,0,,,13,2026-03-20 16:38:13,2026-03-20 16:38:13,2026-03-20 16:38:13
5619,2021-08-15,750.0,实习津贴,旧账导入-2021,收入,其他,其他,0,,,13,2026-03-20 16:38:13,2026-03-20 16:38:13,2026-03-20 16:38:13
5618,2021-08-15,-80.0,妈-烤肠,旧账导入-2021,收入,亲友转账,亲友转账,0,,,13,2026-03-20 16:38:13,2026-03-20 16:38:13,2026-03-20 16:38:13
5617,2021-08-15,80.0,姐-烤肠,旧账导入-2021,支出,社交,社交,0,,,13,2026-03-20 16:38:13,2026-03-20 16:38:13,2026-03-20 16:38:13
5616,2021-08-15,90.0,烤肠,旧账导入-2021,支出,亲友转账,亲友转账,0,,,13,2026-03-20 16:38:13,2026-03-20 16:38:13,2026-03-20 16:38:13
5615,2021-08-14,42.0,阿达帕林,旧账导入-2021,支出,生活支出,生活支出,0,,,13,2026-03-20 16:38:13,2026-03-20 16:38:13,2026-03-20 16:38:13
5614,2021-08-14,29.0,相册+火漆勺,旧账导入-2021,支出,生活支出,生活支出,0,,,13,2026-03-20 16:38:13,2026-03-20 16:38:13,2026-03-20 16:38:13
5613,2021-08-14,405.0,七夕礼物,旧账导入-2021,支出,亲友转账,亲友转账,0,,,13,2026-03-20 16:38:13,2026-03-20 16:38:13,2026-03-20 16:38:13
5612,2021-08-14,5.0,交通出行,旧账导入-2021,支出,交通,交通,0,,,13,2026-03-20 16:38:13,2026-03-20 16:38:13,2026-03-20 16:38:13
5611,2021-08-14,12.0,晚餐,旧账导入-2021,支出,食品饮料,食品饮料,0,,,13,2026-03-20 16:38:13,2026-03-20 16:38:13,2026-03-20 16:38:13
5610,2021-08-14,12.0,午餐,旧账导入-2021,支出,食品饮料,食品饮料,0,,,13,2026-03-20 16:38:13,2026-03-20 16:38:13,2026-03-20 16:38:13
5609,2021-08-13,-19.0,妈妈-鱼,旧账导入-2021,收入,亲友转账,亲友转账,0,,,13,2026-03-20 16:38:13,2026-03-20 16:38:13,2026-03-20 16:38:13
5608,2021-08-13,9.9,电池,旧账导入-2021,支出,生活支出,生活支出,0,,,13,2026-03-20 16:38:13,2026-03-20 16:38:13,2026-03-20 16:38:13
5607,2021-08-13,25.0,游泳,旧账导入-2021,支出,娱乐/运动,娱乐/运动,0,,,13,2026-03-20 16:38:13,2026-03-20 16:38:13,2026-03-20 16:38:13
5606,2021-08-13,14.0,王路辉-快递,旧账导入-2021,支出,社交,社交,0,,,13,2026-03-20 16:38:13,2026-03-20 16:38:13,2026-03-20 16:38:13
5605,2021-08-13,234.0,阿姨礼物,旧账导入-2021,支出,亲友转账,亲友转账,0,,,13,2026-03-20 16:38:13,2026-03-20 16:38:13,2026-03-20 16:38:13
5604,2021-08-13,8.6,交通出行,旧账导入-2021,支出,交通,交通,0,,,13,2026-03-20 16:38:13,2026-03-20 16:38:13,2026-03-20 16:38:13
5603,2021-08-13,12.0,午餐,旧账导入-2021,支出,食品饮料,食品饮料,0,,,13,2026-03-20 16:38:13,2026-03-20 16:38:13,2026-03-20 16:38:13
5602,2021-08-13,3.5,早餐,旧账导入-2021,支出,食品饮料,食品饮料,0,,,13,2026-03-20 16:38:13,2026-03-20 16:38:13,2026-03-20 16:38:13
5601,2021-08-12,-20.0,妈妈-盆栽,旧账导入-2021,收入,亲友转账,亲友转账,0,,,13,2026-03-20 16:38:13,2026-03-20 16:38:13,2026-03-20 16:38:13
5600,2021-08-12,15.0,口罩,旧账导入-2021,支出,生活支出,生活支出,0,,,13,2026-03-20 16:38:13,2026-03-20 16:38:13,2026-03-20 16:38:13
5599,2021-08-12,15.0,口罩,旧账导入-2021,支出,亲友转账,亲友转账,0,,,13,2026-03-20 16:38:13,2026-03-20 16:38:13,2026-03-20 16:38:13
5598,2021-08-12,12.0,晚餐,旧账导入-2021,支出,食品饮料,食品饮料,0,,,13,2026-03-20 16:38:13,2026-03-20 16:38:13,2026-03-20 16:38:13
5597,2021-08-12,12.0,午餐,旧账导入-2021,支出,食品饮料,食品饮料,0,,,13,2026-03-20 16:38:13,2026-03-20 16:38:13,2026-03-20 16:38:13
5596,2021-08-12,3.1,早餐,旧账导入-2021,支出,食品饮料,食品饮料,0,,,13,2026-03-20 16:38:13,2026-03-20 16:38:13,2026-03-20 16:38:13
5595,2021-08-11,3.6,交通出行,旧账导入-2021,支出,交通,交通,0,,,13,2026-03-20 16:38:13,2026-03-20 16:38:13,2026-03-20 16:38:13
5594,2021-08-11,20.7,餐饮,旧账导入-2021,支出,食品饮料,食品饮料,0,,,13,2026-03-20 16:38:13,2026-03-20 16:38:13,2026-03-20 16:38:13
5593,2021-08-11,12.0,晚餐,旧账导入-2021,支出,食品饮料,食品饮料,0,,,13,2026-03-20 16:38:13,2026-03-20 16:38:13,2026-03-20 16:38:13
5592,2021-08-11,12.0,午餐,旧账导入-2021,支出,食品饮料,食品饮料,0,,,13,2026-03-20 16:38:13,2026-03-20 16:38:13,2026-03-20 16:38:13
5591,2021-08-11,3.5,早餐,旧账导入-2021,支出,食品饮料,食品饮料,0,,,13,2026-03-20 16:38:13,2026-03-20 16:38:13,2026-03-20 16:38:13
5590,2021-08-10,1000.0,股市收益,旧账导入-2021,收入,其他,其他,0,,,13,2026-03-20 16:38:13,2026-03-20 16:38:13,2026-03-20 16:38:13
5589,2021-08-10,1.8,交通出行,旧账导入-2021,支出,交通,交通,0,,,13,2026-03-20 16:38:13,2026-03-20 16:38:13,2026-03-20 16:38:13
5588,2021-08-10,4.0,晚餐,旧账导入-2021,支出,食品饮料,食品饮料,0,,,13,2026-03-20 16:38:13,2026-03-20 16:38:13,2026-03-20 16:38:13
5587,2021-08-10,12.0,午餐,旧账导入-2021,支出,食品饮料,食品饮料,0,,,13,2026-03-20 16:38:13,2026-03-20 16:38:13,2026-03-20 16:38:13
5586,2021-08-10,3.5,早餐,旧账导入-2021,支出,食品饮料,食品饮料,0,,,13,2026-03-20 16:38:13,2026-03-20 16:38:13,2026-03-20 16:38:13
5585,2021-08-09,1000.0,股市收益,旧账导入-2021,收入,其他,其他,0,,,13,2026-03-20 16:38:13,2026-03-20 16:38:13,2026-03-20 16:38:13
5584,2021-08-09,12.0,晚餐,旧账导入-2021,支出,食品饮料,食品饮料,0,,,13,2026-03-20 16:38:13,2026-03-20 16:38:13,2026-03-20 16:38:13
5583,2021-08-09,12.0,午餐,旧账导入-2021,支出,食品饮料,食品饮料,0,,,13,2026-03-20 16:38:13,2026-03-20 16:38:13,2026-03-20 16:38:13
5582,2021-08-09,3.5,早餐,旧账导入-2021,支出,食品饮料,食品饮料,0,,,13,2026-03-20 16:38:13,2026-03-20 16:38:13,2026-03-20 16:38:13
5581,2021-08-08,-16.0,妈妈-盆栽,旧账导入-2021,收入,亲友转账,亲友转账,0,,,13,2026-03-20 16:38:13,2026-03-20 16:38:13,2026-03-20 16:38:13
5580,2021-08-08,30.0,话费,旧账导入-2021,支出,生活支出,生活支出,0,,,13,2026-03-20 16:38:13,2026-03-20 16:38:13,2026-03-20 16:38:13
5579,2021-08-08,17.0,奶茶,旧账导入-2021,支出,亲友转账,亲友转账,0,,,13,2026-03-20 16:38:13,2026-03-20 16:38:13,2026-03-20 16:38:13
5578,2021-08-08,14.5,晚餐,旧账导入-2021,支出,食品饮料,食品饮料,0,,,13,2026-03-20 16:38:13,2026-03-20 16:38:13,2026-03-20 16:38:13
5577,2021-08-08,12.0,午餐,旧账导入-2021,支出,食品饮料,食品饮料,0,,,13,2026-03-20 16:38:13,2026-03-20 16:38:13,2026-03-20 16:38:13
5576,2021-08-07,30.0,电费,旧账导入-2021,支出,生活支出,生活支出,0,,,13,2026-03-20 16:38:13,2026-03-20 16:38:13,2026-03-20 16:38:13
5575,2021-08-07,30.0,游泳,旧账导入-2021,支出,娱乐/运动,娱乐/运动,0,,,13,2026-03-20 16:38:13,2026-03-20 16:38:13,2026-03-20 16:38:13
5574,2021-08-07,19.0,吃,旧账导入-2021,支出,亲友转账,亲友转账,0,,,13,2026-03-20 16:38:13,2026-03-20 16:38:13,2026-03-20 16:38:13
5573,2021-08-07,3.0,餐饮,旧账导入-2021,支出,食品饮料,食品饮料,0,,,13,2026-03-20 16:38:13,2026-03-20 16:38:13,2026-03-20 16:38:13
5572,2021-08-07,9.0,晚餐,旧账导入-2021,支出,食品饮料,食品饮料,0,,,13,2026-03-20 16:38:13,2026-03-20 16:38:13,2026-03-20 16:38:13
5571,2021-08-07,12.0,午餐,旧账导入-2021,支出,食品饮料,食品饮料,0,,,13,2026-03-20 16:38:13,2026-03-20 16:38:13,2026-03-20 16:38:13
5570,2021-08-06,915.0,手机补贴,旧账导入-2021,支出,亲友转账,亲友转账,0,,,13,2026-03-20 16:38:13,2026-03-20 16:38:13,2026-03-20 16:38:13
5569,2021-08-06,15.5,晚餐,旧账导入-2021,支出,食品饮料,食品饮料,0,,,13,2026-03-20 16:38:13,2026-03-20 16:38:13,2026-03-20 16:38:13
5568,2021-08-06,12.0,午餐,旧账导入-2021,支出,食品饮料,食品饮料,0,,,13,2026-03-20 16:38:13,2026-03-20 16:38:13,2026-03-20 16:38:13
5567,2021-08-06,3.5,早餐,旧账导入-2021,支出,食品饮料,食品饮料,0,,,13,2026-03-20 16:38:13,2026-03-20 16:38:13,2026-03-20 16:38:13
5566,2021-08-05,76.66,老哥生日,旧账导入-2021,支出,社交,社交,0,,,13,2026-03-20 16:38:13,2026-03-20 16:38:13,2026-03-20 16:38:13
5565,2021-08-05,11.0,交通出行,旧账导入-2021,支出,交通,交通,0,,,13,2026-03-20 16:38:13,2026-03-20 16:38:13,2026-03-20 16:38:13
5564,2021-08-05,17.5,晚餐,旧账导入-2021,支出,食品饮料,食品饮料,0,,,13,2026-03-20 16:38:13,2026-03-20 16:38:13,2026-03-20 16:38:13
5563,2021-08-05,12.0,午餐,旧账导入-2021,支出,食品饮料,食品饮料,0,,,13,2026-03-20 16:38:13,2026-03-20 16:38:13,2026-03-20 16:38:13
5562,2021-08-05,3.6,早餐,旧账导入-2021,支出,食品饮料,食品饮料,0,,,13,2026-03-20 16:38:13,2026-03-20 16:38:13,2026-03-20 16:38:13
5561,2021-08-04,63.0,内存卡,旧账导入-2021,支出,生活支出,生活支出,0,,,13,2026-03-20 16:38:13,2026-03-20 16:38:13,2026-03-20 16:38:13
5560,2021-08-04,6.0,交通出行,旧账导入-2021,支出,交通,交通,0,,,13,2026-03-20 16:38:13,2026-03-20 16:38:13,2026-03-20 16:38:13
5559,2021-08-04,12.0,晚餐,旧账导入-2021,支出,食品饮料,食品饮料,0,,,13,2026-03-20 16:38:13,2026-03-20 16:38:13,2026-03-20 16:38:13
5558,2021-08-04,12.0,午餐,旧账导入-2021,支出,食品饮料,食品饮料,0,,,13,2026-03-20 16:38:13,2026-03-20 16:38:13,2026-03-20 16:38:13
5557,2021-08-04,3.6,早餐,旧账导入-2021,支出,食品饮料,食品饮料,0,,,13,2026-03-20 16:38:13,2026-03-20 16:38:13,2026-03-20 16:38:13
5556,2021-08-03,30.0,游泳,旧账导入-2021,支出,娱乐/运动,娱乐/运动,0,,,13,2026-03-20 16:38:13,2026-03-20 16:38:13,2026-03-20 16:38:13
5555,2021-08-03,46.9,乳,旧账导入-2021,支出,亲友转账,亲友转账,0,,,13,2026-03-20 16:38:13,2026-03-20 16:38:13,2026-03-20 16:38:13
5554,2021-08-03,16.5,晚餐,旧账导入-2021,支出,食品饮料,食品饮料,0,,,13,2026-03-20 16:38:13,2026-03-20 16:38:13,2026-03-20 16:38:13
5553,2021-08-03,12.0,午餐,旧账导入-2021,支出,食品饮料,食品饮料,0,,,13,2026-03-20 16:38:13,2026-03-20 16:38:13,2026-03-20 16:38:13
5552,2021-08-03,3.6,早餐,旧账导入-2021,支出,食品饮料,食品饮料,0,,,13,2026-03-20 16:38:13,2026-03-20 16:38:13,2026-03-20 16:38:13
5551,2021-08-02,13.8,洗面奶,旧账导入-2021,支出,生活支出,生活支出,0,,,13,2026-03-20 16:38:13,2026-03-20 16:38:13,2026-03-20 16:38:13
5550,2021-08-02,10.0,空调费,旧账导入-2021,支出,生活支出,生活支出,0,,,13,2026-03-20 16:38:13,2026-03-20 16:38:13,2026-03-20 16:38:13
5549,2021-08-02,15.0,奶茶,旧账导入-2021,支出,亲友转账,亲友转账,0,,,13,2026-03-20 16:38:13,2026-03-20 16:38:13,2026-03-20 16:38:13
5548,2021-08-02,87.0,交通出行,旧账导入-2021,支出,交通,交通,0,,,13,2026-03-20 16:38:13,2026-03-20 16:38:13,2026-03-20 16:38:13
5547,2021-08-02,14.0,水果,旧账导入-2021,支出,食品饮料,食品饮料,0,,,13,2026-03-20 16:38:13,2026-03-20 16:38:13,2026-03-20 16:38:13
5546,2021-08-02,14.5,晚餐,旧账导入-2021,支出,食品饮料,食品饮料,0,,,13,2026-03-20 16:38:13,2026-03-20 16:38:13,2026-03-20 16:38:13
5545,2021-08-02,12.0,午餐,旧账导入-2021,支出,食品饮料,食品饮料,0,,,13,2026-03-20 16:38:13,2026-03-20 16:38:13,2026-03-20 16:38:13
5544,2021-08-01,2000.0,妈,旧账导入-2021,收入,亲友转账,亲友转账,0,,,13,2026-03-20 16:38:13,2026-03-20 16:38:13,2026-03-20 16:38:13
5543,2021-08-01,78.0,剧本杀,旧账导入-2021,支出,娱乐/运动,娱乐/运动,0,,,13,2026-03-20 16:38:13,2026-03-20 16:38:13,2026-03-20 16:38:13
5542,2021-08-01,19.3,餐饮,旧账导入-2021,支出,食品饮料,食品饮料,0,,,13,2026-03-20 16:38:13,2026-03-20 16:38:13,2026-03-20 16:38:13
5541,2021-08-01,15.0,晚餐,旧账导入-2021,支出,食品饮料,食品饮料,0,,,13,2026-03-20 16:38:13,2026-03-20 16:38:13,2026-03-20 16:38:13
5540,2021-08-01,11.5,午餐,旧账导入-2021,支出,食品饮料,食品饮料,0,,,13,2026-03-20 16:38:13,2026-03-20 16:38:13,2026-03-20 16:38:13
5539,2021-07-31,15.0,网易云,旧账导入-2021,支出,虚拟充值/通讯,虚拟充值/通讯,0,,,13,2026-03-20 16:38:13,2026-03-20 16:38:13,2026-03-20 16:38:13
5538,2021-07-31,9.0,吃的,旧账导入-2021,支出,亲友转账,亲友转账,0,,,13,2026-03-20 16:38:13,2026-03-20 16:38:13,2026-03-20 16:38:13
5537,2021-07-31,21.5,水果,旧账导入-2021,支出,食品饮料,食品饮料,0,,,13,2026-03-20 16:38:13,2026-03-20 16:38:13,2026-03-20 16:38:13
5536,2021-07-31,32.0,晚餐,旧账导入-2021,支出,食品饮料,食品饮料,0,,,13,2026-03-20 16:38:13,2026-03-20 16:38:13,2026-03-20 16:38:13
5535,2021-07-31,23.5,午餐,旧账导入-2021,支出,食品饮料,食品饮料,0,,,13,2026-03-20 16:38:13,2026-03-20 16:38:13,2026-03-20 16:38:13
5534,2021-07-30,8.0,购物,旧账导入-2021,支出,生活支出,生活支出,0,,,13,2026-03-20 16:38:13,2026-03-20 16:38:13,2026-03-20 16:38:13
5533,2021-07-30,30.0,游泳,旧账导入-2021,支出,娱乐/运动,娱乐/运动,0,,,13,2026-03-20 16:38:13,2026-03-20 16:38:13,2026-03-20 16:38:13
5532,2021-07-30,34.0,奶,旧账导入-2021,支出,食品饮料,食品饮料,0,,,13,2026-03-20 16:38:13,2026-03-20 16:38:13,2026-03-20 16:38:13
5531,2021-07-30,42.0,晚餐,旧账导入-2021,支出,食品饮料,食品饮料,0,,,13,2026-03-20 16:38:13,2026-03-20 16:38:13,2026-03-20 16:38:13
5530,2021-07-30,15.0,午餐,旧账导入-2021,支出,食品饮料,食品饮料,0,,,13,2026-03-20 16:38:13,2026-03-20 16:38:13,2026-03-20 16:38:13
5529,2021-07-29,20.0,空调费,旧账导入-2021,支出,生活支出,生活支出,0,,,13,2026-03-20 16:38:13,2026-03-20 16:38:13,2026-03-20 16:38:13
5528,2021-07-29,28.0,游泳,旧账导入-2021,支出,娱乐/运动,娱乐/运动,0,,,13,2026-03-20 16:38:13,2026-03-20 16:38:13,2026-03-20 16:38:13
5527,2021-07-29,18.8,姐-鸭蛋,旧账导入-2021,支出,亲友转账,亲友转账,0,,,13,2026-03-20 16:38:13,2026-03-20 16:38:13,2026-03-20 16:38:13
5526,2021-07-29,14.5,晚餐,旧账导入-2021,支出,食品饮料,食品饮料,0,,,13,2026-03-20 16:38:13,2026-03-20 16:38:13,2026-03-20 16:38:13
5525,2021-07-28,11.3,餐饮,旧账导入-2021,支出,食品饮料,食品饮料,0,,,13,2026-03-20 16:38:13,2026-03-20 16:38:13,2026-03-20 16:38:13
5524,2021-07-28,18.8,晚餐,旧账导入-2021,支出,食品饮料,食品饮料,0,,,13,2026-03-20 16:38:13,2026-03-20 16:38:13,2026-03-20 16:38:13
5523,2021-07-28,12.0,午餐,旧账导入-2021,支出,食品饮料,食品饮料,0,,,13,2026-03-20 16:38:13,2026-03-20 16:38:13,2026-03-20 16:38:13
5522,2021-07-28,6.3,早餐,旧账导入-2021,支出,食品饮料,食品饮料,0,,,13,2026-03-20 16:38:13,2026-03-20 16:38:13,2026-03-20 16:38:13
5521,2021-07-27,45.0,乳,旧账导入-2021,支出,生活支出,生活支出,0,,,13,2026-03-20 16:38:13,2026-03-20 16:38:13,2026-03-20 16:38:13
5520,2021-07-27,18.3,吃的,旧账导入-2021,支出,亲友转账,亲友转账,0,,,13,2026-03-20 16:38:13,2026-03-20 16:38:13,2026-03-20 16:38:13
5519,2021-07-27,18.8,餐饮,旧账导入-2021,支出,食品饮料,食品饮料,0,,,13,2026-03-20 16:38:13,2026-03-20 16:38:13,2026-03-20 16:38:13
5518,2021-07-27,29.0,午餐,旧账导入-2021,支出,食品饮料,食品饮料,0,,,13,2026-03-20 16:38:13,2026-03-20 16:38:13,2026-03-20 16:38:13
5517,2021-07-26,1000.0,股市收益,旧账导入-2021,收入,其他,其他,0,,,13,2026-03-20 16:38:13,2026-03-20 16:38:13,2026-03-20 16:38:13
5516,2021-07-26,162.0,一套商务服,旧账导入-2021,支出,服饰,服饰,0,,,13,2026-03-20 16:38:13,2026-03-20 16:38:13,2026-03-20 16:38:13
5515,2021-07-26,103.0,墨镜,旧账导入-2021,支出,亲友转账,亲友转账,0,,,13,2026-03-20 16:38:13,2026-03-20 16:38:13,2026-03-20 16:38:13
5514,2021-07-26,20.0,交通出行,旧账导入-2021,支出,交通,交通,0,,,13,2026-03-20 16:38:13,2026-03-20 16:38:13,2026-03-20 16:38:13
5513,2021-07-26,8.3,餐饮,旧账导入-2021,支出,食品饮料,食品饮料,0,,,13,2026-03-20 16:38:13,2026-03-20 16:38:13,2026-03-20 16:38:13
5512,2021-07-26,16.0,晚餐,旧账导入-2021,支出,食品饮料,食品饮料,0,,,13,2026-03-20 16:38:13,2026-03-20 16:38:13,2026-03-20 16:38:13
5511,2021-07-26,29.0,午餐,旧账导入-2021,支出,食品饮料,食品饮料,0,,,13,2026-03-20 16:38:13,2026-03-20 16:38:13,2026-03-20 16:38:13
5510,2021-07-25,4.0,餐饮,旧账导入-2021,支出,食品饮料,食品饮料,0,,,13,2026-03-20 16:38:13,2026-03-20 16:38:13,2026-03-20 16:38:13
5509,2021-07-25,10.0,晚餐,旧账导入-2021,支出,食品饮料,食品饮料,0,,,13,2026-03-20 16:38:13,2026-03-20 16:38:13,2026-03-20 16:38:13
5508,2021-07-25,14.0,午餐,旧账导入-2021,支出,食品饮料,食品饮料,0,,,13,2026-03-20 16:38:13,2026-03-20 16:38:13,2026-03-20 16:38:13
5507,2021-07-24,4.0,交通出行,旧账导入-2021,支出,交通,交通,0,,,13,2026-03-20 16:38:13,2026-03-20 16:38:13,2026-03-20 16:38:13
5506,2021-07-24,6.0,餐饮,旧账导入-2021,支出,食品饮料,食品饮料,0,,,13,2026-03-20 16:38:13,2026-03-20 16:38:13,2026-03-20 16:38:13
5505,2021-07-24,12.0,晚餐,旧账导入-2021,支出,食品饮料,食品饮料,0,,,13,2026-03-20 16:38:13,2026-03-20 16:38:13,2026-03-20 16:38:13
5504,2021-07-24,26.0,午餐,旧账导入-2021,支出,食品饮料,食品饮料,0,,,13,2026-03-20 16:38:13,2026-03-20 16:38:13,2026-03-20 16:38:13
5503,2021-07-23,240.0,科三补考费,旧账导入-2021,支出,学习/培训/办公,学习/培训/办公,0,,,13,2026-03-20 16:38:13,2026-03-20 16:38:13,2026-03-20 16:38:13
5502,2021-07-23,56.0,住宿支出,旧账导入-2021,支出,住宿,住宿,0,,,13,2026-03-20 16:38:13,2026-03-20 16:38:13,2026-03-20 16:38:13
5501,2021-07-23,176.0,请游泳,旧账导入-2021,支出,社交,社交,0,,,13,2026-03-20 16:38:13,2026-03-20 16:38:13,2026-03-20 16:38:13
5500,2021-07-23,55.0,交通出行,旧账导入-2021,支出,交通,交通,0,,,13,2026-03-20 16:38:13,2026-03-20 16:38:13,2026-03-20 16:38:13
5499,2021-07-23,12.0,餐饮,旧账导入-2021,支出,食品饮料,食品饮料,0,,,13,2026-03-20 16:38:13,2026-03-20 16:38:13,2026-03-20 16:38:13
5498,2021-07-23,36.75,晚餐,旧账导入-2021,支出,食品饮料,食品饮料,0,,,13,2026-03-20 16:38:13,2026-03-20 16:38:13,2026-03-20 16:38:13
5497,2021-07-23,20.0,午餐,旧账导入-2021,支出,食品饮料,食品饮料,0,,,13,2026-03-20 16:38:13,2026-03-20 16:38:13,2026-03-20 16:38:13
5496,2021-07-22,56.0,住宿支出,旧账导入-2021,支出,住宿,住宿,0,,,13,2026-03-20 16:38:13,2026-03-20 16:38:13,2026-03-20 16:38:13
5495,2021-07-22,4.5,交通出行,旧账导入-2021,支出,交通,交通,0,,,13,2026-03-20 16:38:13,2026-03-20 16:38:13,2026-03-20 16:38:13
5494,2021-07-22,25.0,晚餐,旧账导入-2021,支出,食品饮料,食品饮料,0,,,13,2026-03-20 16:38:13,2026-03-20 16:38:13,2026-03-20 16:38:13
5493,2021-07-22,25.0,午餐,旧账导入-2021,支出,食品饮料,食品饮料,0,,,13,2026-03-20 16:38:13,2026-03-20 16:38:13,2026-03-20 16:38:13
5492,2021-07-22,5.6,早餐,旧账导入-2021,支出,食品饮料,食品饮料,0,,,13,2026-03-20 16:38:13,2026-03-20 16:38:13,2026-03-20 16:38:13
5491,2021-07-21,500.0,助理教练费,旧账导入-2021,收入,其他,其他,0,,,13,2026-03-20 16:38:13,2026-03-20 16:38:13,2026-03-20 16:38:13
5490,2021-07-21,39.0,住宿支出,旧账导入-2021,支出,住宿,住宿,0,,,13,2026-03-20 16:38:13,2026-03-20 16:38:13,2026-03-20 16:38:13
5489,2021-07-21,10.0,餐饮,旧账导入-2021,支出,食品饮料,食品饮料,0,,,13,2026-03-20 16:38:13,2026-03-20 16:38:13,2026-03-20 16:38:13
5488,2021-07-21,25.0,晚餐,旧账导入-2021,支出,食品饮料,食品饮料,0,,,13,2026-03-20 16:38:13,2026-03-20 16:38:13,2026-03-20 16:38:13
5487,2021-07-21,13.0,午餐,旧账导入-2021,支出,食品饮料,食品饮料,0,,,13,2026-03-20 16:38:13,2026-03-20 16:38:13,2026-03-20 16:38:13
5486,2021-07-20,39.0,住宿支出,旧账导入-2021,支出,住宿,住宿,0,,,13,2026-03-20 16:38:13,2026-03-20 16:38:13,2026-03-20 16:38:13
5485,2021-07-20,13.5,交通出行,旧账导入-2021,支出,交通,交通,0,,,13,2026-03-20 16:38:13,2026-03-20 16:38:13,2026-03-20 16:38:13
5484,2021-07-20,31.0,酸奶,旧账导入-2021,支出,食品饮料,食品饮料,0,,,13,2026-03-20 16:38:13,2026-03-20 16:38:13,2026-03-20 16:38:13
5483,2021-07-20,12.0,晚餐,旧账导入-2021,支出,食品饮料,食品饮料,0,,,13,2026-03-20 16:38:13,2026-03-20 16:38:13,2026-03-20 16:38:13
5482,2021-07-20,20.0,午餐,旧账导入-2021,支出,食品饮料,食品饮料,0,,,13,2026-03-20 16:38:13,2026-03-20 16:38:13,2026-03-20 16:38:13
5481,2021-07-19,45.0,住宿支出,旧账导入-2021,支出,住宿,住宿,0,,,13,2026-03-20 16:38:13,2026-03-20 16:38:13,2026-03-20 16:38:13
5480,2021-07-19,7.5,交通出行,旧账导入-2021,支出,交通,交通,0,,,13,2026-03-20 16:38:13,2026-03-20 16:38:13,2026-03-20 16:38:13
5479,2021-07-19,10.0,餐饮,旧账导入-2021,支出,食品饮料,食品饮料,0,,,13,2026-03-20 16:38:13,2026-03-20 16:38:13,2026-03-20 16:38:13
5478,2021-07-19,12.0,晚餐,旧账导入-2021,支出,食品饮料,食品饮料,0,,,13,2026-03-20 16:38:13,2026-03-20 16:38:13,2026-03-20 16:38:13
5477,2021-07-19,13.0,午餐,旧账导入-2021,支出,食品饮料,食品饮料,0,,,13,2026-03-20 16:38:13,2026-03-20 16:38:13,2026-03-20 16:38:13
5476,2021-07-18,6.0,iCloud,旧账导入-2021,支出,虚拟充值/通讯,虚拟充值/通讯,0,,,13,2026-03-20 16:38:13,2026-03-20 16:38:13,2026-03-20 16:38:13
5475,2021-07-18,8.1,晚餐,旧账导入-2021,支出,食品饮料,食品饮料,0,,,13,2026-03-20 16:38:13,2026-03-20 16:38:13,2026-03-20 16:38:13
5474,2021-07-18,13.0,午餐,旧账导入-2021,支出,食品饮料,食品饮料,0,,,13,2026-03-20 16:38:13,2026-03-20 16:38:13,2026-03-20 16:38:13
5473,2021-07-17,20.0,花,旧账导入-2021,支出,亲友转账,亲友转账,0,,,13,2026-03-20 16:38:13,2026-03-20 16:38:13,2026-03-20 16:38:13
5472,2021-07-17,13.0,午餐,旧账导入-2021,支出,食品饮料,食品饮料,0,,,13,2026-03-20 16:38:13,2026-03-20 16:38:13,2026-03-20 16:38:13
5471,2021-07-16,8.0,生活支出,旧账导入-2021,支出,生活支出,生活支出,0,,,13,2026-03-20 16:38:13,2026-03-20 16:38:13,2026-03-20 16:38:13
5470,2021-07-16,14.0,交通出行,旧账导入-2021,支出,交通,交通,0,,,13,2026-03-20 16:38:13,2026-03-20 16:38:13,2026-03-20 16:38:13
5469,2021-07-16,26.0,餐饮,旧账导入-2021,支出,食品饮料,食品饮料,0,,,13,2026-03-20 16:38:13,2026-03-20 16:38:13,2026-03-20 16:38:13
5468,2021-07-16,50.0,晚餐,旧账导入-2021,支出,食品饮料,食品饮料,0,,,13,2026-03-20 16:38:13,2026-03-20 16:38:13,2026-03-20 16:38:13
5467,2021-07-16,13.0,午餐,旧账导入-2021,支出,食品饮料,食品饮料,0,,,13,2026-03-20 16:38:13,2026-03-20 16:38:13,2026-03-20 16:38:13
5466,2021-07-16,7.5,早餐,旧账导入-2021,支出,食品饮料,食品饮料,0,,,13,2026-03-20 16:38:13,2026-03-20 16:38:13,2026-03-20 16:38:13
5465,2021-07-15,6.0,生活支出,旧账导入-2021,支出,生活支出,生活支出,0,,,13,2026-03-20 16:38:13,2026-03-20 16:38:13,2026-03-20 16:38:13
5464,2021-07-15,45.0,城市之家,旧账导入-2021,支出,住宿,住宿,0,,,13,2026-03-20 16:38:13,2026-03-20 16:38:13,2026-03-20 16:38:13
5463,2021-07-15,8.0,交通出行,旧账导入-2021,支出,交通,交通,0,,,13,2026-03-20 16:38:13,2026-03-20 16:38:13,2026-03-20 16:38:13
5462,2021-07-15,20.0,餐饮,旧账导入-2021,支出,食品饮料,食品饮料,0,,,13,2026-03-20 16:38:13,2026-03-20 16:38:13,2026-03-20 16:38:13
5461,2021-07-15,10.5,晚餐,旧账导入-2021,支出,食品饮料,食品饮料,0,,,13,2026-03-20 16:38:13,2026-03-20 16:38:13,2026-03-20 16:38:13
5460,2021-07-15,13.0,午餐,旧账导入-2021,支出,食品饮料,食品饮料,0,,,13,2026-03-20 16:38:13,2026-03-20 16:38:13,2026-03-20 16:38:13
5459,2021-07-14,8.5,餐饮,旧账导入-2021,支出,食品饮料,食品饮料,0,,,13,2026-03-20 16:38:13,2026-03-20 16:38:13,2026-03-20 16:38:13
5458,2021-07-14,11.5,午餐,旧账导入-2021,支出,食品饮料,食品饮料,0,,,13,2026-03-20 16:38:13,2026-03-20 16:38:13,2026-03-20 16:38:13
5457,2021-07-14,8.0,早餐,旧账导入-2021,支出,食品饮料,食品饮料,0,,,13,2026-03-20 16:38:13,2026-03-20 16:38:13,2026-03-20 16:38:13
5456,2021-07-13,5.0,交通出行,旧账导入-2021,支出,交通,交通,0,,,13,2026-03-20 16:38:13,2026-03-20 16:38:13,2026-03-20 16:38:13
5455,2021-07-13,11.0,晚餐,旧账导入-2021,支出,食品饮料,食品饮料,0,,,13,2026-03-20 16:38:13,2026-03-20 16:38:13,2026-03-20 16:38:13
5454,2021-07-13,13.0,午餐,旧账导入-2021,支出,食品饮料,食品饮料,0,,,13,2026-03-20 16:38:13,2026-03-20 16:38:13,2026-03-20 16:38:13
5453,2021-07-12,1000.0,爸,旧账导入-2021,收入,亲友转账,亲友转账,0,,,13,2026-03-20 16:38:13,2026-03-20 16:38:13,2026-03-20 16:38:13
5452,2021-07-12,27.0,托盘+桌布,旧账导入-2021,支出,生活支出,生活支出,0,,,13,2026-03-20 16:38:13,2026-03-20 16:38:13,2026-03-20 16:38:13
5451,2021-07-12,11.0,配钥匙,旧账导入-2021,支出,生活支出,生活支出,0,,,13,2026-03-20 16:38:13,2026-03-20 16:38:13,2026-03-20 16:38:13
5450,2021-07-12,14.0,餐饮,旧账导入-2021,支出,食品饮料,食品饮料,0,,,13,2026-03-20 16:38:13,2026-03-20 16:38:13,2026-03-20 16:38:13
5449,2021-07-12,13.0,午餐,旧账导入-2021,支出,食品饮料,食品饮料,0,,,13,2026-03-20 16:38:13,2026-03-20 16:38:13,2026-03-20 16:38:13
5448,2021-07-11,12.0,软件,旧账导入-2021,支出,学习/培训/办公,学习/培训/办公,0,,,13,2026-03-20 16:38:13,2026-03-20 16:38:13,2026-03-20 16:38:13
5447,2021-07-11,9.0,胶带,旧账导入-2021,支出,生活支出,生活支出,0,,,13,2026-03-20 16:38:13,2026-03-20 16:38:13,2026-03-20 16:38:13
5446,2021-07-11,96.0,城市之家,旧账导入-2021,支出,住宿,住宿,0,,,13,2026-03-20 16:38:13,2026-03-20 16:38:13,2026-03-20 16:38:13
5445,2021-07-11,7.0,交通出行,旧账导入-2021,支出,交通,交通,0,,,13,2026-03-20 16:38:13,2026-03-20 16:38:13,2026-03-20 16:38:13
5444,2021-07-11,6.0,餐饮,旧账导入-2021,支出,食品饮料,食品饮料,0,,,13,2026-03-20 16:38:13,2026-03-20 16:38:13,2026-03-20 16:38:13
5443,2021-07-11,21.0,晚餐,旧账导入-2021,支出,食品饮料,食品饮料,0,,,13,2026-03-20 16:38:13,2026-03-20 16:38:13,2026-03-20 16:38:13
5442,2021-07-11,13.0,午餐,旧账导入-2021,支出,食品饮料,食品饮料,0,,,13,2026-03-20 16:38:13,2026-03-20 16:38:13,2026-03-20 16:38:13
5441,2021-07-11,12.0,早餐,旧账导入-2021,支出,食品饮料,食品饮料,0,,,13,2026-03-20 16:38:13,2026-03-20 16:38:13,2026-03-20 16:38:13
5440,2021-07-10,68.0,刮痧,旧账导入-2021,支出,生活支出,生活支出,0,,,13,2026-03-20 16:38:13,2026-03-20 16:38:13,2026-03-20 16:38:13
5439,2021-07-10,34.0,sm套装,旧账导入-2021,支出,生活支出,生活支出,0,,,13,2026-03-20 16:38:13,2026-03-20 16:38:13,2026-03-20 16:38:13
5438,2021-07-10,4.0,交通出行,旧账导入-2021,支出,交通,交通,0,,,13,2026-03-20 16:38:13,2026-03-20 16:38:13,2026-03-20 16:38:13
5437,2021-07-10,24.0,茶叶+水果,旧账导入-2021,支出,食品饮料,食品饮料,0,,,13,2026-03-20 16:38:13,2026-03-20 16:38:13,2026-03-20 16:38:13
5436,2021-07-10,10.0,晚餐,旧账导入-2021,支出,食品饮料,食品饮料,0,,,13,2026-03-20 16:38:13,2026-03-20 16:38:13,2026-03-20 16:38:13
5435,2021-07-10,44.0,鱼火锅,旧账导入-2021,支出,食品饮料,食品饮料,0,,,13,2026-03-20 16:38:13,2026-03-20 16:38:13,2026-03-20 16:38:13
5434,2021-07-09,16.5,交通出行,旧账导入-2021,支出,交通,交通,0,,,13,2026-03-20 16:38:13,2026-03-20 16:38:13,2026-03-20 16:38:13
5433,2021-07-09,5.0,餐饮,旧账导入-2021,支出,食品饮料,食品饮料,0,,,13,2026-03-20 16:38:13,2026-03-20 16:38:13,2026-03-20 16:38:13
5432,2021-07-09,12.0,晚餐,旧账导入-2021,支出,食品饮料,食品饮料,0,,,13,2026-03-20 16:38:13,2026-03-20 16:38:13,2026-03-20 16:38:13
5431,2021-07-09,15.0,午餐,旧账导入-2021,支出,食品饮料,食品饮料,0,,,13,2026-03-20 16:38:13,2026-03-20 16:38:13,2026-03-20 16:38:13
5430,2021-07-09,6.5,早餐,旧账导入-2021,支出,食品饮料,食品饮料,0,,,13,2026-03-20 16:38:13,2026-03-20 16:38:13,2026-03-20 16:38:13
5429,2021-07-08,1100.0,游泳成人班,旧账导入-2021,支出,学习/培训/办公,学习/培训/办公,0,,,13,2026-03-20 16:38:13,2026-03-20 16:38:13,2026-03-20 16:38:13
5428,2021-07-08,6.0,网盘,旧账导入-2021,支出,虚拟充值/通讯,虚拟充值/通讯,0,,,13,2026-03-20 16:38:13,2026-03-20 16:38:13,2026-03-20 16:38:13
5427,2021-07-08,15.0,李建峰-吃的,旧账导入-2021,支出,社交,社交,0,,,13,2026-03-20 16:38:13,2026-03-20 16:38:13,2026-03-20 16:38:13
5426,2021-07-08,17.12,交通出行,旧账导入-2021,支出,交通,交通,0,,,13,2026-03-20 16:38:13,2026-03-20 16:38:13,2026-03-20 16:38:13
5425,2021-07-08,5.0,晚餐,旧账导入-2021,支出,食品饮料,食品饮料,0,,,13,2026-03-20 16:38:13,2026-03-20 16:38:13,2026-03-20 16:38:13
5424,2021-07-07,17.0,奶泡器,旧账导入-2021,支出,生活支出,生活支出,0,,,13,2026-03-20 16:38:13,2026-03-20 16:38:13,2026-03-20 16:38:13
5423,2021-07-07,174.0,如家,旧账导入-2021,支出,住宿,住宿,0,,,13,2026-03-20 16:38:13,2026-03-20 16:38:13,2026-03-20 16:38:13
5422,2021-07-07,487.4,卡丁车办卡,旧账导入-2021,支出,娱乐/运动,娱乐/运动,0,,,13,2026-03-20 16:38:13,2026-03-20 16:38:13,2026-03-20 16:38:13
5421,2021-07-07,23.0,晚餐,旧账导入-2021,支出,食品饮料,食品饮料,0,,,13,2026-03-20 16:38:13,2026-03-20 16:38:13,2026-03-20 16:38:13
5420,2021-07-06,230.0,龙舟队训练费,旧账导入-2021,收入,其他,其他,0,,,13,2026-03-20 16:38:13,2026-03-20 16:38:13,2026-03-20 16:38:13
5419,2021-07-06,275.0,科三补考费+eviews,旧账导入-2021,支出,学习/培训/办公,学习/培训/办公,0,,,13,2026-03-20 16:38:13,2026-03-20 16:38:13,2026-03-20 16:38:13
5418,2021-07-06,67.7,漱口水+杯子,旧账导入-2021,支出,生活支出,生活支出,0,,,13,2026-03-20 16:38:13,2026-03-20 16:38:13,2026-03-20 16:38:13
5417,2021-07-06,15.0,套,旧账导入-2021,支出,生活支出,生活支出,0,,,13,2026-03-20 16:38:13,2026-03-20 16:38:13,2026-03-20 16:38:13
5416,2021-07-06,13.1,交通出行,旧账导入-2021,支出,交通,交通,0,,,13,2026-03-20 16:38:13,2026-03-20 16:38:13,2026-03-20 16:38:13
5415,2021-07-06,34.0,咖啡粉,旧账导入-2021,支出,食品饮料,食品饮料,0,,,13,2026-03-20 16:38:13,2026-03-20 16:38:13,2026-03-20 16:38:13
5414,2021-07-06,13.0,午餐,旧账导入-2021,支出,食品饮料,食品饮料,0,,,13,2026-03-20 16:38:13,2026-03-20 16:38:13,2026-03-20 16:38:13
5413,2021-07-05,16.5,温度计+杯子,旧账导入-2021,支出,生活支出,生活支出,0,,,13,2026-03-20 16:38:13,2026-03-20 16:38:13,2026-03-20 16:38:13
5412,2021-07-05,35.0,猫咖,旧账导入-2021,支出,娱乐/运动,娱乐/运动,0,,,13,2026-03-20 16:38:13,2026-03-20 16:38:13,2026-03-20 16:38:13
5411,2021-07-05,10.0,晚餐,旧账导入-2021,支出,食品饮料,食品饮料,0,,,13,2026-03-20 16:38:13,2026-03-20 16:38:13,2026-03-20 16:38:13
5410,2021-07-05,15.0,午餐,旧账导入-2021,支出,食品饮料,食品饮料,0,,,13,2026-03-20 16:38:13,2026-03-20 16:38:13,2026-03-20 16:38:13
5409,2021-07-04,66.0,三哥-生日,旧账导入-2021,支出,社交,社交,0,,,13,2026-03-20 16:38:13,2026-03-20 16:38:13,2026-03-20 16:38:13
5408,2021-07-04,12.0,晚餐,旧账导入-2021,支出,食品饮料,食品饮料,0,,,13,2026-03-20 16:38:13,2026-03-20 16:38:13,2026-03-20 16:38:13
5407,2021-07-04,13.0,午餐,旧账导入-2021,支出,食品饮料,食品饮料,0,,,13,2026-03-20 16:38:13,2026-03-20 16:38:13,2026-03-20 16:38:13
5406,2021-07-03,25.0,软件,旧账导入-2021,支出,学习/培训/办公,学习/培训/办公,0,,,13,2026-03-20 16:38:13,2026-03-20 16:38:13,2026-03-20 16:38:13
5405,2021-07-03,6.0,生活支出,旧账导入-2021,支出,生活支出,生活支出,0,,,13,2026-03-20 16:38:13,2026-03-20 16:38:13,2026-03-20 16:38:13
5404,2021-07-03,22.0,水果零食菜,旧账导入-2021,支出,食品饮料,食品饮料,0,,,13,2026-03-20 16:38:13,2026-03-20 16:38:13,2026-03-20 16:38:13
5403,2021-07-03,12.0,晚餐,旧账导入-2021,支出,食品饮料,食品饮料,0,,,13,2026-03-20 16:38:13,2026-03-20 16:38:13,2026-03-20 16:38:13
5402,2021-07-03,13.0,午餐,旧账导入-2021,支出,食品饮料,食品饮料,0,,,13,2026-03-20 16:38:13,2026-03-20 16:38:13,2026-03-20 16:38:13
5401,2021-07-02,102.0,吃的,旧账导入-2021,支出,亲友转账,亲友转账,0,,,13,2026-03-20 16:38:13,2026-03-20 16:38:13,2026-03-20 16:38:13
5400,2021-07-02,27.0,交通出行,旧账导入-2021,支出,交通,交通,0,,,13,2026-03-20 16:38:13,2026-03-20 16:38:13,2026-03-20 16:38:13
5399,2021-07-02,25.0,咖啡+拼多多,旧账导入-2021,支出,食品饮料,食品饮料,0,,,13,2026-03-20 16:38:13,2026-03-20 16:38:13,2026-03-20 16:38:13
5398,2021-07-02,27.0,午餐,旧账导入-2021,支出,食品饮料,食品饮料,0,,,13,2026-03-20 16:38:13,2026-03-20 16:38:13,2026-03-20 16:38:13
5397,2021-07-01,2000.0,妈,旧账导入-2021,收入,亲友转账,亲友转账,0,,,13,2026-03-20 16:38:13,2026-03-20 16:38:13,2026-03-20 16:38:13
5396,2021-07-01,164.0,如家,旧账导入-2021,支出,住宿,住宿,0,,,13,2026-03-20 16:38:13,2026-03-20 16:38:13,2026-03-20 16:38:13
5395,2021-07-01,100.0,冒菜充卡,旧账导入-2021,支出,食品饮料,食品饮料,0,,,13,2026-03-20 16:38:13,2026-03-20 16:38:13,2026-03-20 16:38:13
5394,2021-07-01,12.0,午餐,旧账导入-2021,支出,食品饮料,食品饮料,0,,,13,2026-03-20 16:38:13,2026-03-20 16:38:13,2026-03-20 16:38:13
5393,2021-06-30,26.0,咖啡水壶,旧账导入-2021,支出,生活支出,生活支出,0,,,13,2026-03-20 16:38:13,2026-03-20 16:38:13,2026-03-20 16:38:13
5392,2021-06-30,78.0,游泳套装,旧账导入-2021,支出,服饰,服饰,0,,,13,2026-03-20 16:38:13,2026-03-20 16:38:13,2026-03-20 16:38:13
5391,2021-06-30,20.0,晚餐,旧账导入-2021,支出,食品饮料,食品饮料,0,,,13,2026-03-20 16:38:13,2026-03-20 16:38:13,2026-03-20 16:38:13
5390,2021-06-30,10.0,午餐,旧账导入-2021,支出,食品饮料,食品饮料,0,,,13,2026-03-20 16:38:13,2026-03-20 16:38:13,2026-03-20 16:38:13
5389,2021-06-29,200.0,妈,旧账导入-2021,收入,亲友转账,亲友转账,0,,,13,2026-03-20 16:38:13,2026-03-20 16:38:13,2026-03-20 16:38:13
5388,2021-06-29,44.0,水果+咖啡,旧账导入-2021,支出,食品饮料,食品饮料,0,,,13,2026-03-20 16:38:13,2026-03-20 16:38:13,2026-03-20 16:38:13
5387,2021-06-29,71.0,晚餐,旧账导入-2021,支出,食品饮料,食品饮料,0,,,13,2026-03-20 16:38:13,2026-03-20 16:38:13,2026-03-20 16:38:13
5386,2021-06-29,14.5,午餐,旧账导入-2021,支出,食品饮料,食品饮料,0,,,13,2026-03-20 16:38:13,2026-03-20 16:38:13,2026-03-20 16:38:13
5385,2021-06-29,5.2,早餐,旧账导入-2021,支出,食品饮料,食品饮料,0,,,13,2026-03-20 16:38:13,2026-03-20 16:38:13,2026-03-20 16:38:13
5384,2021-06-28,15.0,软件,旧账导入-2021,支出,学习/培训/办公,学习/培训/办公,0,,,13,2026-03-20 16:38:13,2026-03-20 16:38:13,2026-03-20 16:38:13
5383,2021-06-28,31.0,咖啡+西瓜,旧账导入-2021,支出,食品饮料,食品饮料,0,,,13,2026-03-20 16:38:13,2026-03-20 16:38:13,2026-03-20 16:38:13
5382,2021-06-28,16.0,晚餐,旧账导入-2021,支出,食品饮料,食品饮料,0,,,13,2026-03-20 16:38:13,2026-03-20 16:38:13,2026-03-20 16:38:13
5381,2021-06-28,15.0,午餐,旧账导入-2021,支出,食品饮料,食品饮料,0,,,13,2026-03-20 16:38:13,2026-03-20 16:38:13,2026-03-20 16:38:13
5380,2021-06-27,14.0,晚餐,旧账导入-2021,支出,食品饮料,食品饮料,0,,,13,2026-03-20 16:38:13,2026-03-20 16:38:13,2026-03-20 16:38:13
5379,2021-06-27,14.0,午餐,旧账导入-2021,支出,食品饮料,食品饮料,0,,,13,2026-03-20 16:38:13,2026-03-20 16:38:13,2026-03-20 16:38:13
5378,2021-06-26,7.28,衣帽服饰,旧账导入-2021,支出,服饰,服饰,0,,,13,2026-03-20 16:38:13,2026-03-20 16:38:13,2026-03-20 16:38:13
5377,2021-06-26,20.0,交通出行,旧账导入-2021,支出,交通,交通,0,,,13,2026-03-20 16:38:13,2026-03-20 16:38:13,2026-03-20 16:38:13
5376,2021-06-26,7.5,餐饮,旧账导入-2021,支出,食品饮料,食品饮料,0,,,13,2026-03-20 16:38:13,2026-03-20 16:38:13,2026-03-20 16:38:13
5375,2021-06-26,14.0,晚餐,旧账导入-2021,支出,食品饮料,食品饮料,0,,,13,2026-03-20 16:38:13,2026-03-20 16:38:13,2026-03-20 16:38:13
5374,2021-06-26,14.5,午餐,旧账导入-2021,支出,食品饮料,食品饮料,0,,,13,2026-03-20 16:38:13,2026-03-20 16:38:13,2026-03-20 16:38:13
5373,2021-06-25,80.0,看眼睛,旧账导入-2021,支出,生活支出,生活支出,0,,,13,2026-03-20 16:38:13,2026-03-20 16:38:13,2026-03-20 16:38:13
5372,2021-06-25,10.0,文体教育,旧账导入-2021,支出,学习/培训/办公,学习/培训/办公,0,,,13,2026-03-20 16:38:13,2026-03-20 16:38:13,2026-03-20 16:38:13
5371,2021-06-25,10.0,交通出行,旧账导入-2021,支出,交通,交通,0,,,13,2026-03-20 16:38:13,2026-03-20 16:38:13,2026-03-20 16:38:13
5370,2021-06-25,8.0,餐饮,旧账导入-2021,支出,食品饮料,食品饮料,0,,,13,2026-03-20 16:38:13,2026-03-20 16:38:13,2026-03-20 16:38:13
5369,2021-06-25,24.0,晚餐,旧账导入-2021,支出,食品饮料,食品饮料,0,,,13,2026-03-20 16:38:13,2026-03-20 16:38:13,2026-03-20 16:38:13
5368,2021-06-25,23.5,午餐,旧账导入-2021,支出,食品饮料,食品饮料,0,,,13,2026-03-20 16:38:13,2026-03-20 16:38:13,2026-03-20 16:38:13
5367,2021-06-25,6.5,早餐,旧账导入-2021,支出,食品饮料,食品饮料,0,,,13,2026-03-20 16:38:13,2026-03-20 16:38:13,2026-03-20 16:38:13
5366,2021-06-24,7.5,交通出行,旧账导入-2021,支出,交通,交通,0,,,13,2026-03-20 16:38:13,2026-03-20 16:38:13,2026-03-20 16:38:13
5365,2021-06-24,5.0,餐饮,旧账导入-2021,支出,食品饮料,食品饮料,0,,,13,2026-03-20 16:38:13,2026-03-20 16:38:13,2026-03-20 16:38:13
5364,2021-06-24,10.0,晚餐,旧账导入-2021,支出,食品饮料,食品饮料,0,,,13,2026-03-20 16:38:13,2026-03-20 16:38:13,2026-03-20 16:38:13
5363,2021-06-24,14.5,午餐,旧账导入-2021,支出,食品饮料,食品饮料,0,,,13,2026-03-20 16:38:13,2026-03-20 16:38:13,2026-03-20 16:38:13
5362,2021-06-23,4.0,餐饮,旧账导入-2021,支出,食品饮料,食品饮料,0,,,13,2026-03-20 16:38:13,2026-03-20 16:38:13,2026-03-20 16:38:13
5361,2021-06-23,33.0,晚餐,旧账导入-2021,支出,食品饮料,食品饮料,0,,,13,2026-03-20 16:38:13,2026-03-20 16:38:13,2026-03-20 16:38:13
5360,2021-06-23,22.0,午餐,旧账导入-2021,支出,食品饮料,食品饮料,0,,,13,2026-03-20 16:38:13,2026-03-20 16:38:13,2026-03-20 16:38:13
5359,2021-06-22,37.0,咖啡,旧账导入-2021,支出,食品饮料,食品饮料,0,,,13,2026-03-20 16:38:13,2026-03-20 16:38:13,2026-03-20 16:38:13
5358,2021-06-22,20.0,晚餐,旧账导入-2021,支出,食品饮料,食品饮料,0,,,13,2026-03-20 16:38:13,2026-03-20 16:38:13,2026-03-20 16:38:13
5357,2021-06-21,25.0,杯子,旧账导入-2021,支出,生活支出,生活支出,0,,,13,2026-03-20 16:38:13,2026-03-20 16:38:13,2026-03-20 16:38:13
5356,2021-06-21,176.0,住宿支出,旧账导入-2021,支出,住宿,住宿,0,,,13,2026-03-20 16:38:13,2026-03-20 16:38:13,2026-03-20 16:38:13
5355,2021-06-21,-150.0,悦姐姐,旧账导入-2021,支出,亲友转账,亲友转账,0,,,13,2026-03-20 16:38:13,2026-03-20 16:38:13,2026-03-20 16:38:13
5354,2021-06-21,12.0,餐饮,旧账导入-2021,支出,食品饮料,食品饮料,0,,,13,2026-03-20 16:38:13,2026-03-20 16:38:13,2026-03-20 16:38:13
5353,2021-06-21,76.0,晚餐,旧账导入-2021,支出,食品饮料,食品饮料,0,,,13,2026-03-20 16:38:13,2026-03-20 16:38:13,2026-03-20 16:38:13
5352,2021-06-21,18.0,午餐,旧账导入-2021,支出,食品饮料,食品饮料,0,,,13,2026-03-20 16:38:13,2026-03-20 16:38:13,2026-03-20 16:38:13
5351,2021-06-21,10.0,早餐,旧账导入-2021,支出,食品饮料,食品饮料,0,,,13,2026-03-20 16:38:13,2026-03-20 16:38:13,2026-03-20 16:38:13
5350,2021-06-20,50.0,交通出行,旧账导入-2021,支出,交通,交通,0,,,13,2026-03-20 16:38:13,2026-03-20 16:38:13,2026-03-20 16:38:13
5349,2021-06-20,36.0,咖啡,旧账导入-2021,支出,食品饮料,食品饮料,0,,,13,2026-03-20 16:38:13,2026-03-20 16:38:13,2026-03-20 16:38:13
5348,2021-06-20,8.8,晚餐,旧账导入-2021,支出,食品饮料,食品饮料,0,,,13,2026-03-20 16:38:13,2026-03-20 16:38:13,2026-03-20 16:38:13
5347,2021-06-20,12.0,午餐,旧账导入-2021,支出,食品饮料,食品饮料,0,,,13,2026-03-20 16:38:13,2026-03-20 16:38:13,2026-03-20 16:38:13
5346,2021-06-20,10.0,早餐,旧账导入-2021,支出,食品饮料,食品饮料,0,,,13,2026-03-20 16:38:13,2026-03-20 16:38:13,2026-03-20 16:38:13
5345,2021-06-19,30.0,话费,旧账导入-2021,支出,生活支出,生活支出,0,,,13,2026-03-20 16:38:13,2026-03-20 16:38:13,2026-03-20 16:38:13
5344,2021-06-19,100.0,充卡,旧账导入-2021,支出,亲友转账,亲友转账,0,,,13,2026-03-20 16:38:13,2026-03-20 16:38:13,2026-03-20 16:38:13
5343,2021-06-19,20.5,交通出行,旧账导入-2021,支出,交通,交通,0,,,13,2026-03-20 16:38:13,2026-03-20 16:38:13,2026-03-20 16:38:13
5342,2021-06-19,20.0,午餐,旧账导入-2021,支出,食品饮料,食品饮料,0,,,13,2026-03-20 16:38:13,2026-03-20 16:38:13,2026-03-20 16:38:13
5341,2021-06-19,10.0,早餐,旧账导入-2021,支出,食品饮料,食品饮料,0,,,13,2026-03-20 16:38:13,2026-03-20 16:38:13,2026-03-20 16:38:13
5340,2021-06-18,20.0,咖啡杯,旧账导入-2021,支出,生活支出,生活支出,0,,,13,2026-03-20 16:38:13,2026-03-20 16:38:13,2026-03-20 16:38:13
5339,2021-06-18,268.0,写真,旧账导入-2021,支出,娱乐/运动,娱乐/运动,0,,,13,2026-03-20 16:38:13,2026-03-20 16:38:13,2026-03-20 16:38:13
5338,2021-06-18,17.6,交通出行,旧账导入-2021,支出,交通,交通,0,,,13,2026-03-20 16:38:13,2026-03-20 16:38:13,2026-03-20 16:38:13
5337,2021-06-18,37.0,牛奶+咖啡,旧账导入-2021,支出,食品饮料,食品饮料,0,,,13,2026-03-20 16:38:13,2026-03-20 16:38:13,2026-03-20 16:38:13
5336,2021-06-18,52.8,晚餐,旧账导入-2021,支出,食品饮料,食品饮料,0,,,13,2026-03-20 16:38:13,2026-03-20 16:38:13,2026-03-20 16:38:13
5335,2021-06-18,16.8,午餐,旧账导入-2021,支出,食品饮料,食品饮料,0,,,13,2026-03-20 16:38:13,2026-03-20 16:38:13,2026-03-20 16:38:13
5334,2021-06-17,45.4,水果+咖啡,旧账导入-2021,支出,食品饮料,食品饮料,0,,,13,2026-03-20 16:38:13,2026-03-20 16:38:13,2026-03-20 16:38:13
5333,2021-06-17,13.0,晚餐,旧账导入-2021,支出,食品饮料,食品饮料,0,,,13,2026-03-20 16:38:13,2026-03-20 16:38:13,2026-03-20 16:38:13
5332,2021-06-17,23.0,早餐,旧账导入-2021,支出,食品饮料,食品饮料,0,,,13,2026-03-20 16:38:13,2026-03-20 16:38:13,2026-03-20 16:38:13
5331,2021-06-16,100.0,剪头卡,旧账导入-2021,支出,生活支出,生活支出,0,,,13,2026-03-20 16:38:13,2026-03-20 16:38:13,2026-03-20 16:38:13
5330,2021-06-16,118.0,住宿,旧账导入-2021,支出,住宿,住宿,0,,,13,2026-03-20 16:38:13,2026-03-20 16:38:13,2026-03-20 16:38:13
5329,2021-06-16,10.8,餐饮,旧账导入-2021,支出,食品饮料,食品饮料,0,,,13,2026-03-20 16:38:13,2026-03-20 16:38:13,2026-03-20 16:38:13
5328,2021-06-16,15.5,晚餐,旧账导入-2021,支出,食品饮料,食品饮料,0,,,13,2026-03-20 16:38:13,2026-03-20 16:38:13,2026-03-20 16:38:13
5327,2021-06-16,12.0,午餐,旧账导入-2021,支出,食品饮料,食品饮料,0,,,13,2026-03-20 16:38:13,2026-03-20 16:38:13,2026-03-20 16:38:13
5326,2021-06-15,40.0,咖啡体验,旧账导入-2021,支出,娱乐/运动,娱乐/运动,0,,,13,2026-03-20 16:38:13,2026-03-20 16:38:13,2026-03-20 16:38:13
5325,2021-06-15,30.0,晚餐,旧账导入-2021,支出,食品饮料,食品饮料,0,,,13,2026-03-20 16:38:13,2026-03-20 16:38:13,2026-03-20 16:38:13
5324,2021-06-15,11.0,午餐,旧账导入-2021,支出,食品饮料,食品饮料,0,,,13,2026-03-20 16:38:13,2026-03-20 16:38:13,2026-03-20 16:38:13
5323,2021-06-15,5.8,早餐,旧账导入-2021,支出,食品饮料,食品饮料,0,,,13,2026-03-20 16:38:13,2026-03-20 16:38:13,2026-03-20 16:38:13
5322,2021-06-14,547.08,悦姐姐-生日+鞋,旧账导入-2021,支出,亲友转账,亲友转账,0,,,13,2026-03-20 16:38:13,2026-03-20 16:38:13,2026-03-20 16:38:13
5321,2021-06-14,60.0,晚餐,旧账导入-2021,支出,食品饮料,食品饮料,0,,,13,2026-03-20 16:38:13,2026-03-20 16:38:13,2026-03-20 16:38:13
5320,2021-06-14,92.0,午餐,旧账导入-2021,支出,食品饮料,食品饮料,0,,,13,2026-03-20 16:38:13,2026-03-20 16:38:13,2026-03-20 16:38:13
5319,2021-06-14,30.0,早餐,旧账导入-2021,支出,食品饮料,食品饮料,0,,,13,2026-03-20 16:38:13,2026-03-20 16:38:13,2026-03-20 16:38:13
5318,2021-06-13,30.0,美团,旧账导入-2021,支出,生活支出,生活支出,0,,,13,2026-03-20 16:38:13,2026-03-20 16:38:13,2026-03-20 16:38:13
5317,2021-06-13,313.0,住宿,旧账导入-2021,支出,住宿,住宿,0,,,13,2026-03-20 16:38:13,2026-03-20 16:38:13,2026-03-20 16:38:13
5316,2021-06-13,120.0,陶艺,旧账导入-2021,支出,娱乐/运动,娱乐/运动,0,,,13,2026-03-20 16:38:13,2026-03-20 16:38:13,2026-03-20 16:38:13
5315,2021-06-13,-335.0,悦姐姐,旧账导入-2021,支出,亲友转账,亲友转账,0,,,13,2026-03-20 16:38:13,2026-03-20 16:38:13,2026-03-20 16:38:13
5314,2021-06-13,31.81,交通出行,旧账导入-2021,支出,交通,交通,0,,,13,2026-03-20 16:38:13,2026-03-20 16:38:13,2026-03-20 16:38:13
5313,2021-06-13,128.3,餐饮,旧账导入-2021,支出,食品饮料,食品饮料,0,,,13,2026-03-20 16:38:13,2026-03-20 16:38:13,2026-03-20 16:38:13
5312,2021-06-13,44.9,晚餐,旧账导入-2021,支出,食品饮料,食品饮料,0,,,13,2026-03-20 16:38:13,2026-03-20 16:38:13,2026-03-20 16:38:13
5311,2021-06-13,22.0,午餐,旧账导入-2021,支出,食品饮料,食品饮料,0,,,13,2026-03-20 16:38:13,2026-03-20 16:38:13,2026-03-20 16:38:13
5310,2021-06-12,125.0,跳蛋,旧账导入-2021,支出,生活支出,生活支出,0,,,13,2026-03-20 16:38:13,2026-03-20 16:38:13,2026-03-20 16:38:13
5309,2021-06-12,20.0,网吧,旧账导入-2021,支出,娱乐/运动,娱乐/运动,0,,,13,2026-03-20 16:38:13,2026-03-20 16:38:13,2026-03-20 16:38:13
5308,2021-06-12,13.0,晚餐,旧账导入-2021,支出,食品饮料,食品饮料,0,,,13,2026-03-20 16:38:13,2026-03-20 16:38:13,2026-03-20 16:38:13
5307,2021-06-12,12.0,午餐,旧账导入-2021,支出,食品饮料,食品饮料,0,,,13,2026-03-20 16:38:13,2026-03-20 16:38:13,2026-03-20 16:38:13
5306,2021-06-11,1600.0,妈+爸,旧账导入-2021,收入,亲友转账,亲友转账,0,,,13,2026-03-20 16:38:13,2026-03-20 16:38:13,2026-03-20 16:38:13
5305,2021-06-11,36.0,驾照套,旧账导入-2021,支出,生活支出,生活支出,0,,,13,2026-03-20 16:38:13,2026-03-20 16:38:13,2026-03-20 16:38:13
5304,2021-06-11,19.9,网吧,旧账导入-2021,支出,娱乐/运动,娱乐/运动,0,,,13,2026-03-20 16:38:13,2026-03-20 16:38:13,2026-03-20 16:38:13
5303,2021-06-11,5.5,交通出行,旧账导入-2021,支出,交通,交通,0,,,13,2026-03-20 16:38:13,2026-03-20 16:38:13,2026-03-20 16:38:13
5302,2021-06-11,34.8,水果,旧账导入-2021,支出,食品饮料,食品饮料,0,,,13,2026-03-20 16:38:13,2026-03-20 16:38:13,2026-03-20 16:38:13
5301,2021-06-11,32.5,晚餐,旧账导入-2021,支出,食品饮料,食品饮料,0,,,13,2026-03-20 16:38:13,2026-03-20 16:38:13,2026-03-20 16:38:13
5300,2021-06-11,36.0,午餐,旧账导入-2021,支出,食品饮料,食品饮料,0,,,13,2026-03-20 16:38:13,2026-03-20 16:38:13,2026-03-20 16:38:13
5299,2021-06-10,300.0,科二模拟,旧账导入-2021,支出,学习/培训/办公,学习/培训/办公,0,,,13,2026-03-20 16:38:13,2026-03-20 16:38:13,2026-03-20 16:38:13
5298,2021-06-10,6.0,挂钩,旧账导入-2021,支出,生活支出,生活支出,0,,,13,2026-03-20 16:38:13,2026-03-20 16:38:13,2026-03-20 16:38:13
5297,2021-06-10,25.0,枸杞+水果,旧账导入-2021,支出,食品饮料,食品饮料,0,,,13,2026-03-20 16:38:13,2026-03-20 16:38:13,2026-03-20 16:38:13
5296,2021-06-10,5.9,晚餐,旧账导入-2021,支出,食品饮料,食品饮料,0,,,13,2026-03-20 16:38:13,2026-03-20 16:38:13,2026-03-20 16:38:13
5295,2021-06-10,15.0,午餐,旧账导入-2021,支出,食品饮料,食品饮料,0,,,13,2026-03-20 16:38:13,2026-03-20 16:38:13,2026-03-20 16:38:13
5294,2021-06-10,7.0,早餐,旧账导入-2021,支出,食品饮料,食品饮料,0,,,13,2026-03-20 16:38:13,2026-03-20 16:38:13,2026-03-20 16:38:13
5293,2021-06-09,13.0,晚餐,旧账导入-2021,支出,食品饮料,食品饮料,0,,,13,2026-03-20 16:38:13,2026-03-20 16:38:13,2026-03-20 16:38:13
5292,2021-06-09,8.0,午餐,旧账导入-2021,支出,食品饮料,食品饮料,0,,,13,2026-03-20 16:38:13,2026-03-20 16:38:13,2026-03-20 16:38:13
5291,2021-06-08,161.0,住宿支出,旧账导入-2021,支出,住宿,住宿,0,,,13,2026-03-20 16:38:13,2026-03-20 16:38:13,2026-03-20 16:38:13
5290,2021-06-08,98.0,晚餐,旧账导入-2021,支出,食品饮料,食品饮料,0,,,13,2026-03-20 16:38:13,2026-03-20 16:38:13,2026-03-20 16:38:13
5289,2021-06-08,13.0,午餐,旧账导入-2021,支出,食品饮料,食品饮料,0,,,13,2026-03-20 16:38:13,2026-03-20 16:38:13,2026-03-20 16:38:13
5288,2021-06-07,35.0,悦姐姐,旧账导入-2021,支出,亲友转账,亲友转账,0,,,13,2026-03-20 16:38:13,2026-03-20 16:38:13,2026-03-20 16:38:13
5287,2021-06-07,79.0,水果+巧克力,旧账导入-2021,支出,食品饮料,食品饮料,0,,,13,2026-03-20 16:38:13,2026-03-20 16:38:13,2026-03-20 16:38:13
5286,2021-06-07,16.0,晚餐,旧账导入-2021,支出,食品饮料,食品饮料,0,,,13,2026-03-20 16:38:13,2026-03-20 16:38:13,2026-03-20 16:38:13
5285,2021-06-07,11.5,午餐,旧账导入-2021,支出,食品饮料,食品饮料,0,,,13,2026-03-20 16:38:13,2026-03-20 16:38:13,2026-03-20 16:38:13
5284,2021-06-06,9.04,拼多多,旧账导入-2021,支出,生活支出,生活支出,0,,,13,2026-03-20 16:38:13,2026-03-20 16:38:13,2026-03-20 16:38:13
5283,2021-06-06,32.0,牛奶,旧账导入-2021,支出,食品饮料,食品饮料,0,,,13,2026-03-20 16:38:13,2026-03-20 16:38:13,2026-03-20 16:38:13
5282,2021-06-06,18.0,晚餐,旧账导入-2021,支出,食品饮料,食品饮料,0,,,13,2026-03-20 16:38:13,2026-03-20 16:38:13,2026-03-20 16:38:13
5281,2021-06-06,25.0,午餐,旧账导入-2021,支出,食品饮料,食品饮料,0,,,13,2026-03-20 16:38:13,2026-03-20 16:38:13,2026-03-20 16:38:13
5280,2021-06-05,25.0,剪头,旧账导入-2021,支出,生活支出,生活支出,0,,,13,2026-03-20 16:38:13,2026-03-20 16:38:13,2026-03-20 16:38:13
5279,2021-06-05,85.0,莉莉-海鲜自助,旧账导入-2021,支出,社交,社交,0,,,13,2026-03-20 16:38:13,2026-03-20 16:38:13,2026-03-20 16:38:13
5278,2021-06-05,12.47,交通出行,旧账导入-2021,支出,交通,交通,0,,,13,2026-03-20 16:38:13,2026-03-20 16:38:13,2026-03-20 16:38:13
5277,2021-06-05,29.0,晚餐,旧账导入-2021,支出,食品饮料,食品饮料,0,,,13,2026-03-20 16:38:13,2026-03-20 16:38:13,2026-03-20 16:38:13
5276,2021-06-05,85.0,午餐,旧账导入-2021,支出,食品饮料,食品饮料,0,,,13,2026-03-20 16:38:13,2026-03-20 16:38:13,2026-03-20 16:38:13
5275,2021-06-04,9.7,悦姐姐,旧账导入-2021,支出,亲友转账,亲友转账,0,,,13,2026-03-20 16:38:13,2026-03-20 16:38:13,2026-03-20 16:38:13
5274,2021-06-04,164.0,请客,旧账导入-2021,支出,食品饮料,食品饮料,0,,,13,2026-03-20 16:38:13,2026-03-20 16:38:13,2026-03-20 16:38:13
5273,2021-06-04,30.0,午餐,旧账导入-2021,支出,食品饮料,食品饮料,0,,,13,2026-03-20 16:38:13,2026-03-20 16:38:13,2026-03-20 16:38:13
5272,2021-06-04,48.68,早餐,旧账导入-2021,支出,食品饮料,食品饮料,0,,,13,2026-03-20 16:38:13,2026-03-20 16:38:13,2026-03-20 16:38:13
5271,2021-06-03,147.0,住宿支出,旧账导入-2021,支出,住宿,住宿,0,,,13,2026-03-20 16:38:13,2026-03-20 16:38:13,2026-03-20 16:38:13
5270,2021-06-03,29.0,餐饮,旧账导入-2021,支出,食品饮料,食品饮料,0,,,13,2026-03-20 16:38:13,2026-03-20 16:38:13,2026-03-20 16:38:13
5269,2021-06-03,13.0,晚餐,旧账导入-2021,支出,食品饮料,食品饮料,0,,,13,2026-03-20 16:38:13,2026-03-20 16:38:13,2026-03-20 16:38:13
5268,2021-06-03,18.0,午餐,旧账导入-2021,支出,食品饮料,食品饮料,0,,,13,2026-03-20 16:38:13,2026-03-20 16:38:13,2026-03-20 16:38:13
5267,2021-06-02,16.0,一次性餐盒,旧账导入-2021,支出,生活支出,生活支出,0,,,13,2026-03-20 16:38:13,2026-03-20 16:38:13,2026-03-20 16:38:13
5266,2021-06-02,55.0,晚餐,旧账导入-2021,支出,食品饮料,食品饮料,0,,,13,2026-03-20 16:38:13,2026-03-20 16:38:13,2026-03-20 16:38:13
5265,2021-06-02,11.0,午餐,旧账导入-2021,支出,食品饮料,食品饮料,0,,,13,2026-03-20 16:38:13,2026-03-20 16:38:13,2026-03-20 16:38:13
5264,2021-06-01,2000.0,妈,旧账导入-2021,收入,亲友转账,亲友转账,0,,,13,2026-03-20 16:38:13,2026-03-20 16:38:13,2026-03-20 16:38:13
5263,2021-06-01,768.0,凉鞋+飞马37+ohsunny,旧账导入-2021,支出,服饰,服饰,0,,,13,2026-03-20 16:38:13,2026-03-20 16:38:13,2026-03-20 16:38:13
5262,2021-06-01,69.0,奶啤,旧账导入-2021,支出,亲友转账,亲友转账,0,,,13,2026-03-20 16:38:13,2026-03-20 16:38:13,2026-03-20 16:38:13
5261,2021-06-01,15.0,交通出行,旧账导入-2021,支出,交通,交通,0,,,13,2026-03-20 16:38:13,2026-03-20 16:38:13,2026-03-20 16:38:13
5260,2021-06-01,227.0,小龙虾,旧账导入-2021,支出,食品饮料,食品饮料,0,,,13,2026-03-20 16:38:13,2026-03-20 16:38:13,2026-03-20 16:38:13
5259,2021-06-01,18.0,午餐,旧账导入-2021,支出,食品饮料,食品饮料,0,,,13,2026-03-20 16:38:13,2026-03-20 16:38:13,2026-03-20 16:38:13
5258,2021-05-31,13.0,餐盒,旧账导入-2021,支出,生活支出,生活支出,0,,,13,2026-03-20 16:38:13,2026-03-20 16:38:13,2026-03-20 16:38:13
5257,2021-05-31,10.0,餐饮,旧账导入-2021,支出,食品饮料,食品饮料,0,,,13,2026-03-20 16:38:13,2026-03-20 16:38:13,2026-03-20 16:38:13
5256,2021-05-31,16.7,午餐,旧账导入-2021,支出,食品饮料,食品饮料,0,,,13,2026-03-20 16:38:13,2026-03-20 16:38:13,2026-03-20 16:38:13
5255,2021-05-30,72.0,姐姐-鞋,旧账导入-2021,支出,亲友转账,亲友转账,0,,,13,2026-03-20 16:38:13,2026-03-20 16:38:13,2026-03-20 16:38:13
5254,2021-05-30,43.0,晚餐,旧账导入-2021,支出,食品饮料,食品饮料,0,,,13,2026-03-20 16:38:13,2026-03-20 16:38:13,2026-03-20 16:38:13
5253,2021-05-30,16.0,午餐,旧账导入-2021,支出,食品饮料,食品饮料,0,,,13,2026-03-20 16:38:13,2026-03-20 16:38:13,2026-03-20 16:38:13
5252,2021-05-29,-150.0,悦姐姐,旧账导入-2021,支出,亲友转账,亲友转账,0,,,13,2026-03-20 16:38:13,2026-03-20 16:38:13,2026-03-20 16:38:13
5251,2021-05-29,94.0,晚餐,旧账导入-2021,支出,食品饮料,食品饮料,0,,,13,2026-03-20 16:38:13,2026-03-20 16:38:13,2026-03-20 16:38:13
5250,2021-05-29,50.0,午餐,旧账导入-2021,支出,食品饮料,食品饮料,0,,,13,2026-03-20 16:38:13,2026-03-20 16:38:13,2026-03-20 16:38:13
5249,2021-05-28,10.5,蛋白粉盒,旧账导入-2021,支出,生活支出,生活支出,0,,,13,2026-03-20 16:38:13,2026-03-20 16:38:13,2026-03-20 16:38:13
5248,2021-05-28,201.0,住宿支出,旧账导入-2021,支出,住宿,住宿,0,,,13,2026-03-20 16:38:13,2026-03-20 16:38:13,2026-03-20 16:38:13
5247,2021-05-28,63.0,ktv,旧账导入-2021,支出,娱乐/运动,娱乐/运动,0,,,13,2026-03-20 16:38:13,2026-03-20 16:38:13,2026-03-20 16:38:13
5246,2021-05-28,6.0,花,旧账导入-2021,支出,亲友转账,亲友转账,0,,,13,2026-03-20 16:38:13,2026-03-20 16:38:13,2026-03-20 16:38:13
5245,2021-05-28,9.0,晚餐,旧账导入-2021,支出,食品饮料,食品饮料,0,,,13,2026-03-20 16:38:13,2026-03-20 16:38:13,2026-03-20 16:38:13
5244,2021-05-28,17.0,午餐,旧账导入-2021,支出,食品饮料,食品饮料,0,,,13,2026-03-20 16:38:13,2026-03-20 16:38:13,2026-03-20 16:38:13
5243,2021-05-27,32.0,遮阳伞,旧账导入-2021,支出,生活支出,生活支出,0,,,13,2026-03-20 16:38:13,2026-03-20 16:38:13,2026-03-20 16:38:13
5242,2021-05-27,517.75,衣服,旧账导入-2021,支出,服饰,服饰,0,,,13,2026-03-20 16:38:13,2026-03-20 16:38:13,2026-03-20 16:38:13
5241,2021-05-27,8.0,快递,旧账导入-2021,支出,生活支出,生活支出,0,,,13,2026-03-20 16:38:13,2026-03-20 16:38:13,2026-03-20 16:38:13
5240,2021-05-27,23.0,晚餐,旧账导入-2021,支出,食品饮料,食品饮料,0,,,13,2026-03-20 16:38:13,2026-03-20 16:38:13,2026-03-20 16:38:13
5239,2021-05-27,16.0,午餐,旧账导入-2021,支出,食品饮料,食品饮料,0,,,13,2026-03-20 16:38:13,2026-03-20 16:38:13,2026-03-20 16:38:13
5238,2021-05-26,12.8,笔,旧账导入-2021,支出,学习/培训/办公,学习/培训/办公,0,,,13,2026-03-20 16:38:13,2026-03-20 16:38:13,2026-03-20 16:38:13
5237,2021-05-26,27.8,戒指,旧账导入-2021,支出,生活支出,生活支出,0,,,13,2026-03-20 16:38:13,2026-03-20 16:38:13,2026-03-20 16:38:13
5236,2021-05-26,20.0,湿巾,旧账导入-2021,支出,生活支出,生活支出,0,,,13,2026-03-20 16:38:13,2026-03-20 16:38:13,2026-03-20 16:38:13
5235,2021-05-26,19.0,眼睛液,旧账导入-2021,支出,亲友转账,亲友转账,0,,,13,2026-03-20 16:38:13,2026-03-20 16:38:13,2026-03-20 16:38:13
5234,2021-05-26,8.5,餐饮,旧账导入-2021,支出,食品饮料,食品饮料,0,,,13,2026-03-20 16:38:13,2026-03-20 16:38:13,2026-03-20 16:38:13
5233,2021-05-26,15.0,晚餐,旧账导入-2021,支出,食品饮料,食品饮料,0,,,13,2026-03-20 16:38:13,2026-03-20 16:38:13,2026-03-20 16:38:13
5232,2021-05-26,12.0,午餐,旧账导入-2021,支出,食品饮料,食品饮料,0,,,13,2026-03-20 16:38:13,2026-03-20 16:38:13,2026-03-20 16:38:13
5231,2021-05-25,16.5,晚餐,旧账导入-2021,支出,食品饮料,食品饮料,0,,,13,2026-03-20 16:38:13,2026-03-20 16:38:13,2026-03-20 16:38:13
5230,2021-05-25,25.0,午餐,旧账导入-2021,支出,食品饮料,食品饮料,0,,,13,2026-03-20 16:38:13,2026-03-20 16:38:13,2026-03-20 16:38:13
5229,2021-05-24,15.0,餐饮,旧账导入-2021,支出,食品饮料,食品饮料,0,,,13,2026-03-20 16:38:13,2026-03-20 16:38:13,2026-03-20 16:38:13
5228,2021-05-24,23.0,晚餐,旧账导入-2021,支出,食品饮料,食品饮料,0,,,13,2026-03-20 16:38:13,2026-03-20 16:38:13,2026-03-20 16:38:13
5227,2021-05-24,11.0,午餐,旧账导入-2021,支出,食品饮料,食品饮料,0,,,13,2026-03-20 16:38:13,2026-03-20 16:38:13,2026-03-20 16:38:13
5226,2021-05-23,5.0,洗衣,旧账导入-2021,支出,生活支出,生活支出,0,,,13,2026-03-20 16:38:13,2026-03-20 16:38:13,2026-03-20 16:38:13
5225,2021-05-23,48.0,项链,旧账导入-2021,支出,亲友转账,亲友转账,0,,,13,2026-03-20 16:38:13,2026-03-20 16:38:13,2026-03-20 16:38:13
5224,2021-05-23,14.0,午餐,旧账导入-2021,支出,食品饮料,食品饮料,0,,,13,2026-03-20 16:38:13,2026-03-20 16:38:13,2026-03-20 16:38:13
5223,2021-05-23,18.5,早餐,旧账导入-2021,支出,食品饮料,食品饮料,0,,,13,2026-03-20 16:38:13,2026-03-20 16:38:13,2026-03-20 16:38:13
5222,2021-05-22,8.0,快递,旧账导入-2021,支出,生活支出,生活支出,0,,,13,2026-03-20 16:38:13,2026-03-20 16:38:13,2026-03-20 16:38:13
5221,2021-05-22,15.0,晚餐,旧账导入-2021,支出,食品饮料,食品饮料,0,,,13,2026-03-20 16:38:13,2026-03-20 16:38:13,2026-03-20 16:38:13
5220,2021-05-21,7.5,牛奶,旧账导入-2021,支出,食品饮料,食品饮料,0,,,13,2026-03-20 16:38:13,2026-03-20 16:38:13,2026-03-20 16:38:13
5219,2021-05-21,8.5,晚餐,旧账导入-2021,支出,食品饮料,食品饮料,0,,,13,2026-03-20 16:38:13,2026-03-20 16:38:13,2026-03-20 16:38:13
5218,2021-05-21,11.0,午餐,旧账导入-2021,支出,食品饮料,食品饮料,0,,,13,2026-03-20 16:38:13,2026-03-20 16:38:13,2026-03-20 16:38:13
5217,2021-05-20,1000.0,妈,旧账导入-2021,收入,亲友转账,亲友转账,0,,,13,2026-03-20 16:38:13,2026-03-20 16:38:13,2026-03-20 16:38:13
5216,2021-05-20,268.0,花+电影,旧账导入-2021,支出,娱乐/运动,娱乐/运动,0,,,13,2026-03-20 16:38:13,2026-03-20 16:38:13,2026-03-20 16:38:13
5215,2021-05-20,22.0,奶茶,旧账导入-2021,支出,食品饮料,食品饮料,0,,,13,2026-03-20 16:38:13,2026-03-20 16:38:13,2026-03-20 16:38:13
5214,2021-05-20,181.0,午餐,旧账导入-2021,支出,食品饮料,食品饮料,0,,,13,2026-03-20 16:38:13,2026-03-20 16:38:13,2026-03-20 16:38:13
5213,2021-05-19,45.0,伞,旧账导入-2021,支出,生活支出,生活支出,0,,,13,2026-03-20 16:38:13,2026-03-20 16:38:13,2026-03-20 16:38:13
5212,2021-05-19,100.0,悦姐姐,旧账导入-2021,支出,亲友转账,亲友转账,0,,,13,2026-03-20 16:38:13,2026-03-20 16:38:13,2026-03-20 16:38:13
5211,2021-05-19,14.0,晚餐,旧账导入-2021,支出,食品饮料,食品饮料,0,,,13,2026-03-20 16:38:13,2026-03-20 16:38:13,2026-03-20 16:38:13
5210,2021-05-19,138.0,午餐,旧账导入-2021,支出,食品饮料,食品饮料,0,,,13,2026-03-20 16:38:13,2026-03-20 16:38:13,2026-03-20 16:38:13
5209,2021-05-19,16.0,早餐,旧账导入-2021,支出,食品饮料,食品饮料,0,,,13,2026-03-20 16:38:13,2026-03-20 16:38:13,2026-03-20 16:38:13
5208,2021-05-18,188.0,住宿支出,旧账导入-2021,支出,住宿,住宿,0,,,13,2026-03-20 16:38:13,2026-03-20 16:38:13,2026-03-20 16:38:13
5207,2021-05-18,21.0,悦姐姐眼镜盒,旧账导入-2021,支出,亲友转账,亲友转账,0,,,13,2026-03-20 16:38:13,2026-03-20 16:38:13,2026-03-20 16:38:13
5206,2021-05-18,12.0,晚餐,旧账导入-2021,支出,食品饮料,食品饮料,0,,,13,2026-03-20 16:38:13,2026-03-20 16:38:13,2026-03-20 16:38:13
5205,2021-05-18,10.0,午餐,旧账导入-2021,支出,食品饮料,食品饮料,0,,,13,2026-03-20 16:38:13,2026-03-20 16:38:13,2026-03-20 16:38:13
5204,2021-05-18,27.0,早餐,旧账导入-2021,支出,食品饮料,食品饮料,0,,,13,2026-03-20 16:38:13,2026-03-20 16:38:13,2026-03-20 16:38:13
5203,2021-05-17,6.5,购物,旧账导入-2021,支出,生活支出,生活支出,0,,,13,2026-03-20 16:38:13,2026-03-20 16:38:13,2026-03-20 16:38:13
5202,2021-05-17,32.0,六人间,旧账导入-2021,支出,住宿,住宿,0,,,13,2026-03-20 16:38:13,2026-03-20 16:38:13,2026-03-20 16:38:13
5201,2021-05-17,22.0,野餐,旧账导入-2021,支出,娱乐/运动,娱乐/运动,0,,,13,2026-03-20 16:38:13,2026-03-20 16:38:13,2026-03-20 16:38:13
5200,2021-05-17,40.0,酒+夜宵,旧账导入-2021,支出,食品饮料,食品饮料,0,,,13,2026-03-20 16:38:13,2026-03-20 16:38:13,2026-03-20 16:38:13
5199,2021-05-17,11.0,晚餐,旧账导入-2021,支出,食品饮料,食品饮料,0,,,13,2026-03-20 16:38:13,2026-03-20 16:38:13,2026-03-20 16:38:13
5198,2021-05-17,10.0,午餐,旧账导入-2021,支出,食品饮料,食品饮料,0,,,13,2026-03-20 16:38:13,2026-03-20 16:38:13,2026-03-20 16:38:13
5197,2021-05-16,19.0,数据线,旧账导入-2021,支出,生活支出,生活支出,0,,,13,2026-03-20 16:38:13,2026-03-20 16:38:13,2026-03-20 16:38:13
5196,2021-05-16,26.0,餐饮,旧账导入-2021,支出,食品饮料,食品饮料,0,,,13,2026-03-20 16:38:13,2026-03-20 16:38:13,2026-03-20 16:38:13
5195,2021-05-16,17.0,晚餐,旧账导入-2021,支出,食品饮料,食品饮料,0,,,13,2026-03-20 16:38:13,2026-03-20 16:38:13,2026-03-20 16:38:13
5194,2021-05-16,24.0,午餐,旧账导入-2021,支出,食品饮料,食品饮料,0,,,13,2026-03-20 16:38:13,2026-03-20 16:38:13,2026-03-20 16:38:13
5193,2021-05-15,30.0,芜湖毅行,旧账导入-2021,支出,娱乐/运动,娱乐/运动,0,,,13,2026-03-20 16:38:13,2026-03-20 16:38:13,2026-03-20 16:38:13
5192,2021-05-15,24.0,晚餐,旧账导入-2021,支出,食品饮料,食品饮料,0,,,13,2026-03-20 16:38:13,2026-03-20 16:38:13,2026-03-20 16:38:13
5191,2021-05-15,38.0,午餐,旧账导入-2021,支出,食品饮料,食品饮料,0,,,13,2026-03-20 16:38:13,2026-03-20 16:38:13,2026-03-20 16:38:13
5190,2021-05-14,54.0,晚餐,旧账导入-2021,支出,食品饮料,食品饮料,0,,,13,2026-03-20 16:38:13,2026-03-20 16:38:13,2026-03-20 16:38:13
5189,2021-05-14,20.0,午餐,旧账导入-2021,支出,食品饮料,食品饮料,0,,,13,2026-03-20 16:38:13,2026-03-20 16:38:13,2026-03-20 16:38:13
5188,2021-05-14,20.0,早餐,旧账导入-2021,支出,食品饮料,食品饮料,0,,,13,2026-03-20 16:38:13,2026-03-20 16:38:13,2026-03-20 16:38:13
5187,2021-05-13,-120.0,悦姐姐,旧账导入-2021,支出,亲友转账,亲友转账,0,,,13,2026-03-20 16:38:13,2026-03-20 16:38:13,2026-03-20 16:38:13
5186,2021-05-13,10.4,晚餐,旧账导入-2021,支出,食品饮料,食品饮料,0,,,13,2026-03-20 16:38:13,2026-03-20 16:38:13,2026-03-20 16:38:13
5185,2021-05-13,10.0,午餐,旧账导入-2021,支出,食品饮料,食品饮料,0,,,13,2026-03-20 16:38:13,2026-03-20 16:38:13,2026-03-20 16:38:13
5184,2021-05-12,64.0,拼多多坚果,旧账导入-2021,支出,食品饮料,食品饮料,0,,,13,2026-03-20 16:38:13,2026-03-20 16:38:13,2026-03-20 16:38:13
5183,2021-05-12,10.0,晚餐,旧账导入-2021,支出,食品饮料,食品饮料,0,,,13,2026-03-20 16:38:13,2026-03-20 16:38:13,2026-03-20 16:38:13
5182,2021-05-12,10.0,午餐,旧账导入-2021,支出,食品饮料,食品饮料,0,,,13,2026-03-20 16:38:13,2026-03-20 16:38:13,2026-03-20 16:38:13
5181,2021-05-11,68.0,剧本杀,旧账导入-2021,支出,娱乐/运动,娱乐/运动,0,,,13,2026-03-20 16:38:13,2026-03-20 16:38:13,2026-03-20 16:38:13
5180,2021-05-11,30.4,晚餐,旧账导入-2021,支出,食品饮料,食品饮料,0,,,13,2026-03-20 16:38:13,2026-03-20 16:38:13,2026-03-20 16:38:13
5179,2021-05-11,10.0,午餐,旧账导入-2021,支出,食品饮料,食品饮料,0,,,13,2026-03-20 16:38:13,2026-03-20 16:38:13,2026-03-20 16:38:13
5178,2021-05-11,9.5,早餐,旧账导入-2021,支出,食品饮料,食品饮料,0,,,13,2026-03-20 16:38:13,2026-03-20 16:38:13,2026-03-20 16:38:13
5177,2021-05-10,15.5,交通出行,旧账导入-2021,支出,交通,交通,0,,,13,2026-03-20 16:38:13,2026-03-20 16:38:13,2026-03-20 16:38:13
5176,2021-05-10,21.0,餐饮,旧账导入-2021,支出,食品饮料,食品饮料,0,,,13,2026-03-20 16:38:13,2026-03-20 16:38:13,2026-03-20 16:38:13
5175,2021-05-10,30.0,晚餐,旧账导入-2021,支出,食品饮料,食品饮料,0,,,13,2026-03-20 16:38:13,2026-03-20 16:38:13,2026-03-20 16:38:13
5174,2021-05-10,12.0,午餐,旧账导入-2021,支出,食品饮料,食品饮料,0,,,13,2026-03-20 16:38:13,2026-03-20 16:38:13,2026-03-20 16:38:13
5173,2021-05-09,8.7,购物,旧账导入-2021,支出,生活支出,生活支出,0,,,13,2026-03-20 16:38:13,2026-03-20 16:38:13,2026-03-20 16:38:13
5172,2021-05-09,2.5,交通出行,旧账导入-2021,支出,交通,交通,0,,,13,2026-03-20 16:38:13,2026-03-20 16:38:13,2026-03-20 16:38:13
5171,2021-05-09,70.0,晚餐,旧账导入-2021,支出,食品饮料,食品饮料,0,,,13,2026-03-20 16:38:13,2026-03-20 16:38:13,2026-03-20 16:38:13
5170,2021-05-09,25.8,午餐,旧账导入-2021,支出,食品饮料,食品饮料,0,,,13,2026-03-20 16:38:13,2026-03-20 16:38:13,2026-03-20 16:38:13
5169,2021-05-08,106.0,洗澡,旧账导入-2021,支出,娱乐/运动,娱乐/运动,0,,,13,2026-03-20 16:38:13,2026-03-20 16:38:13,2026-03-20 16:38:13
5168,2021-05-08,6.0,一刻相册,旧账导入-2021,支出,虚拟充值/通讯,虚拟充值/通讯,0,,,13,2026-03-20 16:38:13,2026-03-20 16:38:13,2026-03-20 16:38:13
5167,2021-05-08,5.0,交通出行,旧账导入-2021,支出,交通,交通,0,,,13,2026-03-20 16:38:13,2026-03-20 16:38:13,2026-03-20 16:38:13
5166,2021-05-08,36.0,西瓜,旧账导入-2021,支出,食品饮料,食品饮料,0,,,13,2026-03-20 16:38:13,2026-03-20 16:38:13,2026-03-20 16:38:13
5165,2021-05-08,74.0,晚餐,旧账导入-2021,支出,食品饮料,食品饮料,0,,,13,2026-03-20 16:38:13,2026-03-20 16:38:13,2026-03-20 16:38:13
5164,2021-05-08,17.8,午餐,旧账导入-2021,支出,食品饮料,食品饮料,0,,,13,2026-03-20 16:38:13,2026-03-20 16:38:13,2026-03-20 16:38:13
5163,2021-05-08,16.7,早餐,旧账导入-2021,支出,食品饮料,食品饮料,0,,,13,2026-03-20 16:38:13,2026-03-20 16:38:13,2026-03-20 16:38:13
5162,2021-05-07,10.0,文体教育,旧账导入-2021,支出,学习/培训/办公,学习/培训/办公,0,,,13,2026-03-20 16:38:13,2026-03-20 16:38:13,2026-03-20 16:38:13
5161,2021-05-07,11.68,购物,旧账导入-2021,支出,生活支出,生活支出,0,,,13,2026-03-20 16:38:13,2026-03-20 16:38:13,2026-03-20 16:38:13
5160,2021-05-07,57.5,交通出行,旧账导入-2021,支出,交通,交通,0,,,13,2026-03-20 16:38:13,2026-03-20 16:38:13,2026-03-20 16:38:13
5159,2021-05-07,30.6,晚餐,旧账导入-2021,支出,食品饮料,食品饮料,0,,,13,2026-03-20 16:38:13,2026-03-20 16:38:13,2026-03-20 16:38:13
5158,2021-05-07,54.0,午餐,旧账导入-2021,支出,食品饮料,食品饮料,0,,,13,2026-03-20 16:38:13,2026-03-20 16:38:13,2026-03-20 16:38:13
5157,2021-05-07,51.0,早餐,旧账导入-2021,支出,食品饮料,食品饮料,0,,,13,2026-03-20 16:38:13,2026-03-20 16:38:13,2026-03-20 16:38:13
5156,2021-05-06,40.0,补考费,旧账导入-2021,支出,学习/培训/办公,学习/培训/办公,0,,,13,2026-03-20 16:38:13,2026-03-20 16:38:13,2026-03-20 16:38:13
5155,2021-05-06,10.0,晚餐,旧账导入-2021,支出,食品饮料,食品饮料,0,,,13,2026-03-20 16:38:13,2026-03-20 16:38:13,2026-03-20 16:38:13
5154,2021-05-06,12.0,午餐,旧账导入-2021,支出,食品饮料,食品饮料,0,,,13,2026-03-20 16:38:13,2026-03-20 16:38:13,2026-03-20 16:38:13
5153,2021-05-05,12.0,暖瓶内胆,旧账导入-2021,支出,生活支出,生活支出,0,,,13,2026-03-20 16:38:13,2026-03-20 16:38:13,2026-03-20 16:38:13
5152,2021-05-05,103.0,紫蓬山露营,旧账导入-2021,支出,娱乐/运动,娱乐/运动,0,,,13,2026-03-20 16:38:13,2026-03-20 16:38:13,2026-03-20 16:38:13
5151,2021-05-05,11.38,交通出行,旧账导入-2021,支出,交通,交通,0,,,13,2026-03-20 16:38:13,2026-03-20 16:38:13,2026-03-20 16:38:13
5150,2021-05-05,27.0,餐饮,旧账导入-2021,支出,食品饮料,食品饮料,0,,,13,2026-03-20 16:38:13,2026-03-20 16:38:13,2026-03-20 16:38:13
5149,2021-05-05,38.55,晚餐,旧账导入-2021,支出,食品饮料,食品饮料,0,,,13,2026-03-20 16:38:13,2026-03-20 16:38:13,2026-03-20 16:38:13
5148,2021-05-05,4.3,早餐,旧账导入-2021,支出,食品饮料,食品饮料,0,,,13,2026-03-20 16:38:13,2026-03-20 16:38:13,2026-03-20 16:38:13
5147,2021-05-04,50.0,话费,旧账导入-2021,支出,生活支出,生活支出,0,,,13,2026-03-20 16:38:13,2026-03-20 16:38:13,2026-03-20 16:38:13
5146,2021-05-04,70.0,环湖接力跑,旧账导入-2021,支出,娱乐/运动,娱乐/运动,0,,,13,2026-03-20 16:38:13,2026-03-20 16:38:13,2026-03-20 16:38:13
5145,2021-05-04,22.0,李建峰,旧账导入-2021,支出,社交,社交,0,,,13,2026-03-20 16:38:13,2026-03-20 16:38:13,2026-03-20 16:38:13
5144,2021-05-04,42.85,交通出行,旧账导入-2021,支出,交通,交通,0,,,13,2026-03-20 16:38:13,2026-03-20 16:38:13,2026-03-20 16:38:13
5143,2021-05-03,25.0,饭盒,旧账导入-2021,支出,生活支出,生活支出,0,,,13,2026-03-20 16:38:13,2026-03-20 16:38:13,2026-03-20 16:38:13
5142,2021-05-03,30.0,狼人杀,旧账导入-2021,支出,娱乐/运动,娱乐/运动,0,,,13,2026-03-20 16:38:13,2026-03-20 16:38:13,2026-03-20 16:38:13
5141,2021-05-03,84.75,黄澄澄+张悦11,旧账导入-2021,支出,社交,社交,0,,,13,2026-03-20 16:38:13,2026-03-20 16:38:13,2026-03-20 16:38:13
5140,2021-05-03,4.0,餐饮,旧账导入-2021,支出,食品饮料,食品饮料,0,,,13,2026-03-20 16:38:13,2026-03-20 16:38:13,2026-03-20 16:38:13
5139,2021-05-03,15.0,早餐,旧账导入-2021,支出,食品饮料,食品饮料,0,,,13,2026-03-20 16:38:13,2026-03-20 16:38:13,2026-03-20 16:38:13
5138,2021-05-02,4.0,充电,旧账导入-2021,支出,生活支出,生活支出,0,,,13,2026-03-20 16:38:13,2026-03-20 16:38:13,2026-03-20 16:38:13
5137,2021-05-02,72.0,剧本杀,旧账导入-2021,支出,娱乐/运动,娱乐/运动,0,,,13,2026-03-20 16:38:13,2026-03-20 16:38:13,2026-03-20 16:38:13
5136,2021-05-02,32.0,餐饮,旧账导入-2021,支出,食品饮料,食品饮料,0,,,13,2026-03-20 16:38:13,2026-03-20 16:38:13,2026-03-20 16:38:13
5135,2021-05-02,50.0,晚餐,旧账导入-2021,支出,食品饮料,食品饮料,0,,,13,2026-03-20 16:38:13,2026-03-20 16:38:13,2026-03-20 16:38:13
5134,2021-05-02,51.0,午餐,旧账导入-2021,支出,食品饮料,食品饮料,0,,,13,2026-03-20 16:38:13,2026-03-20 16:38:13,2026-03-20 16:38:13
5133,2021-05-01,1600.0,妈,旧账导入-2021,收入,亲友转账,亲友转账,0,,,13,2026-03-20 16:38:13,2026-03-20 16:38:13,2026-03-20 16:38:13
5132,2021-05-01,15.0,黄澄澄,旧账导入-2021,支出,社交,社交,0,,,13,2026-03-20 16:38:13,2026-03-20 16:38:13,2026-03-20 16:38:13
5131,2021-05-01,75.0,悦姐姐,旧账导入-2021,支出,亲友转账,亲友转账,0,,,13,2026-03-20 16:38:13,2026-03-20 16:38:13,2026-03-20 16:38:13
5130,2021-05-01,2.0,餐饮,旧账导入-2021,支出,食品饮料,食品饮料,0,,,13,2026-03-20 16:38:13,2026-03-20 16:38:13,2026-03-20 16:38:13
5129,2021-05-01,102.0,黄澄澄悦姐姐,旧账导入-2021,支出,食品饮料,食品饮料,0,,,13,2026-03-20 16:38:13,2026-03-20 16:38:13,2026-03-20 16:38:13
5128,2021-05-01,15.0,午餐,旧账导入-2021,支出,食品饮料,食品饮料,0,,,13,2026-03-20 16:38:13,2026-03-20 16:38:13,2026-03-20 16:38:13
5127,2021-04-30,10.0,瓜果蔬菜酱醋吃喝,旧账导入-2021,支出,食品饮料,食品饮料,0,,,13,2026-03-20 16:38:13,2026-03-20 16:38:13,2026-03-20 16:38:13
5126,2021-04-30,60.0,午餐,旧账导入-2021,支出,食品饮料,食品饮料,0,,,13,2026-03-20 16:38:13,2026-03-20 16:38:13,2026-03-20 16:38:13
5125,2021-04-29,35.9,卫生纸,旧账导入-2021,支出,生活支出,生活支出,0,,,13,2026-03-20 16:38:13,2026-03-20 16:38:13,2026-03-20 16:38:13
5124,2021-04-29,38.0,交通出行,旧账导入-2021,支出,交通,交通,0,,,13,2026-03-20 16:38:13,2026-03-20 16:38:13,2026-03-20 16:38:13
5123,2021-04-29,19.0,瓜果蔬菜酱醋吃喝,旧账导入-2021,支出,食品饮料,食品饮料,0,,,13,2026-03-20 16:38:13,2026-03-20 16:38:13,2026-03-20 16:38:13
5122,2021-04-29,40.5,晚餐,旧账导入-2021,支出,食品饮料,食品饮料,0,,,13,2026-03-20 16:38:13,2026-03-20 16:38:13,2026-03-20 16:38:13
5121,2021-04-29,13.0,午餐,旧账导入-2021,支出,食品饮料,食品饮料,0,,,13,2026-03-20 16:38:13,2026-03-20 16:38:13,2026-03-20 16:38:13
5120,2021-04-28,10.0,黄钻,旧账导入-2021,支出,虚拟充值/通讯,虚拟充值/通讯,0,,,13,2026-03-20 16:38:13,2026-03-20 16:38:13,2026-03-20 16:38:13
5119,2021-04-28,18.9,晚餐,旧账导入-2021,支出,食品饮料,食品饮料,0,,,13,2026-03-20 16:38:13,2026-03-20 16:38:13,2026-03-20 16:38:13
5118,2021-04-28,13.0,午餐,旧账导入-2021,支出,食品饮料,食品饮料,0,,,13,2026-03-20 16:38:13,2026-03-20 16:38:13,2026-03-20 16:38:13
5117,2021-04-28,5.8,早餐,旧账导入-2021,支出,食品饮料,食品饮料,0,,,13,2026-03-20 16:38:13,2026-03-20 16:38:13,2026-03-20 16:38:13
5116,2021-04-27,73.0,买套+洗衣,旧账导入-2021,支出,生活支出,生活支出,0,,,13,2026-03-20 16:38:13,2026-03-20 16:38:13,2026-03-20 16:38:13
5115,2021-04-27,86.0,交通出行,旧账导入-2021,支出,交通,交通,0,,,13,2026-03-20 16:38:13,2026-03-20 16:38:13,2026-03-20 16:38:13
5114,2021-04-27,9.0,瓜果蔬菜酱醋吃喝,旧账导入-2021,支出,食品饮料,食品饮料,0,,,13,2026-03-20 16:38:13,2026-03-20 16:38:13,2026-03-20 16:38:13
5113,2021-04-27,15.5,午餐,旧账导入-2021,支出,食品饮料,食品饮料,0,,,13,2026-03-20 16:38:13,2026-03-20 16:38:13,2026-03-20 16:38:13
5112,2021-04-27,13.5,早餐,旧账导入-2021,支出,食品饮料,食品饮料,0,,,13,2026-03-20 16:38:13,2026-03-20 16:38:13,2026-03-20 16:38:13
5111,2021-04-26,36.0,蹦迪灯,旧账导入-2021,支出,生活支出,生活支出,0,,,13,2026-03-20 16:38:13,2026-03-20 16:38:13,2026-03-20 16:38:13
5110,2021-04-26,6.0,花,旧账导入-2021,支出,生活支出,生活支出,0,,,13,2026-03-20 16:38:13,2026-03-20 16:38:13,2026-03-20 16:38:13
5109,2021-04-26,153.0,住宿支出,旧账导入-2021,支出,住宿,住宿,0,,,13,2026-03-20 16:38:13,2026-03-20 16:38:13,2026-03-20 16:38:13
5108,2021-04-26,30.0,交通出行,旧账导入-2021,支出,交通,交通,0,,,13,2026-03-20 16:38:13,2026-03-20 16:38:13,2026-03-20 16:38:13
5107,2021-04-26,119.0,晚餐,旧账导入-2021,支出,食品饮料,食品饮料,0,,,13,2026-03-20 16:38:13,2026-03-20 16:38:13,2026-03-20 16:38:13
5106,2021-04-25,239.7,睡袋+枕头+拼多多,旧账导入-2021,支出,生活支出,生活支出,0,,,13,2026-03-20 16:38:13,2026-03-20 16:38:13,2026-03-20 16:38:13
5105,2021-04-25,160.0,卡丁车,旧账导入-2021,支出,娱乐/运动,娱乐/运动,0,,,13,2026-03-20 16:38:13,2026-03-20 16:38:13,2026-03-20 16:38:13
5104,2021-04-25,4.5,交通出行,旧账导入-2021,支出,交通,交通,0,,,13,2026-03-20 16:38:13,2026-03-20 16:38:13,2026-03-20 16:38:13
5103,2021-04-25,13.0,午餐,旧账导入-2021,支出,食品饮料,食品饮料,0,,,13,2026-03-20 16:38:13,2026-03-20 16:38:13,2026-03-20 16:38:13
5102,2021-04-24,3.0,洗衣,旧账导入-2021,支出,生活支出,生活支出,0,,,13,2026-03-20 16:38:13,2026-03-20 16:38:13,2026-03-20 16:38:13
5101,2021-04-24,69.0,蹦迪,旧账导入-2021,支出,娱乐/运动,娱乐/运动,0,,,13,2026-03-20 16:38:13,2026-03-20 16:38:13,2026-03-20 16:38:13
5100,2021-04-24,41.4,交通出行,旧账导入-2021,支出,交通,交通,0,,,13,2026-03-20 16:38:13,2026-03-20 16:38:13,2026-03-20 16:38:13
5099,2021-04-24,12.0,午餐,旧账导入-2021,支出,食品饮料,食品饮料,0,,,13,2026-03-20 16:38:13,2026-03-20 16:38:13,2026-03-20 16:38:13
5098,2021-04-23,78.0,剧本杀,旧账导入-2021,支出,娱乐/运动,娱乐/运动,0,,,13,2026-03-20 16:38:13,2026-03-20 16:38:13,2026-03-20 16:38:13
5097,2021-04-23,23.5,交通出行,旧账导入-2021,支出,交通,交通,0,,,13,2026-03-20 16:38:13,2026-03-20 16:38:13,2026-03-20 16:38:13
5096,2021-04-23,65.0,午餐,旧账导入-2021,支出,食品饮料,食品饮料,0,,,13,2026-03-20 16:38:13,2026-03-20 16:38:13,2026-03-20 16:38:13
5095,2021-04-22,44.0,唱歌,旧账导入-2021,支出,娱乐/运动,娱乐/运动,0,,,13,2026-03-20 16:38:13,2026-03-20 16:38:13,2026-03-20 16:38:13
5094,2021-04-22,38.1,瓜果蔬菜酱醋吃喝,旧账导入-2021,支出,食品饮料,食品饮料,0,,,13,2026-03-20 16:38:13,2026-03-20 16:38:13,2026-03-20 16:38:13
5093,2021-04-21,6.0,充电,旧账导入-2021,支出,生活支出,生活支出,0,,,13,2026-03-20 16:38:13,2026-03-20 16:38:13,2026-03-20 16:38:13
5092,2021-04-21,70.0,蹦床,旧账导入-2021,支出,娱乐/运动,娱乐/运动,0,,,13,2026-03-20 16:38:13,2026-03-20 16:38:13,2026-03-20 16:38:13
5091,2021-04-21,4.5,交通出行,旧账导入-2021,支出,交通,交通,0,,,13,2026-03-20 16:38:13,2026-03-20 16:38:13,2026-03-20 16:38:13
5090,2021-04-21,38.0,晚餐,旧账导入-2021,支出,食品饮料,食品饮料,0,,,13,2026-03-20 16:38:13,2026-03-20 16:38:13,2026-03-20 16:38:13
5089,2021-04-20,8.8,瓜果蔬菜酱醋吃喝,旧账导入-2021,支出,食品饮料,食品饮料,0,,,13,2026-03-20 16:38:13,2026-03-20 16:38:13,2026-03-20 16:38:13
5088,2021-04-19,3.7,购物,旧账导入-2021,支出,生活支出,生活支出,0,,,13,2026-03-20 16:38:13,2026-03-20 16:38:13,2026-03-20 16:38:13
5087,2021-04-19,21.9,袜子+手饰,旧账导入-2021,支出,服饰,服饰,0,,,13,2026-03-20 16:38:13,2026-03-20 16:38:13,2026-03-20 16:38:13
5086,2021-04-19,28.5,金银花茶,旧账导入-2021,支出,食品饮料,食品饮料,0,,,13,2026-03-20 16:38:13,2026-03-20 16:38:13,2026-03-20 16:38:13
5085,2021-04-19,10.0,午餐,旧账导入-2021,支出,食品饮料,食品饮料,0,,,13,2026-03-20 16:38:13,2026-03-20 16:38:13,2026-03-20 16:38:13
5084,2021-04-18,23.9,手饰,旧账导入-2021,支出,服饰,服饰,0,,,13,2026-03-20 16:38:13,2026-03-20 16:38:13,2026-03-20 16:38:13
5083,2021-04-18,3.0,洗衣服,旧账导入-2021,支出,生活支出,生活支出,0,,,13,2026-03-20 16:38:13,2026-03-20 16:38:13,2026-03-20 16:38:13
5082,2021-04-18,58.0,剧本杀,旧账导入-2021,支出,娱乐/运动,娱乐/运动,0,,,13,2026-03-20 16:38:13,2026-03-20 16:38:13,2026-03-20 16:38:13
5081,2021-04-18,16.5,张悦11,旧账导入-2021,支出,社交,社交,0,,,13,2026-03-20 16:38:13,2026-03-20 16:38:13,2026-03-20 16:38:13
5080,2021-04-18,62.0,交通出行,旧账导入-2021,支出,交通,交通,0,,,13,2026-03-20 16:38:13,2026-03-20 16:38:13,2026-03-20 16:38:13
5079,2021-04-18,23.5,瓜果蔬菜酱醋吃喝,旧账导入-2021,支出,食品饮料,食品饮料,0,,,13,2026-03-20 16:38:13,2026-03-20 16:38:13,2026-03-20 16:38:13
5078,2021-04-18,45.0,晚餐,旧账导入-2021,支出,食品饮料,食品饮料,0,,,13,2026-03-20 16:38:13,2026-03-20 16:38:13,2026-03-20 16:38:13
5077,2021-04-17,319.0,住宿支出,旧账导入-2021,支出,住宿,住宿,0,,,13,2026-03-20 16:38:13,2026-03-20 16:38:13,2026-03-20 16:38:13
5076,2021-04-17,6.0,iCloud,旧账导入-2021,支出,虚拟充值/通讯,虚拟充值/通讯,0,,,13,2026-03-20 16:38:13,2026-03-20 16:38:13,2026-03-20 16:38:13
5075,2021-04-17,8.0,交通出行,旧账导入-2021,支出,交通,交通,0,,,13,2026-03-20 16:38:13,2026-03-20 16:38:13,2026-03-20 16:38:13
5074,2021-04-17,45.0,瓜果蔬菜酱醋吃喝,旧账导入-2021,支出,食品饮料,食品饮料,0,,,13,2026-03-20 16:38:13,2026-03-20 16:38:13,2026-03-20 16:38:13
5073,2021-04-16,4.5,药,旧账导入-2021,支出,生活支出,生活支出,0,,,13,2026-03-20 16:38:13,2026-03-20 16:38:13,2026-03-20 16:38:13
5072,2021-04-16,20.0,花,旧账导入-2021,支出,娱乐/运动,娱乐/运动,0,,,13,2026-03-20 16:38:13,2026-03-20 16:38:13,2026-03-20 16:38:13
5071,2021-04-16,50.0,交通出行,旧账导入-2021,支出,交通,交通,0,,,13,2026-03-20 16:38:13,2026-03-20 16:38:13,2026-03-20 16:38:13
5070,2021-04-16,15.0,午餐,旧账导入-2021,支出,食品饮料,食品饮料,0,,,13,2026-03-20 16:38:13,2026-03-20 16:38:13,2026-03-20 16:38:13
5069,2021-04-15,82.8,坚果+买菜,旧账导入-2021,支出,食品饮料,食品饮料,0,,,13,2026-03-20 16:38:13,2026-03-20 16:38:13,2026-03-20 16:38:13
5068,2021-04-14,43.5,袜子,旧账导入-2021,支出,服饰,服饰,0,,,13,2026-03-20 16:38:13,2026-03-20 16:38:13,2026-03-20 16:38:13
5067,2021-04-14,46.13,买菜,旧账导入-2021,支出,食品饮料,食品饮料,0,,,13,2026-03-20 16:38:13,2026-03-20 16:38:13,2026-03-20 16:38:13
5066,2021-04-13,13.0,项链,旧账导入-2021,支出,服饰,服饰,0,,,13,2026-03-20 16:38:13,2026-03-20 16:38:13,2026-03-20 16:38:13
5065,2021-04-13,600.0,张悦11,旧账导入-2021,支出,社交,社交,0,,,13,2026-03-20 16:38:13,2026-03-20 16:38:13,2026-03-20 16:38:13
5064,2021-04-13,22.0,交通出行,旧账导入-2021,支出,交通,交通,0,,,13,2026-03-20 16:38:13,2026-03-20 16:38:13,2026-03-20 16:38:13
5063,2021-04-13,35.0,午餐,旧账导入-2021,支出,食品饮料,食品饮料,0,,,13,2026-03-20 16:38:13,2026-03-20 16:38:13,2026-03-20 16:38:13
5062,2021-04-12,1000.0,爸,旧账导入-2021,收入,亲友转账,亲友转账,0,,,13,2026-03-20 16:38:13,2026-03-20 16:38:13,2026-03-20 16:38:13
5061,2021-04-12,15.0,危薇,旧账导入-2021,支出,社交,社交,0,,,13,2026-03-20 16:38:13,2026-03-20 16:38:13,2026-03-20 16:38:13
5060,2021-04-12,12.0,午餐,旧账导入-2021,支出,食品饮料,食品饮料,0,,,13,2026-03-20 16:38:13,2026-03-20 16:38:13,2026-03-20 16:38:13
5059,2021-04-11,35.6,袜子+手饰,旧账导入-2021,支出,服饰,服饰,0,,,13,2026-03-20 16:38:13,2026-03-20 16:38:13,2026-03-20 16:38:13
5058,2021-04-11,5.6,餐具,旧账导入-2021,支出,食品饮料,食品饮料,0,,,13,2026-03-20 16:38:13,2026-03-20 16:38:13,2026-03-20 16:38:13
5057,2021-04-10,13.9,路由器,旧账导入-2021,支出,生活支出,生活支出,0,,,13,2026-03-20 16:38:13,2026-03-20 16:38:13,2026-03-20 16:38:13
5056,2021-04-10,13.5,李建峰,旧账导入-2021,支出,社交,社交,0,,,13,2026-03-20 16:38:13,2026-03-20 16:38:13,2026-03-20 16:38:13
5055,2021-04-10,2.5,晚餐,旧账导入-2021,支出,食品饮料,食品饮料,0,,,13,2026-03-20 16:38:13,2026-03-20 16:38:13,2026-03-20 16:38:13
5054,2021-04-10,12.0,午餐,旧账导入-2021,支出,食品饮料,食品饮料,0,,,13,2026-03-20 16:38:13,2026-03-20 16:38:13,2026-03-20 16:38:13
5053,2021-04-10,4.2,早餐,旧账导入-2021,支出,食品饮料,食品饮料,0,,,13,2026-03-20 16:38:13,2026-03-20 16:38:13,2026-03-20 16:38:13
5052,2021-04-09,20.0,洗鞋,旧账导入-2021,支出,生活支出,生活支出,0,,,13,2026-03-20 16:38:13,2026-03-20 16:38:13,2026-03-20 16:38:13
5051,2021-04-09,20.0,悦姐姐,旧账导入-2021,支出,亲友转账,亲友转账,0,,,13,2026-03-20 16:38:13,2026-03-20 16:38:13,2026-03-20 16:38:13
5050,2021-04-09,27.5,交通出行,旧账导入-2021,支出,交通,交通,0,,,13,2026-03-20 16:38:13,2026-03-20 16:38:13,2026-03-20 16:38:13
5049,2021-04-09,11.0,午餐,旧账导入-2021,支出,食品饮料,食品饮料,0,,,13,2026-03-20 16:38:13,2026-03-20 16:38:13,2026-03-20 16:38:13
5048,2021-04-08,20.88,打气筒+内胎,旧账导入-2021,支出,生活支出,生活支出,0,,,13,2026-03-20 16:38:13,2026-03-20 16:38:13,2026-03-20 16:38:13
5047,2021-04-08,3.0,洗衣,旧账导入-2021,支出,生活支出,生活支出,0,,,13,2026-03-20 16:38:13,2026-03-20 16:38:13,2026-03-20 16:38:13
5046,2021-04-08,6.0,icloud,旧账导入-2021,支出,虚拟充值/通讯,虚拟充值/通讯,0,,,13,2026-03-20 16:38:13,2026-03-20 16:38:13,2026-03-20 16:38:13
5045,2021-04-08,101.8,李涛,旧账导入-2021,支出,社交,社交,0,,,13,2026-03-20 16:38:13,2026-03-20 16:38:13,2026-03-20 16:38:13
5044,2021-04-08,52.0,晚餐,旧账导入-2021,支出,食品饮料,食品饮料,0,,,13,2026-03-20 16:38:13,2026-03-20 16:38:13,2026-03-20 16:38:13
5043,2021-04-07,1000.0,妈,旧账导入-2021,收入,亲友转账,亲友转账,0,,,13,2026-03-20 16:38:13,2026-03-20 16:38:13,2026-03-20 16:38:13
5042,2021-04-07,25.25,交通出行,旧账导入-2021,支出,交通,交通,0,,,13,2026-03-20 16:38:13,2026-03-20 16:38:13,2026-03-20 16:38:13
5041,2021-04-07,15.0,买菜,旧账导入-2021,支出,食品饮料,食品饮料,0,,,13,2026-03-20 16:38:13,2026-03-20 16:38:13,2026-03-20 16:38:13
5040,2021-04-06,6.3,药,旧账导入-2021,支出,生活支出,生活支出,0,,,13,2026-03-20 16:38:13,2026-03-20 16:38:13,2026-03-20 16:38:13
5039,2021-04-05,100.0,汤头条,旧账导入-2021,支出,虚拟充值/通讯,虚拟充值/通讯,0,,,13,2026-03-20 16:38:13,2026-03-20 16:38:13,2026-03-20 16:38:13
5038,2021-04-05,29.0,悦姐姐,旧账导入-2021,支出,亲友转账,亲友转账,0,,,13,2026-03-20 16:38:13,2026-03-20 16:38:13,2026-03-20 16:38:13
5037,2021-04-04,9.5,洗衣+充电+口罩,旧账导入-2021,支出,生活支出,生活支出,0,,,13,2026-03-20 16:38:13,2026-03-20 16:38:13,2026-03-20 16:38:13
5036,2021-04-04,450.6,烧烤露营（包括张悦1）,旧账导入-2021,支出,娱乐/运动,娱乐/运动,0,,,13,2026-03-20 16:38:13,2026-03-20 16:38:13,2026-03-20 16:38:13
5035,2021-04-04,45.0,张悦11,旧账导入-2021,支出,社交,社交,0,,,13,2026-03-20 16:38:13,2026-03-20 16:38:13,2026-03-20 16:38:13
5034,2021-04-04,42.0,悦姐姐,旧账导入-2021,支出,亲友转账,亲友转账,0,,,13,2026-03-20 16:38:13,2026-03-20 16:38:13,2026-03-20 16:38:13
5033,2021-04-04,11.0,交通出行,旧账导入-2021,支出,交通,交通,0,,,13,2026-03-20 16:38:13,2026-03-20 16:38:13,2026-03-20 16:38:13
5032,2021-04-04,39.0,茶百道,旧账导入-2021,支出,食品饮料,食品饮料,0,,,13,2026-03-20 16:38:13,2026-03-20 16:38:13,2026-03-20 16:38:13
5031,2021-04-04,64.5,麦当劳,旧账导入-2021,支出,食品饮料,食品饮料,0,,,13,2026-03-20 16:38:13,2026-03-20 16:38:13,2026-03-20 16:38:13
5030,2021-04-03,215.0,天宫,旧账导入-2021,支出,住宿,住宿,0,,,13,2026-03-20 16:38:13,2026-03-20 16:38:13,2026-03-20 16:38:13
5029,2021-04-03,35.7,悦姐姐,旧账导入-2021,支出,亲友转账,亲友转账,0,,,13,2026-03-20 16:38:13,2026-03-20 16:38:13,2026-03-20 16:38:13
5028,2021-04-03,80.0,交通出行,旧账导入-2021,支出,交通,交通,0,,,13,2026-03-20 16:38:13,2026-03-20 16:38:13,2026-03-20 16:38:13
5027,2021-04-03,33.6,瓜果蔬菜酱醋吃喝,旧账导入-2021,支出,食品饮料,食品饮料,0,,,13,2026-03-20 16:38:13,2026-03-20 16:38:13,2026-03-20 16:38:13
5026,2021-04-03,242.0,海底捞,旧账导入-2021,支出,食品饮料,食品饮料,0,,,13,2026-03-20 16:38:13,2026-03-20 16:38:13,2026-03-20 16:38:13
5025,2021-04-03,28.58,午餐,旧账导入-2021,支出,食品饮料,食品饮料,0,,,13,2026-03-20 16:38:13,2026-03-20 16:38:13,2026-03-20 16:38:13
5024,2021-04-02,153.0,羽毛球鞋,旧账导入-2021,支出,服饰,服饰,0,,,13,2026-03-20 16:38:13,2026-03-20 16:38:13,2026-03-20 16:38:13
5023,2021-04-02,39.0,康佳,旧账导入-2021,支出,社交,社交,0,,,13,2026-03-20 16:38:13,2026-03-20 16:38:13,2026-03-20 16:38:13
5022,2021-04-02,15.5,晚餐,旧账导入-2021,支出,食品饮料,食品饮料,0,,,13,2026-03-20 16:38:13,2026-03-20 16:38:13,2026-03-20 16:38:13
5021,2021-04-01,25.0,闲鱼-字典,旧账导入-2021,收入,其他,其他,0,,,13,2026-03-20 16:38:13,2026-03-20 16:38:13,2026-03-20 16:38:13
5020,2021-04-01,1000.0,妈,旧账导入-2021,收入,亲友转账,亲友转账,0,,,13,2026-03-20 16:38:13,2026-03-20 16:38:13,2026-03-20 16:38:13
5019,2021-04-01,48.9,书,旧账导入-2021,支出,学习/培训/办公,学习/培训/办公,0,,,13,2026-03-20 16:38:13,2026-03-20 16:38:13,2026-03-20 16:38:13
5018,2021-04-01,30.0,转网口,旧账导入-2021,支出,生活支出,生活支出,0,,,13,2026-03-20 16:38:13,2026-03-20 16:38:13,2026-03-20 16:38:13
5017,2021-04-01,3.0,洗衣,旧账导入-2021,支出,生活支出,生活支出,0,,,13,2026-03-20 16:38:13,2026-03-20 16:38:13,2026-03-20 16:38:13
5016,2021-04-01,87.5,张悦11,旧账导入-2021,支出,社交,社交,0,,,13,2026-03-20 16:38:13,2026-03-20 16:38:13,2026-03-20 16:38:13
5015,2021-04-01,17.5,晚餐,旧账导入-2021,支出,食品饮料,食品饮料,0,,,13,2026-03-20 16:38:13,2026-03-20 16:38:13,2026-03-20 16:38:13
5014,2021-04-01,14.0,午餐,旧账导入-2021,支出,食品饮料,食品饮料,0,,,13,2026-03-20 16:38:13,2026-03-20 16:38:13,2026-03-20 16:38:13
5013,2021-03-31,91.0,炉头煤气罐,旧账导入-2021,支出,生活支出,生活支出,0,,,13,2026-03-20 16:38:13,2026-03-20 16:38:13,2026-03-20 16:38:13
5012,2021-03-31,7.0,晚餐,旧账导入-2021,支出,食品饮料,食品饮料,0,,,13,2026-03-20 16:38:13,2026-03-20 16:38:13,2026-03-20 16:38:13
5011,2021-03-31,13.0,午餐,旧账导入-2021,支出,食品饮料,食品饮料,0,,,13,2026-03-20 16:38:13,2026-03-20 16:38:13,2026-03-20 16:38:13
5010,2021-03-30,74.0,防晒霜,旧账导入-2021,支出,生活支出,生活支出,0,,,13,2026-03-20 16:38:13,2026-03-20 16:38:13,2026-03-20 16:38:13
5009,2021-03-30,10.0,午餐,旧账导入-2021,支出,食品饮料,食品饮料,0,,,13,2026-03-20 16:38:13,2026-03-20 16:38:13,2026-03-20 16:38:13
5008,2021-03-29,40.0,糖豆人,旧账导入-2021,支出,虚拟充值/通讯,虚拟充值/通讯,0,,,13,2026-03-20 16:38:13,2026-03-20 16:38:13,2026-03-20 16:38:13
5007,2021-03-29,14.0,午餐,旧账导入-2021,支出,食品饮料,食品饮料,0,,,13,2026-03-20 16:38:13,2026-03-20 16:38:13,2026-03-20 16:38:13
5006,2021-03-28,3.0,洗衣,旧账导入-2021,支出,生活支出,生活支出,0,,,13,2026-03-20 16:38:13,2026-03-20 16:38:13,2026-03-20 16:38:13
5005,2021-03-28,119.6,春游,旧账导入-2021,支出,娱乐/运动,娱乐/运动,0,,,13,2026-03-20 16:38:13,2026-03-20 16:38:13,2026-03-20 16:38:13
5004,2021-03-28,10.0,黄钻,旧账导入-2021,支出,虚拟充值/通讯,虚拟充值/通讯,0,,,13,2026-03-20 16:38:13,2026-03-20 16:38:13,2026-03-20 16:38:13
5003,2021-03-27,51.0,张悦1,旧账导入-2021,支出,社交,社交,0,,,13,2026-03-20 16:38:13,2026-03-20 16:38:13,2026-03-20 16:38:13
5002,2021-03-27,50.0,交通出行,旧账导入-2021,支出,交通,交通,0,,,13,2026-03-20 16:38:13,2026-03-20 16:38:13,2026-03-20 16:38:13
5001,2021-03-26,1600.0,爸,旧账导入-2021,收入,亲友转账,亲友转账,0,,,13,2026-03-20 16:38:13,2026-03-20 16:38:13,2026-03-20 16:38:13
5000,2021-03-26,22.28,午餐,旧账导入-2021,支出,食品饮料,食品饮料,0,,,13,2026-03-20 16:38:13,2026-03-20 16:38:13,2026-03-20 16:38:13
4999,2021-03-25,314.0,闲鱼-登山包,旧账导入-2021,收入,其他,其他,0,,,13,2026-03-20 16:38:13,2026-03-20 16:38:13,2026-03-20 16:38:13
4998,2021-03-25,5.9,交通出行,旧账导入-2021,支出,交通,交通,0,,,13,2026-03-20 16:38:13,2026-03-20 16:38:13,2026-03-20 16:38:13
4997,2021-03-25,7.05,餐饮,旧账导入-2021,支出,食品饮料,食品饮料,0,,,13,2026-03-20 16:38:13,2026-03-20 16:38:13,2026-03-20 16:38:13
4996,2021-03-24,3.5,药品,旧账导入-2021,支出,生活支出,生活支出,0,,,13,2026-03-20 16:38:13,2026-03-20 16:38:13,2026-03-20 16:38:13
4995,2021-03-24,3.0,歌,旧账导入-2021,支出,虚拟充值/通讯,虚拟充值/通讯,0,,,13,2026-03-20 16:38:13,2026-03-20 16:38:13,2026-03-20 16:38:13
4994,2021-03-24,22.0,餐饮,旧账导入-2021,支出,食品饮料,食品饮料,0,,,13,2026-03-20 16:38:13,2026-03-20 16:38:13,2026-03-20 16:38:13
4993,2021-03-24,14.0,午餐,旧账导入-2021,支出,食品饮料,食品饮料,0,,,13,2026-03-20 16:38:13,2026-03-20 16:38:13,2026-03-20 16:38:13
4992,2021-03-23,3.0,洗衣,旧账导入-2021,支出,生活支出,生活支出,0,,,13,2026-03-20 16:38:13,2026-03-20 16:38:13,2026-03-20 16:38:13
4991,2021-03-21,11.6,餐饮,旧账导入-2021,支出,食品饮料,食品饮料,0,,,13,2026-03-20 16:38:13,2026-03-20 16:38:13,2026-03-20 16:38:13
4990,2021-03-21,25.2,晚餐,旧账导入-2021,支出,食品饮料,食品饮料,0,,,13,2026-03-20 16:38:13,2026-03-20 16:38:13,2026-03-20 16:38:13
4989,2021-03-21,12.0,午餐,旧账导入-2021,支出,食品饮料,食品饮料,0,,,13,2026-03-20 16:38:13,2026-03-20 16:38:13,2026-03-20 16:38:13
4988,2021-03-21,7.8,早餐,旧账导入-2021,支出,食品饮料,食品饮料,0,,,13,2026-03-20 16:38:13,2026-03-20 16:38:13,2026-03-20 16:38:13
4987,2021-03-20,2150.0,闲鱼-电脑,旧账导入-2021,收入,其他,其他,0,,,13,2026-03-20 16:38:13,2026-03-20 16:38:13,2026-03-20 16:38:13
4986,2021-03-20,15.0,肌肉放松棒,旧账导入-2021,支出,生活支出,生活支出,0,,,13,2026-03-20 16:38:13,2026-03-20 16:38:13,2026-03-20 16:38:13
4985,2021-03-20,5.4,交通出行,旧账导入-2021,支出,交通,交通,0,,,13,2026-03-20 16:38:13,2026-03-20 16:38:13,2026-03-20 16:38:13
4984,2021-03-20,6.0,餐饮,旧账导入-2021,支出,食品饮料,食品饮料,0,,,13,2026-03-20 16:38:13,2026-03-20 16:38:13,2026-03-20 16:38:13
4983,2021-03-20,30.0,晚餐,旧账导入-2021,支出,食品饮料,食品饮料,0,,,13,2026-03-20 16:38:13,2026-03-20 16:38:13,2026-03-20 16:38:13
4982,2021-03-20,17.0,午餐,旧账导入-2021,支出,食品饮料,食品饮料,0,,,13,2026-03-20 16:38:13,2026-03-20 16:38:13,2026-03-20 16:38:13
4981,2021-03-20,4.0,早餐,旧账导入-2021,支出,食品饮料,食品饮料,0,,,13,2026-03-20 16:38:13,2026-03-20 16:38:13,2026-03-20 16:38:13
4980,2021-03-19,20.0,话费,旧账导入-2021,支出,生活支出,生活支出,0,,,13,2026-03-20 16:38:13,2026-03-20 16:38:13,2026-03-20 16:38:13
4979,2021-03-19,9.0,晚餐,旧账导入-2021,支出,食品饮料,食品饮料,0,,,13,2026-03-20 16:38:13,2026-03-20 16:38:13,2026-03-20 16:38:13
4978,2021-03-19,12.0,午餐,旧账导入-2021,支出,食品饮料,食品饮料,0,,,13,2026-03-20 16:38:13,2026-03-20 16:38:13,2026-03-20 16:38:13
4977,2021-03-18,30.8,装系统,旧账导入-2021,支出,生活支出,生活支出,0,,,13,2026-03-20 16:38:13,2026-03-20 16:38:13,2026-03-20 16:38:13
4976,2021-03-18,10.5,晚餐,旧账导入-2021,支出,食品饮料,食品饮料,0,,,13,2026-03-20 16:38:13,2026-03-20 16:38:13,2026-03-20 16:38:13
4975,2021-03-18,11.0,午餐,旧账导入-2021,支出,食品饮料,食品饮料,0,,,13,2026-03-20 16:38:13,2026-03-20 16:38:13,2026-03-20 16:38:13
4974,2021-03-17,6.0,iCloud,旧账导入-2021,支出,虚拟充值/通讯,虚拟充值/通讯,0,,,13,2026-03-20 16:38:13,2026-03-20 16:38:13,2026-03-20 16:38:13
4973,2021-03-17,5.4,交通出行,旧账导入-2021,支出,交通,交通,0,,,13,2026-03-20 16:38:13,2026-03-20 16:38:13,2026-03-20 16:38:13
4972,2021-03-17,8.0,餐饮,旧账导入-2021,支出,食品饮料,食品饮料,0,,,13,2026-03-20 16:38:13,2026-03-20 16:38:13,2026-03-20 16:38:13
4971,2021-03-17,34.1,晚餐,旧账导入-2021,支出,食品饮料,食品饮料,0,,,13,2026-03-20 16:38:13,2026-03-20 16:38:13,2026-03-20 16:38:13
4970,2021-03-17,13.0,午餐,旧账导入-2021,支出,食品饮料,食品饮料,0,,,13,2026-03-20 16:38:13,2026-03-20 16:38:13,2026-03-20 16:38:13
4969,2021-03-16,12.0,午餐,旧账导入-2021,支出,食品饮料,食品饮料,0,,,13,2026-03-20 16:38:13,2026-03-20 16:38:13,2026-03-20 16:38:13
4968,2021-03-15,11.0,晚餐,旧账导入-2021,支出,食品饮料,食品饮料,0,,,13,2026-03-20 16:38:13,2026-03-20 16:38:13,2026-03-20 16:38:13
4967,2021-03-15,14.0,午餐,旧账导入-2021,支出,食品饮料,食品饮料,0,,,13,2026-03-20 16:38:13,2026-03-20 16:38:13,2026-03-20 16:38:13
4966,2021-03-14,41.0,晚餐,旧账导入-2021,支出,食品饮料,食品饮料,0,,,13,2026-03-20 16:38:13,2026-03-20 16:38:13,2026-03-20 16:38:13
4965,2021-03-14,14.0,午餐,旧账导入-2021,支出,食品饮料,食品饮料,0,,,13,2026-03-20 16:38:13,2026-03-20 16:38:13,2026-03-20 16:38:13
4964,2021-03-14,14.1,早餐,旧账导入-2021,支出,食品饮料,食品饮料,0,,,13,2026-03-20 16:38:13,2026-03-20 16:38:13,2026-03-20 16:38:13
4963,2021-03-13,54.0,斜挎包,旧账导入-2021,支出,生活支出,生活支出,0,,,13,2026-03-20 16:38:13,2026-03-20 16:38:13,2026-03-20 16:38:13
4962,2021-03-13,41.0,交通出行,旧账导入-2021,支出,交通,交通,0,,,13,2026-03-20 16:38:13,2026-03-20 16:38:13,2026-03-20 16:38:13
4961,2021-03-13,52.4,餐饮,旧账导入-2021,支出,食品饮料,食品饮料,0,,,13,2026-03-20 16:38:13,2026-03-20 16:38:13,2026-03-20 16:38:13
4960,2021-03-13,64.0,晚餐,旧账导入-2021,支出,食品饮料,食品饮料,0,,,13,2026-03-20 16:38:13,2026-03-20 16:38:13,2026-03-20 16:38:13
4959,2021-03-13,10.0,早餐,旧账导入-2021,支出,食品饮料,食品饮料,0,,,13,2026-03-20 16:38:13,2026-03-20 16:38:13,2026-03-20 16:38:13
4958,2021-03-12,155.0,桌面收纳,旧账导入-2021,支出,生活支出,生活支出,0,,,13,2026-03-20 16:38:13,2026-03-20 16:38:13,2026-03-20 16:38:13
4957,2021-03-12,228.0,烫头,旧账导入-2021,支出,生活支出,生活支出,0,,,13,2026-03-20 16:38:13,2026-03-20 16:38:13,2026-03-20 16:38:13
4956,2021-03-12,109.0,交通出行,旧账导入-2021,支出,交通,交通,0,,,13,2026-03-20 16:38:13,2026-03-20 16:38:13,2026-03-20 16:38:13
4955,2021-03-12,9.5,餐饮,旧账导入-2021,支出,食品饮料,食品饮料,0,,,13,2026-03-20 16:38:13,2026-03-20 16:38:13,2026-03-20 16:38:13
4954,2021-03-12,11.0,晚餐,旧账导入-2021,支出,食品饮料,食品饮料,0,,,13,2026-03-20 16:38:13,2026-03-20 16:38:13,2026-03-20 16:38:13
4953,2021-03-12,11.0,午餐,旧账导入-2021,支出,食品饮料,食品饮料,0,,,13,2026-03-20 16:38:13,2026-03-20 16:38:13,2026-03-20 16:38:13
4952,2021-03-11,26.5,酸奶,旧账导入-2021,支出,食品饮料,食品饮料,0,,,13,2026-03-20 16:38:13,2026-03-20 16:38:13,2026-03-20 16:38:13
4951,2021-03-11,11.0,晚餐,旧账导入-2021,支出,食品饮料,食品饮料,0,,,13,2026-03-20 16:38:13,2026-03-20 16:38:13,2026-03-20 16:38:13
4950,2021-03-11,10.0,午餐,旧账导入-2021,支出,食品饮料,食品饮料,0,,,13,2026-03-20 16:38:13,2026-03-20 16:38:13,2026-03-20 16:38:13
4949,2021-03-11,16.1,早餐,旧账导入-2021,支出,食品饮料,食品饮料,0,,,13,2026-03-20 16:38:13,2026-03-20 16:38:13,2026-03-20 16:38:13
4948,2021-03-10,52.0,闲鱼-笛头,旧账导入-2021,收入,其他,其他,0,,,13,2026-03-20 16:38:13,2026-03-20 16:38:13,2026-03-20 16:38:13
4947,2021-03-10,74.0,鸡胸肉+秤,旧账导入-2021,支出,生活支出,生活支出,0,,,13,2026-03-20 16:38:13,2026-03-20 16:38:13,2026-03-20 16:38:13
4946,2021-03-10,5.0,洗澡,旧账导入-2021,支出,生活支出,生活支出,0,,,13,2026-03-20 16:38:13,2026-03-20 16:38:13,2026-03-20 16:38:13
4945,2021-03-10,14.0,晚餐,旧账导入-2021,支出,食品饮料,食品饮料,0,,,13,2026-03-20 16:38:13,2026-03-20 16:38:13,2026-03-20 16:38:13
4944,2021-03-10,13.0,午餐,旧账导入-2021,支出,食品饮料,食品饮料,0,,,13,2026-03-20 16:38:13,2026-03-20 16:38:13,2026-03-20 16:38:13
4943,2021-03-10,11.5,早餐,旧账导入-2021,支出,食品饮料,食品饮料,0,,,13,2026-03-20 16:38:13,2026-03-20 16:38:13,2026-03-20 16:38:13
4942,2021-03-09,39.8,家居,旧账导入-2021,支出,生活支出,生活支出,0,,,13,2026-03-20 16:38:13,2026-03-20 16:38:13,2026-03-20 16:38:13
4941,2021-03-09,6.0,洗衣,旧账导入-2021,支出,生活支出,生活支出,0,,,13,2026-03-20 16:38:13,2026-03-20 16:38:13,2026-03-20 16:38:13
4940,2021-03-09,34.16,张悦1,旧账导入-2021,支出,社交,社交,0,,,13,2026-03-20 16:38:13,2026-03-20 16:38:13,2026-03-20 16:38:13
4939,2021-03-09,28.5,晚餐,旧账导入-2021,支出,食品饮料,食品饮料,0,,,13,2026-03-20 16:38:13,2026-03-20 16:38:13,2026-03-20 16:38:13
4938,2021-03-09,18.0,午餐,旧账导入-2021,支出,食品饮料,食品饮料,0,,,13,2026-03-20 16:38:13,2026-03-20 16:38:13,2026-03-20 16:38:13
4937,2021-03-08,6.0,一刻相册,旧账导入-2021,支出,虚拟充值/通讯,虚拟充值/通讯,0,,,13,2026-03-20 16:38:13,2026-03-20 16:38:13,2026-03-20 16:38:13
4936,2021-03-08,38.38,张悦1,旧账导入-2021,支出,社交,社交,0,,,13,2026-03-20 16:38:13,2026-03-20 16:38:13,2026-03-20 16:38:13
4935,2021-03-08,13.0,午餐,旧账导入-2021,支出,食品饮料,食品饮料,0,,,13,2026-03-20 16:38:13,2026-03-20 16:38:13,2026-03-20 16:38:13
4934,2021-03-07,92.8,护手膏等,旧账导入-2021,支出,生活支出,生活支出,0,,,13,2026-03-20 16:38:13,2026-03-20 16:38:13,2026-03-20 16:38:13
4933,2021-03-07,91.0,晚餐,旧账导入-2021,支出,食品饮料,食品饮料,0,,,13,2026-03-20 16:38:13,2026-03-20 16:38:13,2026-03-20 16:38:13
4932,2021-03-06,174.5,套+玩具,旧账导入-2021,支出,生活支出,生活支出,0,,,13,2026-03-20 16:38:13,2026-03-20 16:38:13,2026-03-20 16:38:13
4931,2021-03-06,158.0,住宿支出,旧账导入-2021,支出,住宿,住宿,0,,,13,2026-03-20 16:38:13,2026-03-20 16:38:13,2026-03-20 16:38:13
4930,2021-03-06,91.0,张悦1,旧账导入-2021,支出,社交,社交,0,,,13,2026-03-20 16:38:13,2026-03-20 16:38:13,2026-03-20 16:38:13
4929,2021-03-06,5.0,餐饮,旧账导入-2021,支出,食品饮料,食品饮料,0,,,13,2026-03-20 16:38:13,2026-03-20 16:38:13,2026-03-20 16:38:13
4928,2021-03-05,1600.0,妈,旧账导入-2021,收入,亲友转账,亲友转账,0,,,13,2026-03-20 16:38:13,2026-03-20 16:38:13,2026-03-20 16:38:13
4927,2021-03-05,238.2,火漆用具+套+爽肤水,旧账导入-2021,支出,生活支出,生活支出,0,,,13,2026-03-20 16:38:13,2026-03-20 16:38:13,2026-03-20 16:38:13
4926,2021-03-05,14.0,生活支出,旧账导入-2021,支出,生活支出,生活支出,0,,,13,2026-03-20 16:38:13,2026-03-20 16:38:13,2026-03-20 16:38:13
4925,2021-03-05,188.0,姐生日,旧账导入-2021,支出,亲友转账,亲友转账,0,,,13,2026-03-20 16:38:13,2026-03-20 16:38:13,2026-03-20 16:38:13
4924,2021-03-05,18.0,交通出行,旧账导入-2021,支出,交通,交通,0,,,13,2026-03-20 16:38:13,2026-03-20 16:38:13,2026-03-20 16:38:13
4923,2021-03-05,52.0,午餐,旧账导入-2021,支出,食品饮料,食品饮料,0,,,13,2026-03-20 16:38:13,2026-03-20 16:38:13,2026-03-20 16:38:13
4922,2021-03-05,10.0,早餐,旧账导入-2021,支出,食品饮料,食品饮料,0,,,13,2026-03-20 16:38:13,2026-03-20 16:38:13,2026-03-20 16:38:13
4921,2021-03-04,800.0,妈,旧账导入-2021,收入,亲友转账,亲友转账,0,,,13,2026-03-20 16:38:13,2026-03-20 16:38:13,2026-03-20 16:38:13
4920,2021-03-04,1830.0,驾校,旧账导入-2021,支出,学习/培训/办公,学习/培训/办公,0,,,13,2026-03-20 16:38:13,2026-03-20 16:38:13,2026-03-20 16:38:13
4919,2021-03-04,18.88,休闲娱乐,旧账导入-2021,支出,娱乐/运动,娱乐/运动,0,,,13,2026-03-20 16:38:13,2026-03-20 16:38:13,2026-03-20 16:38:13
4918,2021-03-04,30.0,交通出行,旧账导入-2021,支出,交通,交通,0,,,13,2026-03-20 16:38:13,2026-03-20 16:38:13,2026-03-20 16:38:13
4917,2021-03-04,43.0,晚餐,旧账导入-2021,支出,食品饮料,食品饮料,0,,,13,2026-03-20 16:38:13,2026-03-20 16:38:13,2026-03-20 16:38:13
4916,2021-03-04,43.0,午餐,旧账导入-2021,支出,食品饮料,食品饮料,0,,,13,2026-03-20 16:38:13,2026-03-20 16:38:13,2026-03-20 16:38:13
4915,2021-03-04,94.0,早餐,旧账导入-2021,支出,食品饮料,食品饮料,0,,,13,2026-03-20 16:38:13,2026-03-20 16:38:13,2026-03-20 16:38:13
4914,2021-03-03,143.0,住宿支出,旧账导入-2021,支出,住宿,住宿,0,,,13,2026-03-20 16:38:13,2026-03-20 16:38:13,2026-03-20 16:38:13
4913,2021-03-03,134.0,交通出行,旧账导入-2021,支出,交通,交通,0,,,13,2026-03-20 16:38:13,2026-03-20 16:38:13,2026-03-20 16:38:13
4912,2021-03-02,48.0,话费+快递,旧账导入-2021,支出,生活支出,生活支出,0,,,13,2026-03-20 16:38:13,2026-03-20 16:38:13,2026-03-20 16:38:13
4911,2021-03-02,17.5,交通出行,旧账导入-2021,支出,交通,交通,0,,,13,2026-03-20 16:38:13,2026-03-20 16:38:13,2026-03-20 16:38:13
4910,2021-03-02,78.0,餐饮,旧账导入-2021,支出,食品饮料,食品饮料,0,,,13,2026-03-20 16:38:13,2026-03-20 16:38:13,2026-03-20 16:38:13
4909,2021-03-01,64.0,住宿支出,旧账导入-2021,支出,住宿,住宿,0,,,13,2026-03-20 16:38:13,2026-03-20 16:38:13,2026-03-20 16:38:13
4908,2021-03-01,620.0,张悦1,旧账导入-2021,支出,社交,社交,0,,,13,2026-03-20 16:38:13,2026-03-20 16:38:13,2026-03-20 16:38:13
4907,2021-03-01,24.0,餐饮,旧账导入-2021,支出,食品饮料,食品饮料,0,,,13,2026-03-20 16:38:13,2026-03-20 16:38:13,2026-03-20 16:38:13
4906,2021-02-28,105.0,槟郎+转接线,旧账导入-2021,支出,生活支出,生活支出,0,,,13,2026-03-20 16:38:13,2026-03-20 16:38:13,2026-03-20 16:38:13
4905,2021-02-28,338.0,住宿支出,旧账导入-2021,支出,住宿,住宿,0,,,13,2026-03-20 16:38:13,2026-03-20 16:38:13,2026-03-20 16:38:13
4904,2021-02-28,30.0,旅拍,旧账导入-2021,支出,娱乐/运动,娱乐/运动,0,,,13,2026-03-20 16:38:13,2026-03-20 16:38:13,2026-03-20 16:38:13
4903,2021-02-28,10.0,交通出行,旧账导入-2021,支出,交通,交通,0,,,13,2026-03-20 16:38:13,2026-03-20 16:38:13,2026-03-20 16:38:13
4902,2021-02-28,80.0,晚餐,旧账导入-2021,支出,食品饮料,食品饮料,0,,,13,2026-03-20 16:38:13,2026-03-20 16:38:13,2026-03-20 16:38:13
4901,2021-02-28,10.0,午餐,旧账导入-2021,支出,食品饮料,食品饮料,0,,,13,2026-03-20 16:38:13,2026-03-20 16:38:13,2026-03-20 16:38:13
4900,2021-02-27,20.0,交通出行,旧账导入-2021,支出,交通,交通,0,,,13,2026-03-20 16:38:13,2026-03-20 16:38:13,2026-03-20 16:38:13
4899,2021-02-26,64.0,寄快递,旧账导入-2021,支出,生活支出,生活支出,0,,,13,2026-03-20 16:38:13,2026-03-20 16:38:13,2026-03-20 16:38:13
4898,2021-02-26,165.0,住宿支出,旧账导入-2021,支出,住宿,住宿,0,,,13,2026-03-20 16:38:13,2026-03-20 16:38:13,2026-03-20 16:38:13
4897,2021-02-26,150.0,寄存+泳圈,旧账导入-2021,支出,娱乐/运动,娱乐/运动,0,,,13,2026-03-20 16:38:13,2026-03-20 16:38:13,2026-03-20 16:38:13
4896,2021-02-25,83.0,衣帽服饰,旧账导入-2021,支出,服饰,服饰,0,,,13,2026-03-20 16:38:13,2026-03-20 16:38:13,2026-03-20 16:38:13
4895,2021-02-25,30.0,生活支出,旧账导入-2021,支出,生活支出,生活支出,0,,,13,2026-03-20 16:38:13,2026-03-20 16:38:13,2026-03-20 16:38:13
4894,2021-02-25,328.0,住宿支出,旧账导入-2021,支出,住宿,住宿,0,,,13,2026-03-20 16:38:13,2026-03-20 16:38:13,2026-03-20 16:38:13
4893,2021-02-25,585.0,租车,旧账导入-2021,支出,交通,交通,0,,,13,2026-03-20 16:38:13,2026-03-20 16:38:13,2026-03-20 16:38:13
4892,2021-02-25,218.0,晚餐,旧账导入-2021,支出,食品饮料,食品饮料,0,,,13,2026-03-20 16:38:13,2026-03-20 16:38:13,2026-03-20 16:38:13
4891,2021-02-25,79.0,午餐,旧账导入-2021,支出,食品饮料,食品饮料,0,,,13,2026-03-20 16:38:13,2026-03-20 16:38:13,2026-03-20 16:38:13
4890,2021-02-24,64.0,住宿支出,旧账导入-2021,支出,住宿,住宿,0,,,13,2026-03-20 16:38:13,2026-03-20 16:38:13,2026-03-20 16:38:13
4889,2021-02-24,119.0,租相机,旧账导入-2021,支出,娱乐/运动,娱乐/运动,0,,,13,2026-03-20 16:38:13,2026-03-20 16:38:13,2026-03-20 16:38:13
4888,2021-02-24,1300.0,机票,旧账导入-2021,支出,交通,交通,0,,,13,2026-03-20 16:38:13,2026-03-20 16:38:13,2026-03-20 16:38:13
4887,2021-02-22,16.0,悦姐姐,旧账导入-2021,支出,亲友转账,亲友转账,0,,,13,2026-03-20 16:38:13,2026-03-20 16:38:13,2026-03-20 16:38:13
4886,2021-02-20,55.0,四人小分队,旧账导入-2021,支出,娱乐/运动,娱乐/运动,0,,,13,2026-03-20 16:38:13,2026-03-20 16:38:13,2026-03-20 16:38:13
4885,2021-02-18,98.0,子程生日,旧账导入-2021,支出,社交,社交,0,,,13,2026-03-20 16:38:13,2026-03-20 16:38:13,2026-03-20 16:38:13
4884,2021-02-18,47.0,餐饮,旧账导入-2021,支出,食品饮料,食品饮料,0,,,13,2026-03-20 16:38:13,2026-03-20 16:38:13,2026-03-20 16:38:13
4883,2021-02-17,600.0,妈,旧账导入-2021,收入,亲友转账,亲友转账,0,,,13,2026-03-20 16:38:13,2026-03-20 16:38:13,2026-03-20 16:38:13
4882,2021-02-16,312.0,投资悦姐姐,旧账导入-2021,支出,娱乐/运动,娱乐/运动,0,,,13,2026-03-20 16:38:13,2026-03-20 16:38:13,2026-03-20 16:38:13
4881,2021-02-15,400.0,妈,旧账导入-2021,收入,亲友转账,亲友转账,0,,,13,2026-03-20 16:38:13,2026-03-20 16:38:13,2026-03-20 16:38:13
4880,2021-02-15,30.0,寄快递,旧账导入-2021,支出,生活支出,生活支出,0,,,13,2026-03-20 16:38:13,2026-03-20 16:38:13,2026-03-20 16:38:13
4879,2021-02-13,350.0,卖耳机,旧账导入-2021,收入,其他,其他,0,,,13,2026-03-20 16:38:13,2026-03-20 16:38:13,2026-03-20 16:38:13
4878,2021-02-13,600.0,妈,旧账导入-2021,收入,亲友转账,亲友转账,0,,,13,2026-03-20 16:38:13,2026-03-20 16:38:13,2026-03-20 16:38:13
4877,2021-02-13,329.0,晚餐,旧账导入-2021,支出,食品饮料,食品饮料,0,,,13,2026-03-20 16:38:13,2026-03-20 16:38:13,2026-03-20 16:38:13
4876,2021-02-11,400.0,收红包,旧账导入-2021,收入,其他,其他,0,,,13,2026-03-20 16:38:13,2026-03-20 16:38:13,2026-03-20 16:38:13
4875,2021-02-11,122.24,发红包,旧账导入-2021,支出,娱乐/运动,娱乐/运动,0,,,13,2026-03-20 16:38:13,2026-03-20 16:38:13,2026-03-20 16:38:13
4874,2021-02-10,688.0,张悦1,旧账导入-2021,支出,社交,社交,0,,,13,2026-03-20 16:38:13,2026-03-20 16:38:13,2026-03-20 16:38:13
4873,2021-02-08,36.0,国豪,旧账导入-2021,支出,社交,社交,0,,,13,2026-03-20 16:38:13,2026-03-20 16:38:13,2026-03-20 16:38:13
4872,2021-02-03,43.1,书,旧账导入-2021,支出,学习/培训/办公,学习/培训/办公,0,,,13,2026-03-20 16:38:13,2026-03-20 16:38:13,2026-03-20 16:38:13
4871,2021-01-31,20.0,拼多多,旧账导入-2021,支出,生活支出,生活支出,0,,,13,2026-03-20 16:38:13,2026-03-20 16:38:13,2026-03-20 16:38:13
4870,2021-01-31,275.0,文豪,旧账导入-2021,支出,社交,社交,0,,,13,2026-03-20 16:38:13,2026-03-20 16:38:13,2026-03-20 16:38:13
4869,2021-01-29,230.0,名器,旧账导入-2021,支出,生活支出,生活支出,0,,,13,2026-03-20 16:38:13,2026-03-20 16:38:13,2026-03-20 16:38:13
4868,2021-01-29,136.0,迪卡侬,旧账导入-2021,支出,服饰,服饰,0,,,13,2026-03-20 16:38:13,2026-03-20 16:38:13,2026-03-20 16:38:13
4867,2021-01-29,72.0,张悦1,旧账导入-2021,支出,社交,社交,0,,,13,2026-03-20 16:38:13,2026-03-20 16:38:13,2026-03-20 16:38:13
4866,2021-01-28,34.0,悦学姐,旧账导入-2021,支出,亲友转账,亲友转账,0,,,13,2026-03-20 16:38:13,2026-03-20 16:38:13,2026-03-20 16:38:13
4865,2021-01-27,508.0,AirPodspro左耳,旧账导入-2021,支出,生活支出,生活支出,0,,,13,2026-03-20 16:38:13,2026-03-20 16:38:13,2026-03-20 16:38:13
4864,2021-01-26,37.0,购物,旧账导入-2021,支出,生活支出,生活支出,0,,,13,2026-03-20 16:38:13,2026-03-20 16:38:13,2026-03-20 16:38:13
4863,2021-01-23,600.0,妈,旧账导入-2021,收入,亲友转账,亲友转账,0,,,13,2026-03-20 16:38:13,2026-03-20 16:38:13,2026-03-20 16:38:13
4862,2021-01-23,48.0,购物,旧账导入-2021,支出,生活支出,生活支出,0,,,13,2026-03-20 16:38:13,2026-03-20 16:38:13,2026-03-20 16:38:13
4861,2021-01-23,81.0,餐饮,旧账导入-2021,支出,食品饮料,食品饮料,0,,,13,2026-03-20 16:38:13,2026-03-20 16:38:13,2026-03-20 16:38:13
4860,2021-01-23,82.0,午餐,旧账导入-2021,支出,食品饮料,食品饮料,0,,,13,2026-03-20 16:38:13,2026-03-20 16:38:13,2026-03-20 16:38:13
4859,2021-01-21,147.95,购物,旧账导入-2021,支出,生活支出,生活支出,0,,,13,2026-03-20 16:38:13,2026-03-20 16:38:13,2026-03-20 16:38:13
4858,2021-01-20,600.0,妈,旧账导入-2021,收入,亲友转账,亲友转账,0,,,13,2026-03-20 16:38:13,2026-03-20 16:38:13,2026-03-20 16:38:13
4857,2021-01-20,42.0,购物,旧账导入-2021,支出,生活支出,生活支出,0,,,13,2026-03-20 16:38:13,2026-03-20 16:38:13,2026-03-20 16:38:13
4856,2021-01-20,23.0,交通出行,旧账导入-2021,支出,交通,交通,0,,,13,2026-03-20 16:38:13,2026-03-20 16:38:13,2026-03-20 16:38:13
4855,2021-01-19,10.0,购物,旧账导入-2021,支出,生活支出,生活支出,0,,,13,2026-03-20 16:38:13,2026-03-20 16:38:13,2026-03-20 16:38:13
4854,2021-01-19,45.0,补胎,旧账导入-2021,支出,生活支出,生活支出,0,,,13,2026-03-20 16:38:13,2026-03-20 16:38:13,2026-03-20 16:38:13
4853,2021-01-19,23.5,餐饮,旧账导入-2021,支出,食品饮料,食品饮料,0,,,13,2026-03-20 16:38:13,2026-03-20 16:38:13,2026-03-20 16:38:13
4852,2021-01-19,35.0,晚餐,旧账导入-2021,支出,食品饮料,食品饮料,0,,,13,2026-03-20 16:38:13,2026-03-20 16:38:13,2026-03-20 16:38:13
4851,2021-01-19,47.0,午餐,旧账导入-2021,支出,食品饮料,食品饮料,0,,,13,2026-03-20 16:38:13,2026-03-20 16:38:13,2026-03-20 16:38:13
4850,2021-01-18,80.0,迪卡侬,旧账导入-2021,支出,服饰,服饰,0,,,13,2026-03-20 16:38:13,2026-03-20 16:38:13,2026-03-20 16:38:13
4849,2021-01-18,127.0,交通出行,旧账导入-2021,支出,交通,交通,0,,,13,2026-03-20 16:38:13,2026-03-20 16:38:13,2026-03-20 16:38:13
4848,2021-01-18,21.6,餐饮,旧账导入-2021,支出,食品饮料,食品饮料,0,,,13,2026-03-20 16:38:13,2026-03-20 16:38:13,2026-03-20 16:38:13
4847,2021-01-18,120.0,午餐,旧账导入-2021,支出,食品饮料,食品饮料,0,,,13,2026-03-20 16:38:13,2026-03-20 16:38:13,2026-03-20 16:38:13
4846,2021-01-17,20.0,购物,旧账导入-2021,支出,生活支出,生活支出,0,,,13,2026-03-20 16:38:13,2026-03-20 16:38:13,2026-03-20 16:38:13
4845,2021-01-17,75.0,寄快递,旧账导入-2021,支出,生活支出,生活支出,0,,,13,2026-03-20 16:38:13,2026-03-20 16:38:13,2026-03-20 16:38:13
4844,2021-01-17,21.0,交通出行,旧账导入-2021,支出,交通,交通,0,,,13,2026-03-20 16:38:13,2026-03-20 16:38:13,2026-03-20 16:38:13
4843,2021-01-17,16.0,餐饮,旧账导入-2021,支出,食品饮料,食品饮料,0,,,13,2026-03-20 16:38:13,2026-03-20 16:38:13,2026-03-20 16:38:13
4842,2021-01-17,22.0,晚餐,旧账导入-2021,支出,食品饮料,食品饮料,0,,,13,2026-03-20 16:38:13,2026-03-20 16:38:13,2026-03-20 16:38:13
4841,2021-01-17,20.0,午餐,旧账导入-2021,支出,食品饮料,食品饮料,0,,,13,2026-03-20 16:38:13,2026-03-20 16:38:13,2026-03-20 16:38:13
4840,2021-01-16,6.0,APP付费,旧账导入-2021,支出,虚拟充值/通讯,虚拟充值/通讯,0,,,13,2026-03-20 16:38:13,2026-03-20 16:38:13,2026-03-20 16:38:13
4839,2021-01-16,5.0,交通出行,旧账导入-2021,支出,交通,交通,0,,,13,2026-03-20 16:38:13,2026-03-20 16:38:13,2026-03-20 16:38:13
4838,2021-01-15,60.0,火漆印,旧账导入-2021,支出,生活支出,生活支出,0,,,13,2026-03-20 16:38:13,2026-03-20 16:38:13,2026-03-20 16:38:13
4837,2021-01-15,27.0,唱歌,旧账导入-2021,支出,娱乐/运动,娱乐/运动,0,,,13,2026-03-20 16:38:13,2026-03-20 16:38:13,2026-03-20 16:38:13
4836,2021-01-15,13.5,交通出行,旧账导入-2021,支出,交通,交通,0,,,13,2026-03-20 16:38:13,2026-03-20 16:38:13,2026-03-20 16:38:13
4835,2021-01-15,35.0,餐饮,旧账导入-2021,支出,食品饮料,食品饮料,0,,,13,2026-03-20 16:38:13,2026-03-20 16:38:13,2026-03-20 16:38:13
4834,2021-01-15,35.0,晚餐,旧账导入-2021,支出,食品饮料,食品饮料,0,,,13,2026-03-20 16:38:13,2026-03-20 16:38:13,2026-03-20 16:38:13
4833,2021-01-15,9.9,午餐,旧账导入-2021,支出,食品饮料,食品饮料,0,,,13,2026-03-20 16:38:13,2026-03-20 16:38:13,2026-03-20 16:38:13
4832,2021-01-14,385.32,股市收益转出,旧账导入-2021,收入,其他,其他,0,,,13,2026-03-20 16:38:13,2026-03-20 16:38:13,2026-03-20 16:38:13
4831,2021-01-14,25.0,剪头,旧账导入-2021,支出,生活支出,生活支出,0,,,13,2026-03-20 16:38:13,2026-03-20 16:38:13,2026-03-20 16:38:13
4830,2021-01-14,12.0,午餐,旧账导入-2021,支出,食品饮料,食品饮料,0,,,13,2026-03-20 16:38:13,2026-03-20 16:38:13,2026-03-20 16:38:13
4829,2021-01-13,5.0,洗衣服,旧账导入-2021,支出,生活支出,生活支出,0,,,13,2026-03-20 16:38:13,2026-03-20 16:38:13,2026-03-20 16:38:13
4828,2021-01-13,185.0,晚餐,旧账导入-2021,支出,食品饮料,食品饮料,0,,,13,2026-03-20 16:38:13,2026-03-20 16:38:13,2026-03-20 16:38:13
4827,2021-01-13,14.0,午餐,旧账导入-2021,支出,食品饮料,食品饮料,0,,,13,2026-03-20 16:38:13,2026-03-20 16:38:13,2026-03-20 16:38:13
4826,2021-01-12,173.0,交通出行,旧账导入-2021,支出,交通,交通,0,,,13,2026-03-20 16:38:13,2026-03-20 16:38:13,2026-03-20 16:38:13
4825,2021-01-12,4.0,餐饮,旧账导入-2021,支出,食品饮料,食品饮料,0,,,13,2026-03-20 16:38:13,2026-03-20 16:38:13,2026-03-20 16:38:13
4824,2021-01-11,141.0,住宿支出,旧账导入-2021,支出,住宿,住宿,0,,,13,2026-03-20 16:38:13,2026-03-20 16:38:13,2026-03-20 16:38:13
4823,2021-01-11,50.0,岩馆,旧账导入-2021,支出,娱乐/运动,娱乐/运动,0,,,13,2026-03-20 16:38:13,2026-03-20 16:38:13,2026-03-20 16:38:13
4822,2021-01-11,25.48,交通出行,旧账导入-2021,支出,交通,交通,0,,,13,2026-03-20 16:38:13,2026-03-20 16:38:13,2026-03-20 16:38:13
4821,2021-01-11,139.0,晚餐,旧账导入-2021,支出,食品饮料,食品饮料,0,,,13,2026-03-20 16:38:13,2026-03-20 16:38:13,2026-03-20 16:38:13
4820,2021-01-11,109.0,午餐,旧账导入-2021,支出,食品饮料,食品饮料,0,,,13,2026-03-20 16:38:13,2026-03-20 16:38:13,2026-03-20 16:38:13
4819,2021-01-10,141.0,住宿支出,旧账导入-2021,支出,住宿,住宿,0,,,13,2026-03-20 16:38:13,2026-03-20 16:38:13,2026-03-20 16:38:13
4818,2021-01-10,60.0,方特打枪,旧账导入-2021,支出,娱乐/运动,娱乐/运动,0,,,13,2026-03-20 16:38:13,2026-03-20 16:38:13,2026-03-20 16:38:13
4817,2021-01-10,91.19,交通出行,旧账导入-2021,支出,交通,交通,0,,,13,2026-03-20 16:38:13,2026-03-20 16:38:13,2026-03-20 16:38:13
4816,2021-01-10,23.0,餐饮,旧账导入-2021,支出,食品饮料,食品饮料,0,,,13,2026-03-20 16:38:13,2026-03-20 16:38:13,2026-03-20 16:38:13
4815,2021-01-10,70.0,早餐,旧账导入-2021,支出,食品饮料,食品饮料,0,,,13,2026-03-20 16:38:13,2026-03-20 16:38:13,2026-03-20 16:38:13
4814,2021-01-09,71.0,电影,旧账导入-2021,支出,娱乐/运动,娱乐/运动,0,,,13,2026-03-20 16:38:13,2026-03-20 16:38:13,2026-03-20 16:38:13
4813,2021-01-09,96.0,交通出行,旧账导入-2021,支出,交通,交通,0,,,13,2026-03-20 16:38:13,2026-03-20 16:38:13,2026-03-20 16:38:13
4812,2021-01-09,20.0,餐饮,旧账导入-2021,支出,食品饮料,食品饮料,0,,,13,2026-03-20 16:38:13,2026-03-20 16:38:13,2026-03-20 16:38:13
4811,2021-01-08,5.0,交通出行,旧账导入-2021,支出,交通,交通,0,,,13,2026-03-20 16:38:13,2026-03-20 16:38:13,2026-03-20 16:38:13
4810,2021-01-07,960.0,岩馆二十次卡,旧账导入-2021,支出,娱乐/运动,娱乐/运动,0,,,13,2026-03-20 16:38:13,2026-03-20 16:38:13,2026-03-20 16:38:13
4809,2021-01-07,50.0,交通出行,旧账导入-2021,支出,交通,交通,0,,,13,2026-03-20 16:38:13,2026-03-20 16:38:13,2026-03-20 16:38:13
4808,2021-01-07,15.0,午餐,旧账导入-2021,支出,食品饮料,食品饮料,0,,,13,2026-03-20 16:38:13,2026-03-20 16:38:13,2026-03-20 16:38:13
4807,2021-01-07,16.0,早餐,旧账导入-2021,支出,食品饮料,食品饮料,0,,,13,2026-03-20 16:38:13,2026-03-20 16:38:13,2026-03-20 16:38:13
4806,2021-01-06,1000.0,给老姐转账,旧账导入-2021,支出,亲友转账,亲友转账,0,,,13,2026-03-20 16:38:13,2026-03-20 16:38:13,2026-03-20 16:38:13
4805,2021-01-06,36.0,晚餐,旧账导入-2021,支出,食品饮料,食品饮料,0,,,13,2026-03-20 16:38:13,2026-03-20 16:38:13,2026-03-20 16:38:13
4804,2021-01-06,16.0,午餐,旧账导入-2021,支出,食品饮料,食品饮料,0,,,13,2026-03-20 16:38:13,2026-03-20 16:38:13,2026-03-20 16:38:13
4803,2021-01-05,1721.06,股市收益转出,旧账导入-2021,收入,其他,其他,0,,,13,2026-03-20 16:38:13,2026-03-20 16:38:13,2026-03-20 16:38:13
4802,2021-01-05,24.0,晚餐,旧账导入-2021,支出,食品饮料,食品饮料,0,,,13,2026-03-20 16:38:13,2026-03-20 16:38:13,2026-03-20 16:38:13
4801,2021-01-05,15.0,午餐,旧账导入-2021,支出,食品饮料,食品饮料,0,,,13,2026-03-20 16:38:13,2026-03-20 16:38:13,2026-03-20 16:38:13
4800,2021-01-04,140.0,逛超市,旧账导入-2021,支出,生活支出,生活支出,0,,,13,2026-03-20 16:38:13,2026-03-20 16:38:13,2026-03-20 16:38:13
4799,2021-01-04,35.0,晚餐,旧账导入-2021,支出,食品饮料,食品饮料,0,,,13,2026-03-20 16:38:13,2026-03-20 16:38:13,2026-03-20 16:38:13
4798,2021-01-03,108.0,海伦斯,旧账导入-2021,支出,娱乐/运动,娱乐/运动,0,,,13,2026-03-20 16:38:13,2026-03-20 16:38:13,2026-03-20 16:38:13
4797,2021-01-03,45.0,王肖旭-气球,旧账导入-2021,支出,社交,社交,0,,,13,2026-03-20 16:38:13,2026-03-20 16:38:13,2026-03-20 16:38:13
4796,2021-01-03,25.76,交通出行,旧账导入-2021,支出,交通,交通,0,,,13,2026-03-20 16:38:13,2026-03-20 16:38:13,2026-03-20 16:38:13
4795,2021-01-03,45.0,午餐,旧账导入-2021,支出,食品饮料,食品饮料,0,,,13,2026-03-20 16:38:13,2026-03-20 16:38:13,2026-03-20 16:38:13
4794,2021-01-02,8.0,交通出行,旧账导入-2021,支出,交通,交通,0,,,13,2026-03-20 16:38:13,2026-03-20 16:38:13,2026-03-20 16:38:13
4793,2021-01-02,10.0,早餐,旧账导入-2021,支出,食品饮料,食品饮料,0,,,13,2026-03-20 16:38:13,2026-03-20 16:38:13,2026-03-20 16:38:13
4792,2021-01-01,700.0,妈,旧账导入-2021,收入,亲友转账,亲友转账,0,,,13,2026-03-20 16:38:13,2026-03-20 16:38:13,2026-03-20 16:38:13
4791,2021-01-01,30.8,交通出行,旧账导入-2021,支出,交通,交通,0,,,13,2026-03-20 16:38:13,2026-03-20 16:38:13,2026-03-20 16:38:13
4790,2021-01-01,60.0,晚餐,旧账导入-2021,支出,食品饮料,食品饮料,0,,,13,2026-03-20 16:38:13,2026-03-20 16:38:13,2026-03-20 16:38:13
4507,2020-12-31,208.0,天宫国际,旧账导入-2020,支出,住宿,住宿,0,,,12,2026-03-20 16:35:26,2026-03-20 16:35:26,2026-03-20 16:35:26
4506,2020-12-31,100.0,红包,旧账导入-2020,支出,社交,社交,0,,,12,2026-03-20 16:35:26,2026-03-20 16:35:26,2026-03-20 16:35:26
4505,2020-12-31,80.36,交通出行,旧账导入-2020,支出,交通,交通,0,,,12,2026-03-20 16:35:26,2026-03-20 16:35:26,2026-03-20 16:35:26
4504,2020-12-31,102.0,餐饮,旧账导入-2020,支出,食品饮料,食品饮料,0,,,12,2026-03-20 16:35:26,2026-03-20 16:35:26,2026-03-20 16:35:26
4503,2020-12-31,42.28,晚餐,旧账导入-2020,支出,食品饮料,食品饮料,0,,,12,2026-03-20 16:35:26,2026-03-20 16:35:26,2026-03-20 16:35:26
4502,2020-12-31,23.0,早餐,旧账导入-2020,支出,食品饮料,食品饮料,0,,,12,2026-03-20 16:35:26,2026-03-20 16:35:26,2026-03-20 16:35:26
4501,2020-12-30,150.0,酒店-崔玉凤,旧账导入-2020,支出,社交,社交,0,,,12,2026-03-20 16:35:26,2026-03-20 16:35:26,2026-03-20 16:35:26
4500,2020-12-30,45.43,交通出行,旧账导入-2020,支出,交通,交通,0,,,12,2026-03-20 16:35:26,2026-03-20 16:35:26,2026-03-20 16:35:26
4499,2020-12-30,93.6,餐饮,旧账导入-2020,支出,食品饮料,食品饮料,0,,,12,2026-03-20 16:35:26,2026-03-20 16:35:26,2026-03-20 16:35:26
4498,2020-12-30,34.0,晚餐,旧账导入-2020,支出,食品饮料,食品饮料,0,,,12,2026-03-20 16:35:26,2026-03-20 16:35:26,2026-03-20 16:35:26
4497,2020-12-30,14.0,早餐,旧账导入-2020,支出,食品饮料,食品饮料,0,,,12,2026-03-20 16:35:26,2026-03-20 16:35:26,2026-03-20 16:35:26
4496,2020-12-29,27.0,餐饮,旧账导入-2020,支出,食品饮料,食品饮料,0,,,12,2026-03-20 16:35:26,2026-03-20 16:35:26,2026-03-20 16:35:26
4495,2020-12-29,51.0,晚餐,旧账导入-2020,支出,食品饮料,食品饮料,0,,,12,2026-03-20 16:35:26,2026-03-20 16:35:26,2026-03-20 16:35:26
4494,2020-12-29,12.8,午餐,旧账导入-2020,支出,食品饮料,食品饮料,0,,,12,2026-03-20 16:35:26,2026-03-20 16:35:26,2026-03-20 16:35:26
4493,2020-12-28,12.0,晚餐,旧账导入-2020,支出,食品饮料,食品饮料,0,,,12,2026-03-20 16:35:26,2026-03-20 16:35:26,2026-03-20 16:35:26
4492,2020-12-28,13.5,午餐,旧账导入-2020,支出,食品饮料,食品饮料,0,,,12,2026-03-20 16:35:26,2026-03-20 16:35:26,2026-03-20 16:35:26
4491,2020-12-27,12.0,交通出行,旧账导入-2020,支出,交通,交通,0,,,12,2026-03-20 16:35:26,2026-03-20 16:35:26,2026-03-20 16:35:26
4490,2020-12-27,12.0,晚餐,旧账导入-2020,支出,食品饮料,食品饮料,0,,,12,2026-03-20 16:35:26,2026-03-20 16:35:26,2026-03-20 16:35:26
4489,2020-12-27,21.0,午餐,旧账导入-2020,支出,食品饮料,食品饮料,0,,,12,2026-03-20 16:35:26,2026-03-20 16:35:26,2026-03-20 16:35:26
4488,2020-12-26,52.5,交通出行,旧账导入-2020,支出,交通,交通,0,,,12,2026-03-20 16:35:26,2026-03-20 16:35:26,2026-03-20 16:35:26
4487,2020-12-25,610.57,股市收益转出,旧账导入-2020,收入,其他,其他,0,,,12,2026-03-20 16:35:26,2026-03-20 16:35:26,2026-03-20 16:35:26
4486,2020-12-25,12.8,手链+头绳,旧账导入-2020,支出,生活支出,生活支出,0,,,12,2026-03-20 16:35:26,2026-03-20 16:35:26,2026-03-20 16:35:26
4485,2020-12-25,45.0,晚餐,旧账导入-2020,支出,食品饮料,食品饮料,0,,,12,2026-03-20 16:35:26,2026-03-20 16:35:26,2026-03-20 16:35:26
4484,2020-12-25,12.0,午餐,旧账导入-2020,支出,食品饮料,食品饮料,0,,,12,2026-03-20 16:35:26,2026-03-20 16:35:26,2026-03-20 16:35:26
4483,2020-12-24,100.73,超市,旧账导入-2020,支出,生活支出,生活支出,0,,,12,2026-03-20 16:35:26,2026-03-20 16:35:26,2026-03-20 16:35:26
4482,2020-12-24,20.0,早餐,旧账导入-2020,支出,食品饮料,食品饮料,0,,,12,2026-03-20 16:35:26,2026-03-20 16:35:26,2026-03-20 16:35:26
4481,2020-12-23,35.0,交通出行,旧账导入-2020,支出,交通,交通,0,,,12,2026-03-20 16:35:26,2026-03-20 16:35:26,2026-03-20 16:35:26
4480,2020-12-23,18.75,晚餐,旧账导入-2020,支出,食品饮料,食品饮料,0,,,12,2026-03-20 16:35:26,2026-03-20 16:35:26,2026-03-20 16:35:26
4479,2020-12-23,10.0,午餐,旧账导入-2020,支出,食品饮料,食品饮料,0,,,12,2026-03-20 16:35:26,2026-03-20 16:35:26,2026-03-20 16:35:26
4478,2020-12-23,5.8,早餐,旧账导入-2020,支出,食品饮料,食品饮料,0,,,12,2026-03-20 16:35:26,2026-03-20 16:35:26,2026-03-20 16:35:26
4477,2020-12-22,50.0,空调退费,旧账导入-2020,收入,其他,其他,0,,,12,2026-03-20 16:35:26,2026-03-20 16:35:26,2026-03-20 16:35:26
4476,2020-12-22,15.0,洗衣服+修拉链,旧账导入-2020,支出,生活支出,生活支出,0,,,12,2026-03-20 16:35:26,2026-03-20 16:35:26,2026-03-20 16:35:26
4475,2020-12-22,37.0,晚餐,旧账导入-2020,支出,食品饮料,食品饮料,0,,,12,2026-03-20 16:35:26,2026-03-20 16:35:26,2026-03-20 16:35:26
4474,2020-12-22,10.0,早餐,旧账导入-2020,支出,食品饮料,食品饮料,0,,,12,2026-03-20 16:35:26,2026-03-20 16:35:26,2026-03-20 16:35:26
4473,2020-12-21,14.5,晚餐,旧账导入-2020,支出,食品饮料,食品饮料,0,,,12,2026-03-20 16:35:26,2026-03-20 16:35:26,2026-03-20 16:35:26
4472,2020-12-21,12.0,午餐,旧账导入-2020,支出,食品饮料,食品饮料,0,,,12,2026-03-20 16:35:26,2026-03-20 16:35:26,2026-03-20 16:35:26
4471,2020-12-20,392.0,洗牙补牙,旧账导入-2020,支出,生活支出,生活支出,0,,,12,2026-03-20 16:35:26,2026-03-20 16:35:26,2026-03-20 16:35:26
4470,2020-12-20,50.0,岩馆,旧账导入-2020,支出,娱乐/运动,娱乐/运动,0,,,12,2026-03-20 16:35:26,2026-03-20 16:35:26,2026-03-20 16:35:26
4469,2020-12-20,2.5,交通出行,旧账导入-2020,支出,交通,交通,0,,,12,2026-03-20 16:35:26,2026-03-20 16:35:26,2026-03-20 16:35:26
4468,2020-12-20,28.0,酸奶,旧账导入-2020,支出,食品饮料,食品饮料,0,,,12,2026-03-20 16:35:26,2026-03-20 16:35:26,2026-03-20 16:35:26
4467,2020-12-20,41.0,晚餐,旧账导入-2020,支出,食品饮料,食品饮料,0,,,12,2026-03-20 16:35:26,2026-03-20 16:35:26,2026-03-20 16:35:26
4466,2020-12-20,13.0,午餐,旧账导入-2020,支出,食品饮料,食品饮料,0,,,12,2026-03-20 16:35:26,2026-03-20 16:35:26,2026-03-20 16:35:26
4465,2020-12-19,100.0,话费,旧账导入-2020,支出,生活支出,生活支出,0,,,12,2026-03-20 16:35:26,2026-03-20 16:35:26,2026-03-20 16:35:26
4464,2020-12-19,2.5,交通出行,旧账导入-2020,支出,交通,交通,0,,,12,2026-03-20 16:35:26,2026-03-20 16:35:26,2026-03-20 16:35:26
4463,2020-12-18,134.0,书,旧账导入-2020,支出,学习/培训/办公,学习/培训/办公,0,,,12,2026-03-20 16:35:26,2026-03-20 16:35:26,2026-03-20 16:35:26
4462,2020-12-18,63.0,蓝牙手机支架,旧账导入-2020,支出,生活支出,生活支出,0,,,12,2026-03-20 16:35:26,2026-03-20 16:35:26,2026-03-20 16:35:26
4461,2020-12-18,33.0,晚餐,旧账导入-2020,支出,食品饮料,食品饮料,0,,,12,2026-03-20 16:35:26,2026-03-20 16:35:26,2026-03-20 16:35:26
4460,2020-12-18,11.0,午餐,旧账导入-2020,支出,食品饮料,食品饮料,0,,,12,2026-03-20 16:35:26,2026-03-20 16:35:26,2026-03-20 16:35:26
4459,2020-12-17,21.0,药,旧账导入-2020,支出,生活支出,生活支出,0,,,12,2026-03-20 16:35:26,2026-03-20 16:35:26,2026-03-20 16:35:26
4458,2020-12-17,70.0,耳机壳+猫窝,旧账导入-2020,支出,生活支出,生活支出,0,,,12,2026-03-20 16:35:26,2026-03-20 16:35:26,2026-03-20 16:35:26
4457,2020-12-17,23.0,晚餐,旧账导入-2020,支出,食品饮料,食品饮料,0,,,12,2026-03-20 16:35:26,2026-03-20 16:35:26,2026-03-20 16:35:26
4456,2020-12-17,12.0,午餐,旧账导入-2020,支出,食品饮料,食品饮料,0,,,12,2026-03-20 16:35:26,2026-03-20 16:35:26,2026-03-20 16:35:26
4455,2020-12-16,100.0,拼多多,旧账导入-2020,收入,其他,其他,0,,,12,2026-03-20 16:35:26,2026-03-20 16:35:26,2026-03-20 16:35:26
4454,2020-12-16,66.0,书,旧账导入-2020,支出,学习/培训/办公,学习/培训/办公,0,,,12,2026-03-20 16:35:26,2026-03-20 16:35:26,2026-03-20 16:35:26
4453,2020-12-16,6.0,icloud,旧账导入-2020,支出,虚拟充值/通讯,虚拟充值/通讯,0,,,12,2026-03-20 16:35:26,2026-03-20 16:35:26,2026-03-20 16:35:26
4452,2020-12-16,199.0,晚餐,旧账导入-2020,支出,食品饮料,食品饮料,0,,,12,2026-03-20 16:35:26,2026-03-20 16:35:26,2026-03-20 16:35:26
4451,2020-12-16,11.0,午餐,旧账导入-2020,支出,食品饮料,食品饮料,0,,,12,2026-03-20 16:35:26,2026-03-20 16:35:26,2026-03-20 16:35:26
4450,2020-12-16,9.0,早餐,旧账导入-2020,支出,食品饮料,食品饮料,0,,,12,2026-03-20 16:35:26,2026-03-20 16:35:26,2026-03-20 16:35:26
4449,2020-12-15,2150.0,贫困补贴,旧账导入-2020,收入,其他,其他,0,,,12,2026-03-20 16:35:26,2026-03-20 16:35:26,2026-03-20 16:35:26
4448,2020-12-15,52.1,姐-书,旧账导入-2020,支出,亲友转账,亲友转账,0,,,12,2026-03-20 16:35:26,2026-03-20 16:35:26,2026-03-20 16:35:26
4447,2020-12-15,22.0,交通出行,旧账导入-2020,支出,交通,交通,0,,,12,2026-03-20 16:35:26,2026-03-20 16:35:26,2026-03-20 16:35:26
4446,2020-12-15,23.0,奶茶,旧账导入-2020,支出,食品饮料,食品饮料,0,,,12,2026-03-20 16:35:26,2026-03-20 16:35:26,2026-03-20 16:35:26
4445,2020-12-15,38.0,晚餐,旧账导入-2020,支出,食品饮料,食品饮料,0,,,12,2026-03-20 16:35:26,2026-03-20 16:35:26,2026-03-20 16:35:26
4444,2020-12-15,13.0,午餐,旧账导入-2020,支出,食品饮料,食品饮料,0,,,12,2026-03-20 16:35:26,2026-03-20 16:35:26,2026-03-20 16:35:26
4443,2020-12-14,1800.0,助学贷款余额,旧账导入-2020,收入,其他,其他,0,,,12,2026-03-20 16:35:26,2026-03-20 16:35:26,2026-03-20 16:35:26
4442,2020-12-14,16.8,餐饮,旧账导入-2020,支出,食品饮料,食品饮料,0,,,12,2026-03-20 16:35:26,2026-03-20 16:35:26,2026-03-20 16:35:26
4441,2020-12-14,19.0,晚餐,旧账导入-2020,支出,食品饮料,食品饮料,0,,,12,2026-03-20 16:35:26,2026-03-20 16:35:26,2026-03-20 16:35:26
4440,2020-12-14,12.0,午餐,旧账导入-2020,支出,食品饮料,食品饮料,0,,,12,2026-03-20 16:35:26,2026-03-20 16:35:26,2026-03-20 16:35:26
4439,2020-12-13,50.0,攀岩,旧账导入-2020,支出,娱乐/运动,娱乐/运动,0,,,12,2026-03-20 16:35:26,2026-03-20 16:35:26,2026-03-20 16:35:26
4438,2020-12-13,37.0,交通出行,旧账导入-2020,支出,交通,交通,0,,,12,2026-03-20 16:35:26,2026-03-20 16:35:26,2026-03-20 16:35:26
4437,2020-12-13,34.0,晚餐,旧账导入-2020,支出,食品饮料,食品饮料,0,,,12,2026-03-20 16:35:26,2026-03-20 16:35:26,2026-03-20 16:35:26
4436,2020-12-13,12.0,午餐,旧账导入-2020,支出,食品饮料,食品饮料,0,,,12,2026-03-20 16:35:26,2026-03-20 16:35:26,2026-03-20 16:35:26
4435,2020-12-12,5.0,洗澡,旧账导入-2020,支出,生活支出,生活支出,0,,,12,2026-03-20 16:35:26,2026-03-20 16:35:26,2026-03-20 16:35:26
4434,2020-12-12,38.0,交通出行,旧账导入-2020,支出,交通,交通,0,,,12,2026-03-20 16:35:26,2026-03-20 16:35:26,2026-03-20 16:35:26
4433,2020-12-11,205.0,龙舟队训练费,旧账导入-2020,收入,其他,其他,0,,,12,2026-03-20 16:35:26,2026-03-20 16:35:26,2026-03-20 16:35:26
4432,2020-12-11,300.0,百里毅行报名费,旧账导入-2020,支出,娱乐/运动,娱乐/运动,0,,,12,2026-03-20 16:35:26,2026-03-20 16:35:26,2026-03-20 16:35:26
4431,2020-12-11,75.0,晚餐,旧账导入-2020,支出,食品饮料,食品饮料,0,,,12,2026-03-20 16:35:26,2026-03-20 16:35:26,2026-03-20 16:35:26
4430,2020-12-11,11.0,午餐,旧账导入-2020,支出,食品饮料,食品饮料,0,,,12,2026-03-20 16:35:26,2026-03-20 16:35:26,2026-03-20 16:35:26
4429,2020-12-11,20.5,早餐,旧账导入-2020,支出,食品饮料,食品饮料,0,,,12,2026-03-20 16:35:26,2026-03-20 16:35:26,2026-03-20 16:35:26
4428,2020-12-10,58.0,剧本杀,旧账导入-2020,支出,娱乐/运动,娱乐/运动,0,,,12,2026-03-20 16:35:26,2026-03-20 16:35:26,2026-03-20 16:35:26
4427,2020-12-10,3.0,交通出行,旧账导入-2020,支出,交通,交通,0,,,12,2026-03-20 16:35:26,2026-03-20 16:35:26,2026-03-20 16:35:26
4426,2020-12-10,33.0,晚餐,旧账导入-2020,支出,食品饮料,食品饮料,0,,,12,2026-03-20 16:35:26,2026-03-20 16:35:26,2026-03-20 16:35:26
4425,2020-12-10,16.0,午餐,旧账导入-2020,支出,食品饮料,食品饮料,0,,,12,2026-03-20 16:35:26,2026-03-20 16:35:26,2026-03-20 16:35:26
4424,2020-12-10,10.0,早餐,旧账导入-2020,支出,食品饮料,食品饮料,0,,,12,2026-03-20 16:35:26,2026-03-20 16:35:26,2026-03-20 16:35:26
4423,2020-12-09,72.0,看电影,旧账导入-2020,支出,娱乐/运动,娱乐/运动,0,,,12,2026-03-20 16:35:26,2026-03-20 16:35:26,2026-03-20 16:35:26
4422,2020-12-09,22.0,交通出行,旧账导入-2020,支出,交通,交通,0,,,12,2026-03-20 16:35:26,2026-03-20 16:35:26,2026-03-20 16:35:26
4421,2020-12-09,12.0,午餐,旧账导入-2020,支出,食品饮料,食品饮料,0,,,12,2026-03-20 16:35:26,2026-03-20 16:35:26,2026-03-20 16:35:26
4420,2020-12-08,22.0,寄快递,旧账导入-2020,支出,生活支出,生活支出,0,,,12,2026-03-20 16:35:26,2026-03-20 16:35:26,2026-03-20 16:35:26
4419,2020-12-08,18.0,林俊杰专辑,旧账导入-2020,支出,虚拟充值/通讯,虚拟充值/通讯,0,,,12,2026-03-20 16:35:26,2026-03-20 16:35:26,2026-03-20 16:35:26
4418,2020-12-08,12.0,午餐,旧账导入-2020,支出,食品饮料,食品饮料,0,,,12,2026-03-20 16:35:26,2026-03-20 16:35:26,2026-03-20 16:35:26
4417,2020-12-08,10.0,早餐,旧账导入-2020,支出,食品饮料,食品饮料,0,,,12,2026-03-20 16:35:26,2026-03-20 16:35:26,2026-03-20 16:35:26
4416,2020-12-07,42.0,国豪-书,旧账导入-2020,支出,社交,社交,0,,,12,2026-03-20 16:35:26,2026-03-20 16:35:26,2026-03-20 16:35:26
4415,2020-12-07,8.0,晚餐,旧账导入-2020,支出,食品饮料,食品饮料,0,,,12,2026-03-20 16:35:26,2026-03-20 16:35:26,2026-03-20 16:35:26
4414,2020-12-07,18.0,午餐,旧账导入-2020,支出,食品饮料,食品饮料,0,,,12,2026-03-20 16:35:26,2026-03-20 16:35:26,2026-03-20 16:35:26
4413,2020-12-07,10.0,早餐,旧账导入-2020,支出,食品饮料,食品饮料,0,,,12,2026-03-20 16:35:26,2026-03-20 16:35:26,2026-03-20 16:35:26
4412,2020-12-06,12.0,晚餐,旧账导入-2020,支出,食品饮料,食品饮料,0,,,12,2026-03-20 16:35:26,2026-03-20 16:35:26,2026-03-20 16:35:26
4411,2020-12-06,26.0,午餐,旧账导入-2020,支出,食品饮料,食品饮料,0,,,12,2026-03-20 16:35:26,2026-03-20 16:35:26,2026-03-20 16:35:26
4410,2020-12-05,41.0,交通出行,旧账导入-2020,支出,交通,交通,0,,,12,2026-03-20 16:35:26,2026-03-20 16:35:26,2026-03-20 16:35:26
4409,2020-12-05,5.0,早餐,旧账导入-2020,支出,食品饮料,食品饮料,0,,,12,2026-03-20 16:35:26,2026-03-20 16:35:26,2026-03-20 16:35:26
4408,2020-12-04,10.0,晚餐,旧账导入-2020,支出,食品饮料,食品饮料,0,,,12,2026-03-20 16:35:26,2026-03-20 16:35:26,2026-03-20 16:35:26
4407,2020-12-04,14.0,午餐,旧账导入-2020,支出,食品饮料,食品饮料,0,,,12,2026-03-20 16:35:26,2026-03-20 16:35:26,2026-03-20 16:35:26
4406,2020-12-03,140.0,书,旧账导入-2020,支出,学习/培训/办公,学习/培训/办公,0,,,12,2026-03-20 16:35:26,2026-03-20 16:35:26,2026-03-20 16:35:26
4405,2020-12-03,30.0,晚餐,旧账导入-2020,支出,食品饮料,食品饮料,0,,,12,2026-03-20 16:35:26,2026-03-20 16:35:26,2026-03-20 16:35:26
4404,2020-12-03,12.6,午餐,旧账导入-2020,支出,食品饮料,食品饮料,0,,,12,2026-03-20 16:35:26,2026-03-20 16:35:26,2026-03-20 16:35:26
4403,2020-12-02,20.0,晚餐,旧账导入-2020,支出,食品饮料,食品饮料,0,,,12,2026-03-20 16:35:26,2026-03-20 16:35:26,2026-03-20 16:35:26
4402,2020-12-02,14.0,午餐,旧账导入-2020,支出,食品饮料,食品饮料,0,,,12,2026-03-20 16:35:26,2026-03-20 16:35:26,2026-03-20 16:35:26
4401,2020-12-02,20.5,早餐,旧账导入-2020,支出,食品饮料,食品饮料,0,,,12,2026-03-20 16:35:26,2026-03-20 16:35:26,2026-03-20 16:35:26
4400,2020-12-01,140.0,术后内裤,旧账导入-2020,支出,生活支出,生活支出,0,,,12,2026-03-20 16:35:26,2026-03-20 16:35:26,2026-03-20 16:35:26
4399,2020-12-01,20.5,午餐,旧账导入-2020,支出,食品饮料,食品饮料,0,,,12,2026-03-20 16:35:26,2026-03-20 16:35:26,2026-03-20 16:35:26
4398,2020-11-30,13.9,晚餐,旧账导入-2020,支出,食品饮料,食品饮料,0,,,12,2026-03-20 16:35:26,2026-03-20 16:35:26,2026-03-20 16:35:26
4397,2020-11-30,25.6,早餐,旧账导入-2020,支出,食品饮料,食品饮料,0,,,12,2026-03-20 16:35:26,2026-03-20 16:35:26,2026-03-20 16:35:26
4396,2020-11-29,64.0,插排+读卡器,旧账导入-2020,支出,生活支出,生活支出,0,,,12,2026-03-20 16:35:26,2026-03-20 16:35:26,2026-03-20 16:35:26
4395,2020-11-29,24.17,晚餐,旧账导入-2020,支出,食品饮料,食品饮料,0,,,12,2026-03-20 16:35:26,2026-03-20 16:35:26,2026-03-20 16:35:26
4394,2020-11-29,11.0,午餐,旧账导入-2020,支出,食品饮料,食品饮料,0,,,12,2026-03-20 16:35:26,2026-03-20 16:35:26,2026-03-20 16:35:26
4393,2020-11-28,200.0,老姐-转账,旧账导入-2020,支出,亲友转账,亲友转账,0,,,12,2026-03-20 16:35:26,2026-03-20 16:35:26,2026-03-20 16:35:26
4392,2020-11-26,15.0,早餐,旧账导入-2020,支出,食品饮料,食品饮料,0,,,12,2026-03-20 16:35:26,2026-03-20 16:35:26,2026-03-20 16:35:26
4391,2020-11-25,12.0,午餐,旧账导入-2020,支出,食品饮料,食品饮料,0,,,12,2026-03-20 16:35:26,2026-03-20 16:35:26,2026-03-20 16:35:26
4390,2020-11-25,5.0,早餐,旧账导入-2020,支出,食品饮料,食品饮料,0,,,12,2026-03-20 16:35:26,2026-03-20 16:35:26,2026-03-20 16:35:26
4389,2020-11-24,2000.0,包皮环切,旧账导入-2020,支出,生活支出,生活支出,0,,,12,2026-03-20 16:35:26,2026-03-20 16:35:26,2026-03-20 16:35:26
4388,2020-11-24,289.0,修无人机,旧账导入-2020,支出,生活支出,生活支出,0,,,12,2026-03-20 16:35:26,2026-03-20 16:35:26,2026-03-20 16:35:26
4387,2020-11-23,21.7,剃须刀,旧账导入-2020,支出,生活支出,生活支出,0,,,12,2026-03-20 16:35:26,2026-03-20 16:35:26,2026-03-20 16:35:26
4386,2020-11-23,88.0,裤子,旧账导入-2020,支出,服饰,服饰,0,,,12,2026-03-20 16:35:26,2026-03-20 16:35:26,2026-03-20 16:35:26
4385,2020-11-23,8.0,早餐,旧账导入-2020,支出,食品饮料,食品饮料,0,,,12,2026-03-20 16:35:26,2026-03-20 16:35:26,2026-03-20 16:35:26
4384,2020-11-22,140.0,晚餐,旧账导入-2020,支出,食品饮料,食品饮料,0,,,12,2026-03-20 16:35:26,2026-03-20 16:35:26,2026-03-20 16:35:26
4383,2020-11-22,6.0,早餐,旧账导入-2020,支出,食品饮料,食品饮料,0,,,12,2026-03-20 16:35:26,2026-03-20 16:35:26,2026-03-20 16:35:26
4382,2020-11-21,40.0,交通出行,旧账导入-2020,支出,交通,交通,0,,,12,2026-03-20 16:35:26,2026-03-20 16:35:26,2026-03-20 16:35:26
4381,2020-11-21,18.0,晚餐,旧账导入-2020,支出,食品饮料,食品饮料,0,,,12,2026-03-20 16:35:26,2026-03-20 16:35:26,2026-03-20 16:35:26
4380,2020-11-21,5.0,早餐,旧账导入-2020,支出,食品饮料,食品饮料,0,,,12,2026-03-20 16:35:26,2026-03-20 16:35:26,2026-03-20 16:35:26
4379,2020-11-20,6.0,文体教育,旧账导入-2020,支出,学习/培训/办公,学习/培训/办公,0,,,12,2026-03-20 16:35:26,2026-03-20 16:35:26,2026-03-20 16:35:26
4378,2020-11-20,12.0,晚餐,旧账导入-2020,支出,食品饮料,食品饮料,0,,,12,2026-03-20 16:35:26,2026-03-20 16:35:26,2026-03-20 16:35:26
4377,2020-11-20,12.0,午餐,旧账导入-2020,支出,食品饮料,食品饮料,0,,,12,2026-03-20 16:35:26,2026-03-20 16:35:26,2026-03-20 16:35:26
4376,2020-11-19,220.0,烫头,旧账导入-2020,支出,生活支出,生活支出,0,,,12,2026-03-20 16:35:26,2026-03-20 16:35:26,2026-03-20 16:35:26
4375,2020-11-19,35.0,晚餐,旧账导入-2020,支出,食品饮料,食品饮料,0,,,12,2026-03-20 16:35:26,2026-03-20 16:35:26,2026-03-20 16:35:26
4374,2020-11-19,12.0,午餐,旧账导入-2020,支出,食品饮料,食品饮料,0,,,12,2026-03-20 16:35:26,2026-03-20 16:35:26,2026-03-20 16:35:26
4373,2020-11-19,10.0,早餐,旧账导入-2020,支出,食品饮料,食品饮料,0,,,12,2026-03-20 16:35:26,2026-03-20 16:35:26,2026-03-20 16:35:26
4372,2020-11-18,30.0,请吃,旧账导入-2020,支出,社交,社交,0,,,12,2026-03-20 16:35:26,2026-03-20 16:35:26,2026-03-20 16:35:26
4371,2020-11-18,40.0,餐饮美食,旧账导入-2020,支出,食品饮料,食品饮料,0,,,12,2026-03-20 16:35:26,2026-03-20 16:35:26,2026-03-20 16:35:26
4370,2020-11-18,12.0,晚餐,旧账导入-2020,支出,食品饮料,食品饮料,0,,,12,2026-03-20 16:35:26,2026-03-20 16:35:26,2026-03-20 16:35:26
4369,2020-11-18,12.0,午餐,旧账导入-2020,支出,食品饮料,食品饮料,0,,,12,2026-03-20 16:35:26,2026-03-20 16:35:26,2026-03-20 16:35:26
4368,2020-11-18,5.0,早餐,旧账导入-2020,支出,食品饮料,食品饮料,0,,,12,2026-03-20 16:35:26,2026-03-20 16:35:26,2026-03-20 16:35:26
4367,2020-11-17,13.5,晚餐,旧账导入-2020,支出,食品饮料,食品饮料,0,,,12,2026-03-20 16:35:26,2026-03-20 16:35:26,2026-03-20 16:35:26
4366,2020-11-17,12.0,午餐,旧账导入-2020,支出,食品饮料,食品饮料,0,,,12,2026-03-20 16:35:26,2026-03-20 16:35:26,2026-03-20 16:35:26
4365,2020-11-17,10.0,早餐,旧账导入-2020,支出,食品饮料,食品饮料,0,,,12,2026-03-20 16:35:26,2026-03-20 16:35:26,2026-03-20 16:35:26
4364,2020-11-16,21.0,交通出行,旧账导入-2020,支出,交通,交通,0,,,12,2026-03-20 16:35:26,2026-03-20 16:35:26,2026-03-20 16:35:26
4363,2020-11-16,30.0,餐饮美食,旧账导入-2020,支出,食品饮料,食品饮料,0,,,12,2026-03-20 16:35:26,2026-03-20 16:35:26,2026-03-20 16:35:26
4362,2020-11-16,70.0,晚餐,旧账导入-2020,支出,食品饮料,食品饮料,0,,,12,2026-03-20 16:35:26,2026-03-20 16:35:26,2026-03-20 16:35:26
4361,2020-11-16,16.5,午餐,旧账导入-2020,支出,食品饮料,食品饮料,0,,,12,2026-03-20 16:35:26,2026-03-20 16:35:26,2026-03-20 16:35:26
4360,2020-11-15,50.0,交通出行,旧账导入-2020,支出,交通,交通,0,,,12,2026-03-20 16:35:26,2026-03-20 16:35:26,2026-03-20 16:35:26
4359,2020-11-15,40.0,餐饮美食,旧账导入-2020,支出,食品饮料,食品饮料,0,,,12,2026-03-20 16:35:26,2026-03-20 16:35:26,2026-03-20 16:35:26
4358,2020-11-15,21.0,晚餐,旧账导入-2020,支出,食品饮料,食品饮料,0,,,12,2026-03-20 16:35:26,2026-03-20 16:35:26,2026-03-20 16:35:26
4357,2020-11-15,70.0,午餐,旧账导入-2020,支出,食品饮料,食品饮料,0,,,12,2026-03-20 16:35:26,2026-03-20 16:35:26,2026-03-20 16:35:26
4356,2020-11-15,6.0,早餐,旧账导入-2020,支出,食品饮料,食品饮料,0,,,12,2026-03-20 16:35:26,2026-03-20 16:35:26,2026-03-20 16:35:26
4355,2020-11-14,25.0,请吃,旧账导入-2020,支出,社交,社交,0,,,12,2026-03-20 16:35:26,2026-03-20 16:35:26,2026-03-20 16:35:26
4354,2020-11-14,68.0,牛奶,旧账导入-2020,支出,食品饮料,食品饮料,0,,,12,2026-03-20 16:35:26,2026-03-20 16:35:26,2026-03-20 16:35:26
4353,2020-11-14,22.0,午餐,旧账导入-2020,支出,食品饮料,食品饮料,0,,,12,2026-03-20 16:35:26,2026-03-20 16:35:26,2026-03-20 16:35:26
4352,2020-11-13,21.8,请吃,旧账导入-2020,支出,社交,社交,0,,,12,2026-03-20 16:35:26,2026-03-20 16:35:26,2026-03-20 16:35:26
4351,2020-11-13,100.0,晚餐,旧账导入-2020,支出,食品饮料,食品饮料,0,,,12,2026-03-20 16:35:26,2026-03-20 16:35:26,2026-03-20 16:35:26
4350,2020-11-13,29.0,午餐,旧账导入-2020,支出,食品饮料,食品饮料,0,,,12,2026-03-20 16:35:26,2026-03-20 16:35:26,2026-03-20 16:35:26
4349,2020-11-13,10.0,早餐,旧账导入-2020,支出,食品饮料,食品饮料,0,,,12,2026-03-20 16:35:26,2026-03-20 16:35:26,2026-03-20 16:35:26
4348,2020-11-12,45.0,笔,旧账导入-2020,支出,学习/培训/办公,学习/培训/办公,0,,,12,2026-03-20 16:35:26,2026-03-20 16:35:26,2026-03-20 16:35:26
4347,2020-11-12,16.0,午餐,旧账导入-2020,支出,食品饮料,食品饮料,0,,,12,2026-03-20 16:35:26,2026-03-20 16:35:26,2026-03-20 16:35:26
4346,2020-11-11,22.0,晚餐,旧账导入-2020,支出,食品饮料,食品饮料,0,,,12,2026-03-20 16:35:26,2026-03-20 16:35:26,2026-03-20 16:35:26
4345,2020-11-11,9.0,午餐,旧账导入-2020,支出,食品饮料,食品饮料,0,,,12,2026-03-20 16:35:26,2026-03-20 16:35:26,2026-03-20 16:35:26
4344,2020-11-10,6.0,交通出行,旧账导入-2020,支出,交通,交通,0,,,12,2026-03-20 16:35:26,2026-03-20 16:35:26,2026-03-20 16:35:26
4343,2020-11-10,17.0,晚餐,旧账导入-2020,支出,食品饮料,食品饮料,0,,,12,2026-03-20 16:35:26,2026-03-20 16:35:26,2026-03-20 16:35:26
4342,2020-11-10,11.0,午餐,旧账导入-2020,支出,食品饮料,食品饮料,0,,,12,2026-03-20 16:35:26,2026-03-20 16:35:26,2026-03-20 16:35:26
4341,2020-11-09,18.0,晚餐,旧账导入-2020,支出,食品饮料,食品饮料,0,,,12,2026-03-20 16:35:26,2026-03-20 16:35:26,2026-03-20 16:35:26
4340,2020-11-09,8.0,午餐,旧账导入-2020,支出,食品饮料,食品饮料,0,,,12,2026-03-20 16:35:26,2026-03-20 16:35:26,2026-03-20 16:35:26
4339,2020-11-08,9.0,pr,旧账导入-2020,支出,学习/培训/办公,学习/培训/办公,0,,,12,2026-03-20 16:35:26,2026-03-20 16:35:26,2026-03-20 16:35:26
4338,2020-11-08,8.0,证件照,旧账导入-2020,支出,生活支出,生活支出,0,,,12,2026-03-20 16:35:26,2026-03-20 16:35:26,2026-03-20 16:35:26
4337,2020-11-08,130.0,晚餐,旧账导入-2020,支出,食品饮料,食品饮料,0,,,12,2026-03-20 16:35:26,2026-03-20 16:35:26,2026-03-20 16:35:26
4336,2020-11-08,13.0,午餐,旧账导入-2020,支出,食品饮料,食品饮料,0,,,12,2026-03-20 16:35:26,2026-03-20 16:35:26,2026-03-20 16:35:26
4335,2020-11-07,109.0,卫衣,旧账导入-2020,支出,服饰,服饰,0,,,12,2026-03-20 16:35:26,2026-03-20 16:35:26,2026-03-20 16:35:26
4334,2020-11-07,8.0,交通出行,旧账导入-2020,支出,交通,交通,0,,,12,2026-03-20 16:35:26,2026-03-20 16:35:26,2026-03-20 16:35:26
4333,2020-11-07,5.0,早餐,旧账导入-2020,支出,食品饮料,食品饮料,0,,,12,2026-03-20 16:35:26,2026-03-20 16:35:26,2026-03-20 16:35:26
4332,2020-11-06,16.0,网易云,旧账导入-2020,支出,生活支出,生活支出,0,,,12,2026-03-20 16:35:26,2026-03-20 16:35:26,2026-03-20 16:35:26
4331,2020-11-06,20.0,交通出行,旧账导入-2020,支出,交通,交通,0,,,12,2026-03-20 16:35:26,2026-03-20 16:35:26,2026-03-20 16:35:26
4330,2020-11-06,11.0,晚餐,旧账导入-2020,支出,食品饮料,食品饮料,0,,,12,2026-03-20 16:35:26,2026-03-20 16:35:26,2026-03-20 16:35:26
4329,2020-11-06,11.5,午餐,旧账导入-2020,支出,食品饮料,食品饮料,0,,,12,2026-03-20 16:35:26,2026-03-20 16:35:26,2026-03-20 16:35:26
4328,2020-11-06,10.0,早餐,旧账导入-2020,支出,食品饮料,食品饮料,0,,,12,2026-03-20 16:35:26,2026-03-20 16:35:26,2026-03-20 16:35:26
4327,2020-11-05,11.5,晚餐,旧账导入-2020,支出,食品饮料,食品饮料,0,,,12,2026-03-20 16:35:26,2026-03-20 16:35:26,2026-03-20 16:35:26
4326,2020-11-05,12.0,午餐,旧账导入-2020,支出,食品饮料,食品饮料,0,,,12,2026-03-20 16:35:26,2026-03-20 16:35:26,2026-03-20 16:35:26
4325,2020-11-04,6.0,QQ,旧账导入-2020,支出,虚拟充值/通讯,虚拟充值/通讯,0,,,12,2026-03-20 16:35:26,2026-03-20 16:35:26,2026-03-20 16:35:26
4324,2020-11-04,11.5,午餐,旧账导入-2020,支出,食品饮料,食品饮料,0,,,12,2026-03-20 16:35:26,2026-03-20 16:35:26,2026-03-20 16:35:26
4323,2020-11-04,12.0,早餐,旧账导入-2020,支出,食品饮料,食品饮料,0,,,12,2026-03-20 16:35:26,2026-03-20 16:35:26,2026-03-20 16:35:26
4322,2020-11-03,200.0,书,旧账导入-2020,支出,学习/培训/办公,学习/培训/办公,0,,,12,2026-03-20 16:35:26,2026-03-20 16:35:26,2026-03-20 16:35:26
4321,2020-11-03,4100.0,DJL mini2,旧账导入-2020,支出,生活支出,生活支出,0,,,12,2026-03-20 16:35:26,2026-03-20 16:35:26,2026-03-20 16:35:26
4320,2020-11-03,17.0,晚餐,旧账导入-2020,支出,食品饮料,食品饮料,0,,,12,2026-03-20 16:35:26,2026-03-20 16:35:26,2026-03-20 16:35:26
4319,2020-11-03,11.0,午餐,旧账导入-2020,支出,食品饮料,食品饮料,0,,,12,2026-03-20 16:35:26,2026-03-20 16:35:26,2026-03-20 16:35:26
4318,2020-11-02,8.0,生活支出,旧账导入-2020,支出,生活支出,生活支出,0,,,12,2026-03-20 16:35:26,2026-03-20 16:35:26,2026-03-20 16:35:26
4317,2020-11-02,52.0,晚餐,旧账导入-2020,支出,食品饮料,食品饮料,0,,,12,2026-03-20 16:35:26,2026-03-20 16:35:26,2026-03-20 16:35:26
4316,2020-11-02,11.5,午餐,旧账导入-2020,支出,食品饮料,食品饮料,0,,,12,2026-03-20 16:35:26,2026-03-20 16:35:26,2026-03-20 16:35:26
4315,2020-11-02,6.5,早餐,旧账导入-2020,支出,食品饮料,食品饮料,0,,,12,2026-03-20 16:35:26,2026-03-20 16:35:26,2026-03-20 16:35:26
4314,2020-11-01,167.0,纸,旧账导入-2020,支出,生活支出,生活支出,0,,,12,2026-03-20 16:35:26,2026-03-20 16:35:26,2026-03-20 16:35:26
4313,2020-11-01,1192.0,双十一,旧账导入-2020,支出,服饰,服饰,0,,,12,2026-03-20 16:35:26,2026-03-20 16:35:26,2026-03-20 16:35:26
4312,2020-11-01,30.0,洗鞋,旧账导入-2020,支出,生活支出,生活支出,0,,,12,2026-03-20 16:35:26,2026-03-20 16:35:26,2026-03-20 16:35:26
4311,2020-11-01,46.0,双十一,旧账导入-2020,支出,食品饮料,食品饮料,0,,,12,2026-03-20 16:35:26,2026-03-20 16:35:26,2026-03-20 16:35:26
4310,2020-11-01,12.0,晚餐,旧账导入-2020,支出,食品饮料,食品饮料,0,,,12,2026-03-20 16:35:26,2026-03-20 16:35:26,2026-03-20 16:35:26
4309,2020-10-31,4.0,生活购物,旧账导入-2020,支出,生活支出,生活支出,0,,,12,2026-03-20 16:35:26,2026-03-20 16:35:26,2026-03-20 16:35:26
4308,2020-10-31,20.0,交通出行,旧账导入-2020,支出,交通,交通,0,,,12,2026-03-20 16:35:26,2026-03-20 16:35:26,2026-03-20 16:35:26
4307,2020-10-30,20.0,查重,旧账导入-2020,支出,学习/培训/办公,学习/培训/办公,0,,,12,2026-03-20 16:35:26,2026-03-20 16:35:26,2026-03-20 16:35:26
4306,2020-10-30,6.0,水果,旧账导入-2020,支出,食品饮料,食品饮料,0,,,12,2026-03-20 16:35:26,2026-03-20 16:35:26,2026-03-20 16:35:26
4305,2020-10-30,34.0,晚餐,旧账导入-2020,支出,食品饮料,食品饮料,0,,,12,2026-03-20 16:35:26,2026-03-20 16:35:26,2026-03-20 16:35:26
4304,2020-10-30,9.0,早餐,旧账导入-2020,支出,食品饮料,食品饮料,0,,,12,2026-03-20 16:35:26,2026-03-20 16:35:26,2026-03-20 16:35:26
4303,2020-10-29,55.0,住宿支出,旧账导入-2020,支出,住宿,住宿,0,,,12,2026-03-20 16:35:26,2026-03-20 16:35:26,2026-03-20 16:35:26
4302,2020-10-29,19.0,交通出行,旧账导入-2020,支出,交通,交通,0,,,12,2026-03-20 16:35:26,2026-03-20 16:35:26,2026-03-20 16:35:26
4301,2020-10-29,18.0,水果,旧账导入-2020,支出,食品饮料,食品饮料,0,,,12,2026-03-20 16:35:26,2026-03-20 16:35:26,2026-03-20 16:35:26
4300,2020-10-29,15.0,晚餐,旧账导入-2020,支出,食品饮料,食品饮料,0,,,12,2026-03-20 16:35:26,2026-03-20 16:35:26,2026-03-20 16:35:26
4299,2020-10-29,19.0,午餐,旧账导入-2020,支出,食品饮料,食品饮料,0,,,12,2026-03-20 16:35:26,2026-03-20 16:35:26,2026-03-20 16:35:26
4298,2020-10-28,55.0,住宿支出,旧账导入-2020,支出,住宿,住宿,0,,,12,2026-03-20 16:35:26,2026-03-20 16:35:26,2026-03-20 16:35:26
4297,2020-10-28,91.5,早餐,旧账导入-2020,支出,食品饮料,食品饮料,0,,,12,2026-03-20 16:35:26,2026-03-20 16:35:26,2026-03-20 16:35:26
4296,2020-10-27,12.0,黄钻,旧账导入-2020,支出,虚拟充值/通讯,虚拟充值/通讯,0,,,12,2026-03-20 16:35:26,2026-03-20 16:35:26,2026-03-20 16:35:26
4295,2020-10-27,8.0,晚餐,旧账导入-2020,支出,食品饮料,食品饮料,0,,,12,2026-03-20 16:35:26,2026-03-20 16:35:26,2026-03-20 16:35:26
4294,2020-10-27,12.0,午餐,旧账导入-2020,支出,食品饮料,食品饮料,0,,,12,2026-03-20 16:35:26,2026-03-20 16:35:26,2026-03-20 16:35:26
4293,2020-10-26,9.5,晚餐,旧账导入-2020,支出,食品饮料,食品饮料,0,,,12,2026-03-20 16:35:26,2026-03-20 16:35:26,2026-03-20 16:35:26
4292,2020-10-26,13.0,午餐,旧账导入-2020,支出,食品饮料,食品饮料,0,,,12,2026-03-20 16:35:26,2026-03-20 16:35:26,2026-03-20 16:35:26
4291,2020-10-25,15.0,笔,旧账导入-2020,支出,学习/培训/办公,学习/培训/办公,0,,,12,2026-03-20 16:35:26,2026-03-20 16:35:26,2026-03-20 16:35:26
4290,2020-10-25,90.0,枕芯+花,旧账导入-2020,支出,生活支出,生活支出,0,,,12,2026-03-20 16:35:26,2026-03-20 16:35:26,2026-03-20 16:35:26
4289,2020-10-25,12.0,生活支出,旧账导入-2020,支出,生活支出,生活支出,0,,,12,2026-03-20 16:35:26,2026-03-20 16:35:26,2026-03-20 16:35:26
4288,2020-10-25,12.0,晚餐,旧账导入-2020,支出,食品饮料,食品饮料,0,,,12,2026-03-20 16:35:26,2026-03-20 16:35:26,2026-03-20 16:35:26
4287,2020-10-24,40.0,书,旧账导入-2020,支出,学习/培训/办公,学习/培训/办公,0,,,12,2026-03-20 16:35:26,2026-03-20 16:35:26,2026-03-20 16:35:26
4286,2020-10-24,75.6,交通出行,旧账导入-2020,支出,交通,交通,0,,,12,2026-03-20 16:35:26,2026-03-20 16:35:26,2026-03-20 16:35:26
4285,2020-10-24,51.0,晚餐,旧账导入-2020,支出,食品饮料,食品饮料,0,,,12,2026-03-20 16:35:26,2026-03-20 16:35:26,2026-03-20 16:35:26
4284,2020-10-24,8.0,早餐,旧账导入-2020,支出,食品饮料,食品饮料,0,,,12,2026-03-20 16:35:26,2026-03-20 16:35:26,2026-03-20 16:35:26
4283,2020-10-23,54.0,书,旧账导入-2020,支出,学习/培训/办公,学习/培训/办公,0,,,12,2026-03-20 16:35:26,2026-03-20 16:35:26,2026-03-20 16:35:26
4282,2020-10-23,170.0,马丁靴,旧账导入-2020,支出,服饰,服饰,0,,,12,2026-03-20 16:35:26,2026-03-20 16:35:26,2026-03-20 16:35:26
4281,2020-10-23,57.0,牛奶,旧账导入-2020,支出,食品饮料,食品饮料,0,,,12,2026-03-20 16:35:26,2026-03-20 16:35:26,2026-03-20 16:35:26
4280,2020-10-23,18.8,晚餐,旧账导入-2020,支出,食品饮料,食品饮料,0,,,12,2026-03-20 16:35:26,2026-03-20 16:35:26,2026-03-20 16:35:26
4279,2020-10-22,28.0,书,旧账导入-2020,支出,学习/培训/办公,学习/培训/办公,0,,,12,2026-03-20 16:35:26,2026-03-20 16:35:26,2026-03-20 16:35:26
4278,2020-10-22,12.0,晚餐,旧账导入-2020,支出,食品饮料,食品饮料,0,,,12,2026-03-20 16:35:26,2026-03-20 16:35:26,2026-03-20 16:35:26
4277,2020-10-22,12.0,午餐,旧账导入-2020,支出,食品饮料,食品饮料,0,,,12,2026-03-20 16:35:26,2026-03-20 16:35:26,2026-03-20 16:35:26
4276,2020-10-22,8.5,早餐,旧账导入-2020,支出,食品饮料,食品饮料,0,,,12,2026-03-20 16:35:26,2026-03-20 16:35:26,2026-03-20 16:35:26
4275,2020-10-21,14.0,吃-佟博文,旧账导入-2020,支出,社交,社交,0,,,12,2026-03-20 16:35:26,2026-03-20 16:35:26,2026-03-20 16:35:26
4274,2020-10-21,5.8,餐饮美食,旧账导入-2020,支出,食品饮料,食品饮料,0,,,12,2026-03-20 16:35:26,2026-03-20 16:35:26,2026-03-20 16:35:26
4273,2020-10-21,12.0,晚餐,旧账导入-2020,支出,食品饮料,食品饮料,0,,,12,2026-03-20 16:35:26,2026-03-20 16:35:26,2026-03-20 16:35:26
4272,2020-10-21,12.8,午餐,旧账导入-2020,支出,食品饮料,食品饮料,0,,,12,2026-03-20 16:35:26,2026-03-20 16:35:26,2026-03-20 16:35:26
4271,2020-10-21,15.0,早餐,旧账导入-2020,支出,食品饮料,食品饮料,0,,,12,2026-03-20 16:35:26,2026-03-20 16:35:26,2026-03-20 16:35:26
4270,2020-10-20,16.0,快递,旧账导入-2020,支出,生活支出,生活支出,0,,,12,2026-03-20 16:35:26,2026-03-20 16:35:26,2026-03-20 16:35:26
4269,2020-10-20,70.0,剧本杀,旧账导入-2020,支出,娱乐/运动,娱乐/运动,0,,,12,2026-03-20 16:35:26,2026-03-20 16:35:26,2026-03-20 16:35:26
4268,2020-10-20,13.19,交通出行,旧账导入-2020,支出,交通,交通,0,,,12,2026-03-20 16:35:26,2026-03-20 16:35:26,2026-03-20 16:35:26
4267,2020-10-20,13.5,早餐,旧账导入-2020,支出,食品饮料,食品饮料,0,,,12,2026-03-20 16:35:26,2026-03-20 16:35:26,2026-03-20 16:35:26
4266,2020-10-19,2620.0,国职初级攀岩指导员培训,旧账导入-2020,支出,学习/培训/办公,学习/培训/办公,0,,,12,2026-03-20 16:35:26,2026-03-20 16:35:26,2026-03-20 16:35:26
4265,2020-10-19,11.0,🚴‍手机支架,旧账导入-2020,支出,生活支出,生活支出,0,,,12,2026-03-20 16:35:26,2026-03-20 16:35:26,2026-03-20 16:35:26
4264,2020-10-19,12.0,吃-李建峰,旧账导入-2020,支出,社交,社交,0,,,12,2026-03-20 16:35:26,2026-03-20 16:35:26,2026-03-20 16:35:26
4263,2020-10-19,18.0,晚餐,旧账导入-2020,支出,食品饮料,食品饮料,0,,,12,2026-03-20 16:35:26,2026-03-20 16:35:26,2026-03-20 16:35:26
4262,2020-10-19,20.0,午餐,旧账导入-2020,支出,食品饮料,食品饮料,0,,,12,2026-03-20 16:35:26,2026-03-20 16:35:26,2026-03-20 16:35:26
4261,2020-10-18,40.0,杂志,旧账导入-2020,支出,学习/培训/办公,学习/培训/办公,0,,,12,2026-03-20 16:35:26,2026-03-20 16:35:26,2026-03-20 16:35:26
4260,2020-10-18,27.0,耳机壳,旧账导入-2020,支出,生活支出,生活支出,0,,,12,2026-03-20 16:35:26,2026-03-20 16:35:26,2026-03-20 16:35:26
4259,2020-10-18,60.0,水票,旧账导入-2020,支出,生活支出,生活支出,0,,,12,2026-03-20 16:35:26,2026-03-20 16:35:26,2026-03-20 16:35:26
4258,2020-10-18,52.0,和老王,旧账导入-2020,支出,食品饮料,食品饮料,0,,,12,2026-03-20 16:35:26,2026-03-20 16:35:26,2026-03-20 16:35:26
4257,2020-10-18,13.0,午餐,旧账导入-2020,支出,食品饮料,食品饮料,0,,,12,2026-03-20 16:35:26,2026-03-20 16:35:26,2026-03-20 16:35:26
4256,2020-10-17,5.0,交通出行,旧账导入-2020,支出,交通,交通,0,,,12,2026-03-20 16:35:26,2026-03-20 16:35:26,2026-03-20 16:35:26
4255,2020-10-17,6.5,早餐,旧账导入-2020,支出,食品饮料,食品饮料,0,,,12,2026-03-20 16:35:26,2026-03-20 16:35:26,2026-03-20 16:35:26
4254,2020-10-16,6.0,iCloud,旧账导入-2020,支出,虚拟充值/通讯,虚拟充值/通讯,0,,,12,2026-03-20 16:35:26,2026-03-20 16:35:26,2026-03-20 16:35:26
4253,2020-10-16,12.5,晚餐,旧账导入-2020,支出,食品饮料,食品饮料,0,,,12,2026-03-20 16:35:26,2026-03-20 16:35:26,2026-03-20 16:35:26
4252,2020-10-16,12.0,午餐,旧账导入-2020,支出,食品饮料,食品饮料,0,,,12,2026-03-20 16:35:26,2026-03-20 16:35:26,2026-03-20 16:35:26
4251,2020-10-15,134.0,鼠标电脑膜收纳包,旧账导入-2020,支出,生活支出,生活支出,0,,,12,2026-03-20 16:35:26,2026-03-20 16:35:26,2026-03-20 16:35:26
4250,2020-10-15,120.0,子程学姐杜小杰,旧账导入-2020,支出,食品饮料,食品饮料,0,,,12,2026-03-20 16:35:26,2026-03-20 16:35:26,2026-03-20 16:35:26
4249,2020-10-15,12.0,午餐,旧账导入-2020,支出,食品饮料,食品饮料,0,,,12,2026-03-20 16:35:26,2026-03-20 16:35:26,2026-03-20 16:35:26
4248,2020-10-15,5.8,早餐,旧账导入-2020,支出,食品饮料,食品饮料,0,,,12,2026-03-20 16:35:26,2026-03-20 16:35:26,2026-03-20 16:35:26
4247,2020-10-14,9.5,晚餐,旧账导入-2020,支出,食品饮料,食品饮料,0,,,12,2026-03-20 16:35:26,2026-03-20 16:35:26,2026-03-20 16:35:26
4246,2020-10-14,12.0,午餐,旧账导入-2020,支出,食品饮料,食品饮料,0,,,12,2026-03-20 16:35:26,2026-03-20 16:35:26,2026-03-20 16:35:26
4245,2020-10-14,15.0,早餐,旧账导入-2020,支出,食品饮料,食品饮料,0,,,12,2026-03-20 16:35:26,2026-03-20 16:35:26,2026-03-20 16:35:26
4244,2020-10-13,800.0,卖AirPods,旧账导入-2020,收入,其他,其他,0,,,12,2026-03-20 16:35:26,2026-03-20 16:35:26,2026-03-20 16:35:26
4243,2020-10-13,15.0,晚餐,旧账导入-2020,支出,食品饮料,食品饮料,0,,,12,2026-03-20 16:35:26,2026-03-20 16:35:26,2026-03-20 16:35:26
4242,2020-10-13,17.5,午餐,旧账导入-2020,支出,食品饮料,食品饮料,0,,,12,2026-03-20 16:35:26,2026-03-20 16:35:26,2026-03-20 16:35:26
4241,2020-10-12,147.0,牛奶+零食,旧账导入-2020,支出,食品饮料,食品饮料,0,,,12,2026-03-20 16:35:26,2026-03-20 16:35:26,2026-03-20 16:35:26
4240,2020-10-12,37.0,晚餐,旧账导入-2020,支出,食品饮料,食品饮料,0,,,12,2026-03-20 16:35:26,2026-03-20 16:35:26,2026-03-20 16:35:26
4239,2020-10-12,16.0,午餐,旧账导入-2020,支出,食品饮料,食品饮料,0,,,12,2026-03-20 16:35:26,2026-03-20 16:35:26,2026-03-20 16:35:26
4238,2020-10-11,14.0,晚餐,旧账导入-2020,支出,食品饮料,食品饮料,0,,,12,2026-03-20 16:35:26,2026-03-20 16:35:26,2026-03-20 16:35:26
4237,2020-10-11,12.0,午餐,旧账导入-2020,支出,食品饮料,食品饮料,0,,,12,2026-03-20 16:35:26,2026-03-20 16:35:26,2026-03-20 16:35:26
4236,2020-10-10,30.0,slidebox,旧账导入-2020,支出,虚拟充值/通讯,虚拟充值/通讯,0,,,12,2026-03-20 16:35:26,2026-03-20 16:35:26,2026-03-20 16:35:26
4235,2020-10-10,11.5,交通出行,旧账导入-2020,支出,交通,交通,0,,,12,2026-03-20 16:35:26,2026-03-20 16:35:26,2026-03-20 16:35:26
4234,2020-10-10,15.5,晚餐,旧账导入-2020,支出,食品饮料,食品饮料,0,,,12,2026-03-20 16:35:26,2026-03-20 16:35:26,2026-03-20 16:35:26
4233,2020-10-10,15.5,午餐,旧账导入-2020,支出,食品饮料,食品饮料,0,,,12,2026-03-20 16:35:26,2026-03-20 16:35:26,2026-03-20 16:35:26
4232,2020-10-09,31.0,住宿支出,旧账导入-2020,支出,住宿,住宿,0,,,12,2026-03-20 16:35:26,2026-03-20 16:35:26,2026-03-20 16:35:26
4231,2020-10-09,264.0,蹦迪,旧账导入-2020,支出,娱乐/运动,娱乐/运动,0,,,12,2026-03-20 16:35:26,2026-03-20 16:35:26,2026-03-20 16:35:26
4230,2020-10-09,46.88,王肖旭-吃,旧账导入-2020,支出,社交,社交,0,,,12,2026-03-20 16:35:26,2026-03-20 16:35:26,2026-03-20 16:35:26
4229,2020-10-09,17.0,交通出行,旧账导入-2020,支出,交通,交通,0,,,12,2026-03-20 16:35:26,2026-03-20 16:35:26,2026-03-20 16:35:26
4228,2020-10-09,10.7,晚餐,旧账导入-2020,支出,食品饮料,食品饮料,0,,,12,2026-03-20 16:35:26,2026-03-20 16:35:26,2026-03-20 16:35:26
4227,2020-10-09,13.0,午餐,旧账导入-2020,支出,食品饮料,食品饮料,0,,,12,2026-03-20 16:35:26,2026-03-20 16:35:26,2026-03-20 16:35:26
4226,2020-10-08,4.0,交通出行,旧账导入-2020,支出,交通,交通,0,,,12,2026-03-20 16:35:26,2026-03-20 16:35:26,2026-03-20 16:35:26
4225,2020-10-08,16.5,晚餐,旧账导入-2020,支出,食品饮料,食品饮料,0,,,12,2026-03-20 16:35:26,2026-03-20 16:35:26,2026-03-20 16:35:26
4224,2020-10-08,11.0,午餐,旧账导入-2020,支出,食品饮料,食品饮料,0,,,12,2026-03-20 16:35:26,2026-03-20 16:35:26,2026-03-20 16:35:26
4223,2020-10-07,18.5,子程-药,旧账导入-2020,支出,社交,社交,0,,,12,2026-03-20 16:35:26,2026-03-20 16:35:26,2026-03-20 16:35:26
4222,2020-10-07,16.5,晚餐,旧账导入-2020,支出,食品饮料,食品饮料,0,,,12,2026-03-20 16:35:26,2026-03-20 16:35:26,2026-03-20 16:35:26
4221,2020-10-07,14.0,午餐,旧账导入-2020,支出,食品饮料,食品饮料,0,,,12,2026-03-20 16:35:26,2026-03-20 16:35:26,2026-03-20 16:35:26
4220,2020-10-06,64.67,王肖旭-吃,旧账导入-2020,支出,社交,社交,0,,,12,2026-03-20 16:35:26,2026-03-20 16:35:26,2026-03-20 16:35:26
4219,2020-10-06,13.0,午餐,旧账导入-2020,支出,食品饮料,食品饮料,0,,,12,2026-03-20 16:35:26,2026-03-20 16:35:26,2026-03-20 16:35:26
4218,2020-10-06,11.2,早餐,旧账导入-2020,支出,食品饮料,食品饮料,0,,,12,2026-03-20 16:35:26,2026-03-20 16:35:26,2026-03-20 16:35:26
4217,2020-10-05,149.9,攀岩裤,旧账导入-2020,支出,服饰,服饰,0,,,12,2026-03-20 16:35:26,2026-03-20 16:35:26,2026-03-20 16:35:26
4216,2020-10-05,52.0,交通出行,旧账导入-2020,支出,交通,交通,0,,,12,2026-03-20 16:35:26,2026-03-20 16:35:26,2026-03-20 16:35:26
4215,2020-10-05,22.5,晚餐,旧账导入-2020,支出,食品饮料,食品饮料,0,,,12,2026-03-20 16:35:26,2026-03-20 16:35:26,2026-03-20 16:35:26
4214,2020-10-05,11.0,午餐,旧账导入-2020,支出,食品饮料,食品饮料,0,,,12,2026-03-20 16:35:26,2026-03-20 16:35:26,2026-03-20 16:35:26
4213,2020-10-04,11.0,交通出行,旧账导入-2020,支出,交通,交通,0,,,12,2026-03-20 16:35:26,2026-03-20 16:35:26,2026-03-20 16:35:26
4212,2020-10-04,22.5,午餐,旧账导入-2020,支出,食品饮料,食品饮料,0,,,12,2026-03-20 16:35:26,2026-03-20 16:35:26,2026-03-20 16:35:26
4211,2020-10-03,106.0,海伦司,旧账导入-2020,支出,娱乐/运动,娱乐/运动,0,,,12,2026-03-20 16:35:26,2026-03-20 16:35:26,2026-03-20 16:35:26
4210,2020-10-03,39.0,王肖旭-交通,旧账导入-2020,支出,社交,社交,0,,,12,2026-03-20 16:35:26,2026-03-20 16:35:26,2026-03-20 16:35:26
4209,2020-10-03,50.0,冰粉,旧账导入-2020,支出,食品饮料,食品饮料,0,,,12,2026-03-20 16:35:26,2026-03-20 16:35:26,2026-03-20 16:35:26
4208,2020-10-03,120.0,武功山伙伴聚餐,旧账导入-2020,支出,食品饮料,食品饮料,0,,,12,2026-03-20 16:35:26,2026-03-20 16:35:26,2026-03-20 16:35:26
4207,2020-10-03,11.0,午餐,旧账导入-2020,支出,食品饮料,食品饮料,0,,,12,2026-03-20 16:35:26,2026-03-20 16:35:26,2026-03-20 16:35:26
4206,2020-10-02,177.46,交通出行,旧账导入-2020,支出,交通,交通,0,,,12,2026-03-20 16:35:26,2026-03-20 16:35:26,2026-03-20 16:35:26
4205,2020-10-02,12.0,午餐,旧账导入-2020,支出,食品饮料,食品饮料,0,,,12,2026-03-20 16:35:26,2026-03-20 16:35:26,2026-03-20 16:35:26
4204,2020-10-01,600.0,攀岩鞋,旧账导入-2020,支出,生活支出,生活支出,0,,,12,2026-03-20 16:35:26,2026-03-20 16:35:26,2026-03-20 16:35:26
4203,2020-10-01,187.0,t恤+帽子,旧账导入-2020,支出,服饰,服饰,0,,,12,2026-03-20 16:35:26,2026-03-20 16:35:26,2026-03-20 16:35:26
4202,2020-10-01,127.0,住宿支出,旧账导入-2020,支出,住宿,住宿,0,,,12,2026-03-20 16:35:26,2026-03-20 16:35:26,2026-03-20 16:35:26
4201,2020-10-01,141.0,交通出行,旧账导入-2020,支出,交通,交通,0,,,12,2026-03-20 16:35:26,2026-03-20 16:35:26,2026-03-20 16:35:26
4200,2020-10-01,89.0,晚餐,旧账导入-2020,支出,食品饮料,食品饮料,0,,,12,2026-03-20 16:35:26,2026-03-20 16:35:26,2026-03-20 16:35:26
4199,2020-10-01,18.0,午餐,旧账导入-2020,支出,食品饮料,食品饮料,0,,,12,2026-03-20 16:35:26,2026-03-20 16:35:26,2026-03-20 16:35:26
4198,2020-09-30,56.0,晚餐,旧账导入-2020,支出,食品饮料,食品饮料,0,,,12,2026-03-20 16:35:26,2026-03-20 16:35:26,2026-03-20 16:35:26
4197,2020-09-30,20.0,午餐,旧账导入-2020,支出,食品饮料,食品饮料,0,,,12,2026-03-20 16:35:26,2026-03-20 16:35:26,2026-03-20 16:35:26
4196,2020-09-30,15.0,早餐,旧账导入-2020,支出,食品饮料,食品饮料,0,,,12,2026-03-20 16:35:26,2026-03-20 16:35:26,2026-03-20 16:35:26
4195,2020-09-29,33.0,文体教育,旧账导入-2020,支出,学习/培训/办公,学习/培训/办公,0,,,12,2026-03-20 16:35:26,2026-03-20 16:35:26,2026-03-20 16:35:26
4194,2020-09-29,20.0,晚餐,旧账导入-2020,支出,食品饮料,食品饮料,0,,,12,2026-03-20 16:35:26,2026-03-20 16:35:26,2026-03-20 16:35:26
4193,2020-09-29,19.0,午餐,旧账导入-2020,支出,食品饮料,食品饮料,0,,,12,2026-03-20 16:35:26,2026-03-20 16:35:26,2026-03-20 16:35:26
4192,2020-09-28,89.0,迪卡侬,旧账导入-2020,支出,服饰,服饰,0,,,12,2026-03-20 16:35:26,2026-03-20 16:35:26,2026-03-20 16:35:26
4191,2020-09-28,12.0,餐饮美食,旧账导入-2020,支出,食品饮料,食品饮料,0,,,12,2026-03-20 16:35:26,2026-03-20 16:35:26,2026-03-20 16:35:26
4190,2020-09-28,16.0,晚餐,旧账导入-2020,支出,食品饮料,食品饮料,0,,,12,2026-03-20 16:35:26,2026-03-20 16:35:26,2026-03-20 16:35:26
4189,2020-09-28,12.0,午餐,旧账导入-2020,支出,食品饮料,食品饮料,0,,,12,2026-03-20 16:35:26,2026-03-20 16:35:26,2026-03-20 16:35:26
4188,2020-09-27,38.4,请吃-老哥,旧账导入-2020,支出,社交,社交,0,,,12,2026-03-20 16:35:26,2026-03-20 16:35:26,2026-03-20 16:35:26
4187,2020-09-27,17.0,晚餐,旧账导入-2020,支出,食品饮料,食品饮料,0,,,12,2026-03-20 16:35:26,2026-03-20 16:35:26,2026-03-20 16:35:26
4186,2020-09-27,10.0,午餐,旧账导入-2020,支出,食品饮料,食品饮料,0,,,12,2026-03-20 16:35:26,2026-03-20 16:35:26,2026-03-20 16:35:26
4185,2020-09-26,40.0,生活购物,旧账导入-2020,支出,生活支出,生活支出,0,,,12,2026-03-20 16:35:26,2026-03-20 16:35:26,2026-03-20 16:35:26
4184,2020-09-26,8.0,请喝,旧账导入-2020,支出,社交,社交,0,,,12,2026-03-20 16:35:26,2026-03-20 16:35:26,2026-03-20 16:35:26
4183,2020-09-26,154.0,交通出行,旧账导入-2020,支出,交通,交通,0,,,12,2026-03-20 16:35:26,2026-03-20 16:35:26,2026-03-20 16:35:26
4182,2020-09-26,37.0,晚餐,旧账导入-2020,支出,食品饮料,食品饮料,0,,,12,2026-03-20 16:35:26,2026-03-20 16:35:26,2026-03-20 16:35:26
4181,2020-09-26,25.0,午餐,旧账导入-2020,支出,食品饮料,食品饮料,0,,,12,2026-03-20 16:35:26,2026-03-20 16:35:26,2026-03-20 16:35:26
4180,2020-09-26,45.0,早餐,旧账导入-2020,支出,食品饮料,食品饮料,0,,,12,2026-03-20 16:35:26,2026-03-20 16:35:26,2026-03-20 16:35:26
4179,2020-09-25,30.0,生活购物,旧账导入-2020,支出,生活支出,生活支出,0,,,12,2026-03-20 16:35:26,2026-03-20 16:35:26,2026-03-20 16:35:26
4178,2020-09-25,80.0,包,旧账导入-2020,支出,服饰,服饰,0,,,12,2026-03-20 16:35:26,2026-03-20 16:35:26,2026-03-20 16:35:26
4177,2020-09-25,58.0,晚餐,旧账导入-2020,支出,食品饮料,食品饮料,0,,,12,2026-03-20 16:35:26,2026-03-20 16:35:26,2026-03-20 16:35:26
4176,2020-09-25,13.0,午餐,旧账导入-2020,支出,食品饮料,食品饮料,0,,,12,2026-03-20 16:35:26,2026-03-20 16:35:26,2026-03-20 16:35:26
4175,2020-09-24,30.0,请吃-三哥,旧账导入-2020,支出,社交,社交,0,,,12,2026-03-20 16:35:26,2026-03-20 16:35:26,2026-03-20 16:35:26
4174,2020-09-24,11.0,晚餐,旧账导入-2020,支出,食品饮料,食品饮料,0,,,12,2026-03-20 16:35:26,2026-03-20 16:35:26,2026-03-20 16:35:26
4173,2020-09-24,11.5,午餐,旧账导入-2020,支出,食品饮料,食品饮料,0,,,12,2026-03-20 16:35:26,2026-03-20 16:35:26,2026-03-20 16:35:26
4172,2020-09-23,10.6,晚餐,旧账导入-2020,支出,食品饮料,食品饮料,0,,,12,2026-03-20 16:35:26,2026-03-20 16:35:26,2026-03-20 16:35:26
4171,2020-09-23,12.0,午餐,旧账导入-2020,支出,食品饮料,食品饮料,0,,,12,2026-03-20 16:35:26,2026-03-20 16:35:26,2026-03-20 16:35:26
4170,2020-09-23,6.9,早餐,旧账导入-2020,支出,食品饮料,食品饮料,0,,,12,2026-03-20 16:35:26,2026-03-20 16:35:26,2026-03-20 16:35:26
4169,2020-09-22,62.2,文体教育,旧账导入-2020,支出,学习/培训/办公,学习/培训/办公,0,,,12,2026-03-20 16:35:26,2026-03-20 16:35:26,2026-03-20 16:35:26
4168,2020-09-22,12.0,晚餐,旧账导入-2020,支出,食品饮料,食品饮料,0,,,12,2026-03-20 16:35:26,2026-03-20 16:35:26,2026-03-20 16:35:26
4167,2020-09-22,13.0,午餐,旧账导入-2020,支出,食品饮料,食品饮料,0,,,12,2026-03-20 16:35:26,2026-03-20 16:35:26,2026-03-20 16:35:26
4166,2020-09-22,8.0,早餐,旧账导入-2020,支出,食品饮料,食品饮料,0,,,12,2026-03-20 16:35:26,2026-03-20 16:35:26,2026-03-20 16:35:26
4165,2020-09-21,7699.0,macbook air,旧账导入-2020,支出,生活支出,生活支出,0,,,12,2026-03-20 16:35:26,2026-03-20 16:35:26,2026-03-20 16:35:26
4164,2020-09-21,2.0,生活支出,旧账导入-2020,支出,生活支出,生活支出,0,,,12,2026-03-20 16:35:26,2026-03-20 16:35:26,2026-03-20 16:35:26
4163,2020-09-21,13.0,晚餐,旧账导入-2020,支出,食品饮料,食品饮料,0,,,12,2026-03-20 16:35:26,2026-03-20 16:35:26,2026-03-20 16:35:26
4162,2020-09-21,16.5,午餐,旧账导入-2020,支出,食品饮料,食品饮料,0,,,12,2026-03-20 16:35:26,2026-03-20 16:35:26,2026-03-20 16:35:26
4161,2020-09-20,50.0,服饰购物,旧账导入-2020,支出,服饰,服饰,0,,,12,2026-03-20 16:35:26,2026-03-20 16:35:26,2026-03-20 16:35:26
4160,2020-09-20,40.0,休闲娱乐,旧账导入-2020,支出,娱乐/运动,娱乐/运动,0,,,12,2026-03-20 16:35:26,2026-03-20 16:35:26,2026-03-20 16:35:26
4159,2020-09-20,14.12,交通出行,旧账导入-2020,支出,交通,交通,0,,,12,2026-03-20 16:35:26,2026-03-20 16:35:26,2026-03-20 16:35:26
4158,2020-09-20,24.6,晚餐,旧账导入-2020,支出,食品饮料,食品饮料,0,,,12,2026-03-20 16:35:26,2026-03-20 16:35:26,2026-03-20 16:35:26
4157,2020-09-20,11.0,午餐,旧账导入-2020,支出,食品饮料,食品饮料,0,,,12,2026-03-20 16:35:26,2026-03-20 16:35:26,2026-03-20 16:35:26
4156,2020-09-19,130.0,家教,旧账导入-2020,支出,娱乐/运动,娱乐/运动,0,,,12,2026-03-20 16:35:26,2026-03-20 16:35:26,2026-03-20 16:35:26
4155,2020-09-19,25.0,APP付费,旧账导入-2020,支出,虚拟充值/通讯,虚拟充值/通讯,0,,,12,2026-03-20 16:35:26,2026-03-20 16:35:26,2026-03-20 16:35:26
4154,2020-09-19,40.0,晚餐,旧账导入-2020,支出,食品饮料,食品饮料,0,,,12,2026-03-20 16:35:26,2026-03-20 16:35:26,2026-03-20 16:35:26
4153,2020-09-18,41.2,文体教育,旧账导入-2020,支出,学习/培训/办公,学习/培训/办公,0,,,12,2026-03-20 16:35:26,2026-03-20 16:35:26,2026-03-20 16:35:26
4152,2020-09-18,2.0,生活支出,旧账导入-2020,支出,生活支出,生活支出,0,,,12,2026-03-20 16:35:26,2026-03-20 16:35:26,2026-03-20 16:35:26
4151,2020-09-17,12.6,晚餐,旧账导入-2020,支出,食品饮料,食品饮料,0,,,12,2026-03-20 16:35:26,2026-03-20 16:35:26,2026-03-20 16:35:26
4150,2020-09-17,10.0,午餐,旧账导入-2020,支出,食品饮料,食品饮料,0,,,12,2026-03-20 16:35:26,2026-03-20 16:35:26,2026-03-20 16:35:26
4149,2020-09-16,12.0,晚餐,旧账导入-2020,支出,食品饮料,食品饮料,0,,,12,2026-03-20 16:35:26,2026-03-20 16:35:26,2026-03-20 16:35:26
4148,2020-09-16,13.0,午餐,旧账导入-2020,支出,食品饮料,食品饮料,0,,,12,2026-03-20 16:35:26,2026-03-20 16:35:26,2026-03-20 16:35:26
4147,2020-09-15,20.0,请吃,旧账导入-2020,支出,社交,社交,0,,,12,2026-03-20 16:35:26,2026-03-20 16:35:26,2026-03-20 16:35:26
4146,2020-09-15,13.0,午餐,旧账导入-2020,支出,食品饮料,食品饮料,0,,,12,2026-03-20 16:35:26,2026-03-20 16:35:26,2026-03-20 16:35:26
4145,2020-09-15,8.0,早餐,旧账导入-2020,支出,食品饮料,食品饮料,0,,,12,2026-03-20 16:35:26,2026-03-20 16:35:26,2026-03-20 16:35:26
4144,2020-09-14,13.0,晚餐,旧账导入-2020,支出,食品饮料,食品饮料,0,,,12,2026-03-20 16:35:26,2026-03-20 16:35:26,2026-03-20 16:35:26
4143,2020-09-14,14.0,午餐,旧账导入-2020,支出,食品饮料,食品饮料,0,,,12,2026-03-20 16:35:26,2026-03-20 16:35:26,2026-03-20 16:35:26
4142,2020-09-13,5.0,生活支出,旧账导入-2020,支出,生活支出,生活支出,0,,,12,2026-03-20 16:35:26,2026-03-20 16:35:26,2026-03-20 16:35:26
4141,2020-09-13,10.0,请喝,旧账导入-2020,支出,社交,社交,0,,,12,2026-03-20 16:35:26,2026-03-20 16:35:26,2026-03-20 16:35:26
4140,2020-09-12,130.0,家教,旧账导入-2020,支出,娱乐/运动,娱乐/运动,0,,,12,2026-03-20 16:35:26,2026-03-20 16:35:26,2026-03-20 16:35:26
4139,2020-09-12,26.4,交通出行,旧账导入-2020,支出,交通,交通,0,,,12,2026-03-20 16:35:26,2026-03-20 16:35:26,2026-03-20 16:35:26
4138,2020-09-11,2.0,生活支出,旧账导入-2020,支出,生活支出,生活支出,0,,,12,2026-03-20 16:35:26,2026-03-20 16:35:26,2026-03-20 16:35:26
4137,2020-09-11,26.9,晚餐,旧账导入-2020,支出,食品饮料,食品饮料,0,,,12,2026-03-20 16:35:26,2026-03-20 16:35:26,2026-03-20 16:35:26
4136,2020-09-11,16.5,午餐,旧账导入-2020,支出,食品饮料,食品饮料,0,,,12,2026-03-20 16:35:26,2026-03-20 16:35:26,2026-03-20 16:35:26
4135,2020-09-10,53.0,队服,旧账导入-2020,支出,服饰,服饰,0,,,12,2026-03-20 16:35:26,2026-03-20 16:35:26,2026-03-20 16:35:26
4134,2020-09-10,9.0,晚餐,旧账导入-2020,支出,食品饮料,食品饮料,0,,,12,2026-03-20 16:35:26,2026-03-20 16:35:26,2026-03-20 16:35:26
4133,2020-09-10,11.5,午餐,旧账导入-2020,支出,食品饮料,食品饮料,0,,,12,2026-03-20 16:35:26,2026-03-20 16:35:26,2026-03-20 16:35:26
4132,2020-09-09,20.0,午餐,旧账导入-2020,支出,食品饮料,食品饮料,0,,,12,2026-03-20 16:35:26,2026-03-20 16:35:26,2026-03-20 16:35:26
4131,2020-09-08,34.4,餐饮美食,旧账导入-2020,支出,食品饮料,食品饮料,0,,,12,2026-03-20 16:35:26,2026-03-20 16:35:26,2026-03-20 16:35:26
4130,2020-09-08,13.0,晚餐,旧账导入-2020,支出,食品饮料,食品饮料,0,,,12,2026-03-20 16:35:26,2026-03-20 16:35:26,2026-03-20 16:35:26
4129,2020-09-08,11.0,午餐,旧账导入-2020,支出,食品饮料,食品饮料,0,,,12,2026-03-20 16:35:26,2026-03-20 16:35:26,2026-03-20 16:35:26
4128,2020-09-07,13.5,晚餐,旧账导入-2020,支出,食品饮料,食品饮料,0,,,12,2026-03-20 16:35:26,2026-03-20 16:35:26,2026-03-20 16:35:26
4127,2020-09-07,13.0,午餐,旧账导入-2020,支出,食品饮料,食品饮料,0,,,12,2026-03-20 16:35:26,2026-03-20 16:35:26,2026-03-20 16:35:26
4126,2020-09-06,2.0,文体教育,旧账导入-2020,支出,学习/培训/办公,学习/培训/办公,0,,,12,2026-03-20 16:35:26,2026-03-20 16:35:26,2026-03-20 16:35:26
4125,2020-09-06,17.95,交通出行,旧账导入-2020,支出,交通,交通,0,,,12,2026-03-20 16:35:26,2026-03-20 16:35:26,2026-03-20 16:35:26
4124,2020-09-06,20.0,午餐,旧账导入-2020,支出,食品饮料,食品饮料,0,,,12,2026-03-20 16:35:26,2026-03-20 16:35:26,2026-03-20 16:35:26
4123,2020-09-06,9.0,早餐,旧账导入-2020,支出,食品饮料,食品饮料,0,,,12,2026-03-20 16:35:26,2026-03-20 16:35:26,2026-03-20 16:35:26
4122,2020-09-05,150.0,岩馆兼职,旧账导入-2020,支出,娱乐/运动,娱乐/运动,0,,,12,2026-03-20 16:35:26,2026-03-20 16:35:26,2026-03-20 16:35:26
4121,2020-09-05,7.0,晚餐,旧账导入-2020,支出,食品饮料,食品饮料,0,,,12,2026-03-20 16:35:26,2026-03-20 16:35:26,2026-03-20 16:35:26
4120,2020-09-05,13.0,午餐,旧账导入-2020,支出,食品饮料,食品饮料,0,,,12,2026-03-20 16:35:26,2026-03-20 16:35:26,2026-03-20 16:35:26
4119,2020-09-04,150.0,岩馆兼职,旧账导入-2020,支出,娱乐/运动,娱乐/运动,0,,,12,2026-03-20 16:35:26,2026-03-20 16:35:26,2026-03-20 16:35:26
4118,2020-09-04,2.0,生活支出,旧账导入-2020,支出,生活支出,生活支出,0,,,12,2026-03-20 16:35:26,2026-03-20 16:35:26,2026-03-20 16:35:26
4117,2020-09-04,20.0,晚餐,旧账导入-2020,支出,食品饮料,食品饮料,0,,,12,2026-03-20 16:35:26,2026-03-20 16:35:26,2026-03-20 16:35:26
4116,2020-09-04,20.0,午餐,旧账导入-2020,支出,食品饮料,食品饮料,0,,,12,2026-03-20 16:35:26,2026-03-20 16:35:26,2026-03-20 16:35:26
4115,2020-09-03,12.4,晚餐,旧账导入-2020,支出,食品饮料,食品饮料,0,,,12,2026-03-20 16:35:26,2026-03-20 16:35:26,2026-03-20 16:35:26
4114,2020-09-03,16.5,午餐,旧账导入-2020,支出,食品饮料,食品饮料,0,,,12,2026-03-20 16:35:26,2026-03-20 16:35:26,2026-03-20 16:35:26
4113,2020-09-02,24.0,餐饮美食,旧账导入-2020,支出,食品饮料,食品饮料,0,,,12,2026-03-20 16:35:26,2026-03-20 16:35:26,2026-03-20 16:35:26
4112,2020-09-02,10.0,晚餐,旧账导入-2020,支出,食品饮料,食品饮料,0,,,12,2026-03-20 16:35:26,2026-03-20 16:35:26,2026-03-20 16:35:26
4111,2020-09-02,17.0,午餐,旧账导入-2020,支出,食品饮料,食品饮料,0,,,12,2026-03-20 16:35:26,2026-03-20 16:35:26,2026-03-20 16:35:26
4110,2020-09-01,350.0,股市盈利转出,旧账导入-2020,支出,娱乐/运动,娱乐/运动,0,,,12,2026-03-20 16:35:26,2026-03-20 16:35:26,2026-03-20 16:35:26
4109,2020-09-01,2.0,生活支出,旧账导入-2020,支出,生活支出,生活支出,0,,,12,2026-03-20 16:35:26,2026-03-20 16:35:26,2026-03-20 16:35:26
4108,2020-09-01,22.6,请水,旧账导入-2020,支出,社交,社交,0,,,12,2026-03-20 16:35:26,2026-03-20 16:35:26,2026-03-20 16:35:26
4107,2020-09-01,2550.0,给姐转账,旧账导入-2020,支出,亲友转账,亲友转账,0,,,12,2026-03-20 16:35:26,2026-03-20 16:35:26,2026-03-20 16:35:26
4106,2020-09-01,68.3,餐饮美食,旧账导入-2020,支出,食品饮料,食品饮料,0,,,12,2026-03-20 16:35:26,2026-03-20 16:35:26,2026-03-20 16:35:26
4105,2020-09-01,13.5,晚餐,旧账导入-2020,支出,食品饮料,食品饮料,0,,,12,2026-03-20 16:35:26,2026-03-20 16:35:26,2026-03-20 16:35:26
4104,2020-09-01,12.0,午餐,旧账导入-2020,支出,食品饮料,食品饮料,0,,,12,2026-03-20 16:35:26,2026-03-20 16:35:26,2026-03-20 16:35:26
4103,2020-08-31,200.0,app永久会员,旧账导入-2020,支出,虚拟充值/通讯,虚拟充值/通讯,0,,,12,2026-03-20 16:35:26,2026-03-20 16:35:26,2026-03-20 16:35:26
4102,2020-08-31,3.0,餐饮美食,旧账导入-2020,支出,食品饮料,食品饮料,0,,,12,2026-03-20 16:35:26,2026-03-20 16:35:26,2026-03-20 16:35:26
4101,2020-08-31,12.0,晚餐,旧账导入-2020,支出,食品饮料,食品饮料,0,,,12,2026-03-20 16:35:26,2026-03-20 16:35:26,2026-03-20 16:35:26
4100,2020-08-31,12.0,午餐,旧账导入-2020,支出,食品饮料,食品饮料,0,,,12,2026-03-20 16:35:26,2026-03-20 16:35:26,2026-03-20 16:35:26
4099,2020-08-30,21.6,餐饮美食,旧账导入-2020,支出,食品饮料,食品饮料,0,,,12,2026-03-20 16:35:26,2026-03-20 16:35:26,2026-03-20 16:35:26
4098,2020-08-30,12.0,午餐,旧账导入-2020,支出,食品饮料,食品饮料,0,,,12,2026-03-20 16:35:26,2026-03-20 16:35:26,2026-03-20 16:35:26
4097,2020-08-29,17.0,晚餐,旧账导入-2020,支出,食品饮料,食品饮料,0,,,12,2026-03-20 16:35:26,2026-03-20 16:35:26,2026-03-20 16:35:26
4096,2020-08-29,18.0,午餐,旧账导入-2020,支出,食品饮料,食品饮料,0,,,12,2026-03-20 16:35:26,2026-03-20 16:35:26,2026-03-20 16:35:26
4095,2020-08-29,20.9,早餐,旧账导入-2020,支出,食品饮料,食品饮料,0,,,12,2026-03-20 16:35:26,2026-03-20 16:35:26,2026-03-20 16:35:26
4094,2020-08-28,26.5,文具,旧账导入-2020,支出,学习/培训/办公,学习/培训/办公,0,,,12,2026-03-20 16:35:26,2026-03-20 16:35:26,2026-03-20 16:35:26
4093,2020-08-28,380.0,修电脑,旧账导入-2020,支出,生活支出,生活支出,0,,,12,2026-03-20 16:35:26,2026-03-20 16:35:26,2026-03-20 16:35:26
4092,2020-08-28,188.77,李涛-生日礼物,旧账导入-2020,支出,社交,社交,0,,,12,2026-03-20 16:35:26,2026-03-20 16:35:26,2026-03-20 16:35:26
4091,2020-08-28,3.5,餐饮美食,旧账导入-2020,支出,食品饮料,食品饮料,0,,,12,2026-03-20 16:35:26,2026-03-20 16:35:26,2026-03-20 16:35:26
4090,2020-08-28,19.0,晚餐,旧账导入-2020,支出,食品饮料,食品饮料,0,,,12,2026-03-20 16:35:26,2026-03-20 16:35:26,2026-03-20 16:35:26
4089,2020-08-28,33.0,午餐,旧账导入-2020,支出,食品饮料,食品饮料,0,,,12,2026-03-20 16:35:26,2026-03-20 16:35:26,2026-03-20 16:35:26
4088,2020-08-27,9.61,猫粮,旧账导入-2020,支出,生活支出,生活支出,0,,,12,2026-03-20 16:35:26,2026-03-20 16:35:26,2026-03-20 16:35:26
4087,2020-08-27,13.6,生活支出,旧账导入-2020,支出,生活支出,生活支出,0,,,12,2026-03-20 16:35:26,2026-03-20 16:35:26,2026-03-20 16:35:26
4086,2020-08-27,11.0,晚餐,旧账导入-2020,支出,食品饮料,食品饮料,0,,,12,2026-03-20 16:35:26,2026-03-20 16:35:26,2026-03-20 16:35:26
4085,2020-08-27,19.0,午餐,旧账导入-2020,支出,食品饮料,食品饮料,0,,,12,2026-03-20 16:35:26,2026-03-20 16:35:26,2026-03-20 16:35:26
4084,2020-08-26,69.0,寄快递,旧账导入-2020,支出,生活支出,生活支出,0,,,12,2026-03-20 16:35:26,2026-03-20 16:35:26,2026-03-20 16:35:26
4083,2020-08-26,12.0,人际关系,旧账导入-2020,支出,社交,社交,0,,,12,2026-03-20 16:35:26,2026-03-20 16:35:26,2026-03-20 16:35:26
4082,2020-08-26,19.0,午餐,旧账导入-2020,支出,食品饮料,食品饮料,0,,,12,2026-03-20 16:35:26,2026-03-20 16:35:26,2026-03-20 16:35:26
4081,2020-08-26,12.5,早餐,旧账导入-2020,支出,食品饮料,食品饮料,0,,,12,2026-03-20 16:35:26,2026-03-20 16:35:26,2026-03-20 16:35:26
4080,2020-08-25,56.8,书,旧账导入-2020,支出,学习/培训/办公,学习/培训/办公,0,,,12,2026-03-20 16:35:26,2026-03-20 16:35:26,2026-03-20 16:35:26
4079,2020-08-25,24.0,人际关系,旧账导入-2020,支出,社交,社交,0,,,12,2026-03-20 16:35:26,2026-03-20 16:35:26,2026-03-20 16:35:26
4078,2020-08-25,14.5,晚餐,旧账导入-2020,支出,食品饮料,食品饮料,0,,,12,2026-03-20 16:35:26,2026-03-20 16:35:26,2026-03-20 16:35:26
4077,2020-08-25,15.0,午餐,旧账导入-2020,支出,食品饮料,食品饮料,0,,,12,2026-03-20 16:35:26,2026-03-20 16:35:26,2026-03-20 16:35:26
4076,2020-08-24,9.0,晚餐,旧账导入-2020,支出,食品饮料,食品饮料,0,,,12,2026-03-20 16:35:26,2026-03-20 16:35:26,2026-03-20 16:35:26
4075,2020-08-24,16.5,午餐,旧账导入-2020,支出,食品饮料,食品饮料,0,,,12,2026-03-20 16:35:26,2026-03-20 16:35:26,2026-03-20 16:35:26
4074,2020-08-23,91.9,鼠标、拖鞋、收纳袋,旧账导入-2020,支出,生活支出,生活支出,0,,,12,2026-03-20 16:35:26,2026-03-20 16:35:26,2026-03-20 16:35:26
4073,2020-08-23,20.0,晚餐,旧账导入-2020,支出,食品饮料,食品饮料,0,,,12,2026-03-20 16:35:26,2026-03-20 16:35:26,2026-03-20 16:35:26
4072,2020-08-23,15.0,午餐,旧账导入-2020,支出,食品饮料,食品饮料,0,,,12,2026-03-20 16:35:26,2026-03-20 16:35:26,2026-03-20 16:35:26
4071,2020-08-22,85.0,护发精油,旧账导入-2020,支出,生活支出,生活支出,0,,,12,2026-03-20 16:35:26,2026-03-20 16:35:26,2026-03-20 16:35:26
4070,2020-08-22,4.8,APP付费,旧账导入-2020,支出,虚拟充值/通讯,虚拟充值/通讯,0,,,12,2026-03-20 16:35:26,2026-03-20 16:35:26,2026-03-20 16:35:26
4069,2020-08-22,15.5,餐饮美食,旧账导入-2020,支出,食品饮料,食品饮料,0,,,12,2026-03-20 16:35:26,2026-03-20 16:35:26,2026-03-20 16:35:26
4068,2020-08-22,12.0,午餐,旧账导入-2020,支出,食品饮料,食品饮料,0,,,12,2026-03-20 16:35:26,2026-03-20 16:35:26,2026-03-20 16:35:26
4067,2020-08-21,253.09,充电器+床上用品,旧账导入-2020,支出,生活支出,生活支出,0,,,12,2026-03-20 16:35:26,2026-03-20 16:35:26,2026-03-20 16:35:26
4066,2020-08-21,103.8,生活用品,旧账导入-2020,支出,生活支出,生活支出,0,,,12,2026-03-20 16:35:26,2026-03-20 16:35:26,2026-03-20 16:35:26
4065,2020-08-21,20.0,请喝-奶茶,旧账导入-2020,支出,社交,社交,0,,,12,2026-03-20 16:35:26,2026-03-20 16:35:26,2026-03-20 16:35:26
4064,2020-08-21,2.0,交通出行,旧账导入-2020,支出,交通,交通,0,,,12,2026-03-20 16:35:26,2026-03-20 16:35:26,2026-03-20 16:35:26
4063,2020-08-21,9.0,晚餐,旧账导入-2020,支出,食品饮料,食品饮料,0,,,12,2026-03-20 16:35:26,2026-03-20 16:35:26,2026-03-20 16:35:26
4062,2020-08-21,11.0,午餐,旧账导入-2020,支出,食品饮料,食品饮料,0,,,12,2026-03-20 16:35:26,2026-03-20 16:35:26,2026-03-20 16:35:26
4061,2020-08-20,83.0,住宿,旧账导入-2020,支出,住宿,住宿,0,,,12,2026-03-20 16:35:26,2026-03-20 16:35:26,2026-03-20 16:35:26
4060,2020-08-20,39.0,水,旧账导入-2020,支出,食品饮料,食品饮料,0,,,12,2026-03-20 16:35:26,2026-03-20 16:35:26,2026-03-20 16:35:26
4059,2020-08-20,36.0,晚餐,旧账导入-2020,支出,食品饮料,食品饮料,0,,,12,2026-03-20 16:35:26,2026-03-20 16:35:26,2026-03-20 16:35:26
4058,2020-08-20,13.0,早餐,旧账导入-2020,支出,食品饮料,食品饮料,0,,,12,2026-03-20 16:35:26,2026-03-20 16:35:26,2026-03-20 16:35:26
4057,2020-08-19,69.0,宾馆,旧账导入-2020,支出,住宿,住宿,0,,,12,2026-03-20 16:35:26,2026-03-20 16:35:26,2026-03-20 16:35:26
4056,2020-08-19,28.0,水,旧账导入-2020,支出,食品饮料,食品饮料,0,,,12,2026-03-20 16:35:26,2026-03-20 16:35:26,2026-03-20 16:35:26
4055,2020-08-19,16.14,晚餐,旧账导入-2020,支出,食品饮料,食品饮料,0,,,12,2026-03-20 16:35:26,2026-03-20 16:35:26,2026-03-20 16:35:26
4054,2020-08-18,19.0,知乎,旧账导入-2020,支出,虚拟充值/通讯,虚拟充值/通讯,0,,,12,2026-03-20 16:35:26,2026-03-20 16:35:26,2026-03-20 16:35:26
4053,2020-08-17,6.0,iCloud,旧账导入-2020,支出,虚拟充值/通讯,虚拟充值/通讯,0,,,12,2026-03-20 16:35:26,2026-03-20 16:35:26,2026-03-20 16:35:26
4052,2020-08-16,20.7,lol,旧账导入-2020,支出,虚拟充值/通讯,虚拟充值/通讯,0,,,12,2026-03-20 16:35:26,2026-03-20 16:35:26,2026-03-20 16:35:26
4051,2020-08-16,108.88,老哥生日,旧账导入-2020,支出,社交,社交,0,,,12,2026-03-20 16:35:26,2026-03-20 16:35:26,2026-03-20 16:35:26
4050,2020-08-13,21.0,书,旧账导入-2020,支出,学习/培训/办公,学习/培训/办公,0,,,12,2026-03-20 16:35:26,2026-03-20 16:35:26,2026-03-20 16:35:26
4049,2020-08-11,23.0,纪念册,旧账导入-2020,支出,生活支出,生活支出,0,,,12,2026-03-20 16:35:26,2026-03-20 16:35:26,2026-03-20 16:35:26
4048,2020-08-11,23.0,纪念册,旧账导入-2020,支出,生活支出,生活支出,0,,,12,2026-03-20 16:35:26,2026-03-20 16:35:26,2026-03-20 16:35:26
4047,2020-08-11,200.0,前行记,旧账导入-2020,支出,虚拟充值/通讯,虚拟充值/通讯,0,,,12,2026-03-20 16:35:26,2026-03-20 16:35:26,2026-03-20 16:35:26
4046,2020-08-10,448.9,登山包,旧账导入-2020,支出,生活支出,生活支出,0,,,12,2026-03-20 16:35:26,2026-03-20 16:35:26,2026-03-20 16:35:26
4045,2020-08-10,39.0,果啤,旧账导入-2020,支出,食品饮料,食品饮料,0,,,12,2026-03-20 16:35:26,2026-03-20 16:35:26,2026-03-20 16:35:26
4044,2020-08-09,455.74,机票+专线车,旧账导入-2020,支出,交通,交通,0,,,12,2026-03-20 16:35:26,2026-03-20 16:35:26,2026-03-20 16:35:26
4043,2020-08-08,184.0,住宿,旧账导入-2020,支出,住宿,住宿,0,,,12,2026-03-20 16:35:26,2026-03-20 16:35:26,2026-03-20 16:35:26
4042,2020-08-08,360.0,方特门票,旧账导入-2020,支出,娱乐/运动,娱乐/运动,0,,,12,2026-03-20 16:35:26,2026-03-20 16:35:26,2026-03-20 16:35:26
4041,2020-08-08,31.25,交通出行,旧账导入-2020,支出,交通,交通,0,,,12,2026-03-20 16:35:26,2026-03-20 16:35:26,2026-03-20 16:35:26
4040,2020-08-08,51.88,午餐,旧账导入-2020,支出,食品饮料,食品饮料,0,,,12,2026-03-20 16:35:26,2026-03-20 16:35:26,2026-03-20 16:35:26
4039,2020-08-07,177.0,住宿,旧账导入-2020,支出,住宿,住宿,0,,,12,2026-03-20 16:35:26,2026-03-20 16:35:26,2026-03-20 16:35:26
4038,2020-08-07,4.0,交通出行,旧账导入-2020,支出,交通,交通,0,,,12,2026-03-20 16:35:26,2026-03-20 16:35:26,2026-03-20 16:35:26
4037,2020-08-07,32.0,午餐,旧账导入-2020,支出,食品饮料,食品饮料,0,,,12,2026-03-20 16:35:26,2026-03-20 16:35:26,2026-03-20 16:35:26
4036,2020-08-06,19.0,退房手续费,旧账导入-2020,支出,生活支出,生活支出,0,,,12,2026-03-20 16:35:26,2026-03-20 16:35:26,2026-03-20 16:35:26
4035,2020-08-06,232.3,住宿,旧账导入-2020,支出,住宿,住宿,0,,,12,2026-03-20 16:35:26,2026-03-20 16:35:26,2026-03-20 16:35:26
4034,2020-08-06,220.0,网吧+岩舞者岩馆,旧账导入-2020,支出,娱乐/运动,娱乐/运动,0,,,12,2026-03-20 16:35:26,2026-03-20 16:35:26,2026-03-20 16:35:26
4033,2020-08-06,4.0,交通出行,旧账导入-2020,支出,交通,交通,0,,,12,2026-03-20 16:35:26,2026-03-20 16:35:26,2026-03-20 16:35:26
4032,2020-08-06,38.0,晚餐,旧账导入-2020,支出,食品饮料,食品饮料,0,,,12,2026-03-20 16:35:26,2026-03-20 16:35:26,2026-03-20 16:35:26
4031,2020-08-06,62.0,午餐,旧账导入-2020,支出,食品饮料,食品饮料,0,,,12,2026-03-20 16:35:26,2026-03-20 16:35:26,2026-03-20 16:35:26
4030,2020-08-05,232.3,住宿,旧账导入-2020,支出,住宿,住宿,0,,,12,2026-03-20 16:35:26,2026-03-20 16:35:26,2026-03-20 16:35:26
4029,2020-08-05,136.0,变色龙岩馆,旧账导入-2020,支出,娱乐/运动,娱乐/运动,0,,,12,2026-03-20 16:35:26,2026-03-20 16:35:26,2026-03-20 16:35:26
4028,2020-08-05,4.0,交通出行,旧账导入-2020,支出,交通,交通,0,,,12,2026-03-20 16:35:26,2026-03-20 16:35:26,2026-03-20 16:35:26
4027,2020-08-05,167.0,晚餐,旧账导入-2020,支出,食品饮料,食品饮料,0,,,12,2026-03-20 16:35:26,2026-03-20 16:35:26,2026-03-20 16:35:26
4026,2020-08-05,48.0,午餐,旧账导入-2020,支出,食品饮料,食品饮料,0,,,12,2026-03-20 16:35:26,2026-03-20 16:35:26,2026-03-20 16:35:26
4025,2020-08-04,232.3,住宿,旧账导入-2020,支出,住宿,住宿,0,,,12,2026-03-20 16:35:26,2026-03-20 16:35:26,2026-03-20 16:35:26
4024,2020-08-04,790.0,水准零点帆船体验+海昌极地海洋世界门票+缆车和照片,旧账导入-2020,支出,娱乐/运动,娱乐/运动,0,,,12,2026-03-20 16:35:26,2026-03-20 16:35:26,2026-03-20 16:35:26
4023,2020-08-04,24.0,交通出行,旧账导入-2020,支出,交通,交通,0,,,12,2026-03-20 16:35:26,2026-03-20 16:35:26,2026-03-20 16:35:26
4022,2020-08-04,104.0,晚餐,旧账导入-2020,支出,食品饮料,食品饮料,0,,,12,2026-03-20 16:35:26,2026-03-20 16:35:26,2026-03-20 16:35:26
4021,2020-08-04,36.0,早餐,旧账导入-2020,支出,食品饮料,食品饮料,0,,,12,2026-03-20 16:35:26,2026-03-20 16:35:26,2026-03-20 16:35:26
4020,2020-08-03,241.0,住宿,旧账导入-2020,支出,住宿,住宿,0,,,12,2026-03-20 16:35:26,2026-03-20 16:35:26,2026-03-20 16:35:26
4019,2020-08-03,135.0,博物馆门票+购物,旧账导入-2020,支出,娱乐/运动,娱乐/运动,0,,,12,2026-03-20 16:35:26,2026-03-20 16:35:26,2026-03-20 16:35:26
4018,2020-08-03,28.72,交通出行,旧账导入-2020,支出,交通,交通,0,,,12,2026-03-20 16:35:26,2026-03-20 16:35:26,2026-03-20 16:35:26
4017,2020-08-03,142.96,晚餐,旧账导入-2020,支出,食品饮料,食品饮料,0,,,12,2026-03-20 16:35:26,2026-03-20 16:35:26,2026-03-20 16:35:26
4016,2020-08-01,2300.0,基金盈利转出,旧账导入-2020,收入,其他,其他,0,,,12,2026-03-20 16:35:26,2026-03-20 16:35:26,2026-03-20 16:35:26
4015,2020-08-01,200.0,攀岩裤,旧账导入-2020,支出,服饰,服饰,0,,,12,2026-03-20 16:35:26,2026-03-20 16:35:26,2026-03-20 16:35:26
4014,2020-08-01,199.0,住宿,旧账导入-2020,支出,住宿,住宿,0,,,12,2026-03-20 16:35:26,2026-03-20 16:35:26,2026-03-20 16:35:26
4013,2020-08-01,1200.0,攀岩馆二十次卡,旧账导入-2020,支出,娱乐/运动,娱乐/运动,0,,,12,2026-03-20 16:35:26,2026-03-20 16:35:26,2026-03-20 16:35:26
4012,2020-08-01,30.75,交通出行,旧账导入-2020,支出,交通,交通,0,,,12,2026-03-20 16:35:26,2026-03-20 16:35:26,2026-03-20 16:35:26
4011,2020-07-31,340.0,机票,旧账导入-2020,支出,交通,交通,0,,,12,2026-03-20 16:35:26,2026-03-20 16:35:26,2026-03-20 16:35:26
4010,2020-07-30,31.63,买东西,旧账导入-2020,支出,生活支出,生活支出,0,,,12,2026-03-20 16:35:26,2026-03-20 16:35:26,2026-03-20 16:35:26
4009,2020-07-30,221.0,住宿,旧账导入-2020,支出,住宿,住宿,0,,,12,2026-03-20 16:35:26,2026-03-20 16:35:26,2026-03-20 16:35:26
4008,2020-07-22,6.0,上网,旧账导入-2020,支出,生活支出,生活支出,0,,,12,2026-03-20 16:35:26,2026-03-20 16:35:26,2026-03-20 16:35:26
4007,2020-07-22,4.8,淘宝月卡,旧账导入-2020,支出,虚拟充值/通讯,虚拟充值/通讯,0,,,12,2026-03-20 16:35:26,2026-03-20 16:35:26,2026-03-20 16:35:26
4006,2020-07-22,422.25,交通+火车票,旧账导入-2020,支出,交通,交通,0,,,12,2026-03-20 16:35:26,2026-03-20 16:35:26,2026-03-20 16:35:26
4005,2020-07-22,64.0,午餐,旧账导入-2020,支出,食品饮料,食品饮料,0,,,12,2026-03-20 16:35:26,2026-03-20 16:35:26,2026-03-20 16:35:26
4004,2020-07-21,100.0,转账给肖大神,旧账导入-2020,支出,生活支出,生活支出,0,,,12,2026-03-20 16:35:26,2026-03-20 16:35:26,2026-03-20 16:35:26
4003,2020-07-21,88.0,博物馆门票+讲解器,旧账导入-2020,支出,娱乐/运动,娱乐/运动,0,,,12,2026-03-20 16:35:26,2026-03-20 16:35:26,2026-03-20 16:35:26
4002,2020-07-21,33.79,交通,旧账导入-2020,支出,交通,交通,0,,,12,2026-03-20 16:35:26,2026-03-20 16:35:26,2026-03-20 16:35:26
4001,2020-07-21,209.0,午餐,旧账导入-2020,支出,食品饮料,食品饮料,0,,,12,2026-03-20 16:35:26,2026-03-20 16:35:26,2026-03-20 16:35:26
4000,2020-07-20,25.0,雨伞,旧账导入-2020,支出,生活支出,生活支出,0,,,12,2026-03-20 16:35:26,2026-03-20 16:35:26,2026-03-20 16:35:26
3999,2020-07-20,46.0,网吧,旧账导入-2020,支出,生活支出,生活支出,0,,,12,2026-03-20 16:35:26,2026-03-20 16:35:26,2026-03-20 16:35:26
3998,2020-07-20,65.0,宾馆,旧账导入-2020,支出,住宿,住宿,0,,,12,2026-03-20 16:35:26,2026-03-20 16:35:26,2026-03-20 16:35:26
3997,2020-07-20,97.0,火车票+交通,旧账导入-2020,支出,交通,交通,0,,,12,2026-03-20 16:35:26,2026-03-20 16:35:26,2026-03-20 16:35:26
3996,2020-07-19,100.0,宾馆,旧账导入-2020,支出,住宿,住宿,0,,,12,2026-03-20 16:35:26,2026-03-20 16:35:26,2026-03-20 16:35:26
3995,2020-07-19,50.0,滕王阁戏剧,旧账导入-2020,支出,娱乐/运动,娱乐/运动,0,,,12,2026-03-20 16:35:26,2026-03-20 16:35:26,2026-03-20 16:35:26
3994,2020-07-19,34.44,交通,旧账导入-2020,支出,交通,交通,0,,,12,2026-03-20 16:35:26,2026-03-20 16:35:26,2026-03-20 16:35:26
3993,2020-07-19,249.0,午餐,旧账导入-2020,支出,食品饮料,食品饮料,0,,,12,2026-03-20 16:35:26,2026-03-20 16:35:26,2026-03-20 16:35:26
3992,2020-07-19,14.0,早餐,旧账导入-2020,支出,食品饮料,食品饮料,0,,,12,2026-03-20 16:35:26,2026-03-20 16:35:26,2026-03-20 16:35:26
3991,2020-07-18,66.0,寄快递+网吧,旧账导入-2020,支出,生活支出,生活支出,0,,,12,2026-03-20 16:35:26,2026-03-20 16:35:26,2026-03-20 16:35:26
3990,2020-07-18,62.0,宾馆,旧账导入-2020,支出,住宿,住宿,0,,,12,2026-03-20 16:35:26,2026-03-20 16:35:26,2026-03-20 16:35:26
3989,2020-07-18,90.1,交通+火车票+退票手续费,旧账导入-2020,支出,交通,交通,0,,,12,2026-03-20 16:35:26,2026-03-20 16:35:26,2026-03-20 16:35:26
3988,2020-07-18,8.0,晚餐,旧账导入-2020,支出,食品饮料,食品饮料,0,,,12,2026-03-20 16:35:26,2026-03-20 16:35:26,2026-03-20 16:35:26
3987,2020-07-18,41.4,午餐,旧账导入-2020,支出,食品饮料,食品饮料,0,,,12,2026-03-20 16:35:26,2026-03-20 16:35:26,2026-03-20 16:35:26
3986,2020-07-17,30.0,宾馆,旧账导入-2020,支出,住宿,住宿,0,,,12,2026-03-20 16:35:26,2026-03-20 16:35:26,2026-03-20 16:35:26
3985,2020-07-17,27.0,餐饮美食,旧账导入-2020,支出,食品饮料,食品饮料,0,,,12,2026-03-20 16:35:26,2026-03-20 16:35:26,2026-03-20 16:35:26
3984,2020-07-17,140.0,晚餐,旧账导入-2020,支出,食品饮料,食品饮料,0,,,12,2026-03-20 16:35:26,2026-03-20 16:35:26,2026-03-20 16:35:26
3983,2020-07-16,6.0,iCloud,旧账导入-2020,支出,虚拟充值/通讯,虚拟充值/通讯,0,,,12,2026-03-20 16:35:26,2026-03-20 16:35:26,2026-03-20 16:35:26
3982,2020-07-15,15.0,早餐,旧账导入-2020,支出,食品饮料,食品饮料,0,,,12,2026-03-20 16:35:26,2026-03-20 16:35:26,2026-03-20 16:35:26
3981,2020-07-14,28.5,宾馆,旧账导入-2020,支出,住宿,住宿,0,,,12,2026-03-20 16:35:26,2026-03-20 16:35:26,2026-03-20 16:35:26
3980,2020-07-14,171.5,登山物资,旧账导入-2020,支出,食品饮料,食品饮料,0,,,12,2026-03-20 16:35:26,2026-03-20 16:35:26,2026-03-20 16:35:26
3979,2020-07-14,10.0,晚餐,旧账导入-2020,支出,食品饮料,食品饮料,0,,,12,2026-03-20 16:35:26,2026-03-20 16:35:26,2026-03-20 16:35:26
3978,2020-07-14,15.5,早餐,旧账导入-2020,支出,食品饮料,食品饮料,0,,,12,2026-03-20 16:35:26,2026-03-20 16:35:26,2026-03-20 16:35:26
3977,2020-07-13,33.0,宾馆,旧账导入-2020,支出,住宿,住宿,0,,,12,2026-03-20 16:35:26,2026-03-20 16:35:26,2026-03-20 16:35:26
3976,2020-07-13,312.0,攀岩+武功山报名费+上网,旧账导入-2020,支出,娱乐/运动,娱乐/运动,0,,,12,2026-03-20 16:35:26,2026-03-20 16:35:26,2026-03-20 16:35:26
3975,2020-07-13,184.0,火车票,旧账导入-2020,支出,交通,交通,0,,,12,2026-03-20 16:35:26,2026-03-20 16:35:26,2026-03-20 16:35:26
3974,2020-07-13,6.0,晚餐,旧账导入-2020,支出,食品饮料,食品饮料,0,,,12,2026-03-20 16:35:26,2026-03-20 16:35:26,2026-03-20 16:35:26
3973,2020-07-12,63.5,午餐,旧账导入-2020,支出,食品饮料,食品饮料,0,,,12,2026-03-20 16:35:26,2026-03-20 16:35:26,2026-03-20 16:35:26
3972,2020-07-11,23.66,晚餐,旧账导入-2020,支出,食品饮料,食品饮料,0,,,12,2026-03-20 16:35:26,2026-03-20 16:35:26,2026-03-20 16:35:26
3971,2020-07-10,17.0,买东西,旧账导入-2020,支出,生活支出,生活支出,0,,,12,2026-03-20 16:35:26,2026-03-20 16:35:26,2026-03-20 16:35:26
3970,2020-07-09,10.5,退票手续费,旧账导入-2020,支出,交通,交通,0,,,12,2026-03-20 16:35:26,2026-03-20 16:35:26,2026-03-20 16:35:26
3969,2020-07-09,15.0,晚餐,旧账导入-2020,支出,食品饮料,食品饮料,0,,,12,2026-03-20 16:35:26,2026-03-20 16:35:26,2026-03-20 16:35:26
3968,2020-07-08,13.0,药,旧账导入-2020,支出,生活支出,生活支出,0,,,12,2026-03-20 16:35:26,2026-03-20 16:35:26,2026-03-20 16:35:26
3967,2020-07-08,176.0,KTV,旧账导入-2020,支出,娱乐/运动,娱乐/运动,0,,,12,2026-03-20 16:35:26,2026-03-20 16:35:26,2026-03-20 16:35:26
3966,2020-07-08,50.0,随行记,旧账导入-2020,支出,虚拟充值/通讯,虚拟充值/通讯,0,,,12,2026-03-20 16:35:26,2026-03-20 16:35:26,2026-03-20 16:35:26
3965,2020-07-08,31.5,餐饮美食,旧账导入-2020,支出,食品饮料,食品饮料,0,,,12,2026-03-20 16:35:26,2026-03-20 16:35:26,2026-03-20 16:35:26
3964,2020-07-08,9.0,午餐,旧账导入-2020,支出,食品饮料,食品饮料,0,,,12,2026-03-20 16:35:26,2026-03-20 16:35:26,2026-03-20 16:35:26
3963,2020-07-07,10.0,上网,旧账导入-2020,支出,娱乐/运动,娱乐/运动,0,,,12,2026-03-20 16:35:26,2026-03-20 16:35:26,2026-03-20 16:35:26
3962,2020-07-07,70.0,午餐,旧账导入-2020,支出,食品饮料,食品饮料,0,,,12,2026-03-20 16:35:26,2026-03-20 16:35:26,2026-03-20 16:35:26
3961,2020-07-06,5.76,打车,旧账导入-2020,支出,交通,交通,0,,,12,2026-03-20 16:35:26,2026-03-20 16:35:26,2026-03-20 16:35:26
3960,2020-07-06,8.0,晚餐,旧账导入-2020,支出,食品饮料,食品饮料,0,,,12,2026-03-20 16:35:26,2026-03-20 16:35:26,2026-03-20 16:35:26
3959,2020-07-06,33.0,午餐,旧账导入-2020,支出,食品饮料,食品饮料,0,,,12,2026-03-20 16:35:26,2026-03-20 16:35:26,2026-03-20 16:35:26
3958,2020-07-05,68.0,游戏,旧账导入-2020,支出,虚拟充值/通讯,虚拟充值/通讯,0,,,12,2026-03-20 16:35:26,2026-03-20 16:35:26,2026-03-20 16:35:26
3957,2020-07-05,3.0,晚餐,旧账导入-2020,支出,食品饮料,食品饮料,0,,,12,2026-03-20 16:35:26,2026-03-20 16:35:26,2026-03-20 16:35:26
3956,2020-07-05,10.0,午餐,旧账导入-2020,支出,食品饮料,食品饮料,0,,,12,2026-03-20 16:35:26,2026-03-20 16:35:26,2026-03-20 16:35:26
3955,2020-07-04,60.0,宾馆,旧账导入-2020,支出,住宿,住宿,0,,,12,2026-03-20 16:35:26,2026-03-20 16:35:26,2026-03-20 16:35:26
3954,2020-07-04,35.0,晚餐,旧账导入-2020,支出,食品饮料,食品饮料,0,,,12,2026-03-20 16:35:26,2026-03-20 16:35:26,2026-03-20 16:35:26
3953,2020-07-04,8.0,午餐,旧账导入-2020,支出,食品饮料,食品饮料,0,,,12,2026-03-20 16:35:26,2026-03-20 16:35:26,2026-03-20 16:35:26
3952,2020-07-03,40.0,洗澡,旧账导入-2020,支出,娱乐/运动,娱乐/运动,0,,,12,2026-03-20 16:35:26,2026-03-20 16:35:26,2026-03-20 16:35:26
3951,2020-07-03,17.0,早餐,旧账导入-2020,支出,食品饮料,食品饮料,0,,,12,2026-03-20 16:35:26,2026-03-20 16:35:26,2026-03-20 16:35:26
3950,2020-07-02,7.5,杯子,旧账导入-2020,支出,生活支出,生活支出,0,,,12,2026-03-20 16:35:26,2026-03-20 16:35:26,2026-03-20 16:35:26
3949,2020-07-02,20.0,上网,旧账导入-2020,支出,娱乐/运动,娱乐/运动,0,,,12,2026-03-20 16:35:26,2026-03-20 16:35:26,2026-03-20 16:35:26
3948,2020-07-02,21.0,吃的,旧账导入-2020,支出,食品饮料,食品饮料,0,,,12,2026-03-20 16:35:26,2026-03-20 16:35:26,2026-03-20 16:35:26
3947,2020-07-02,34.0,晚餐,旧账导入-2020,支出,食品饮料,食品饮料,0,,,12,2026-03-20 16:35:26,2026-03-20 16:35:26,2026-03-20 16:35:26
3946,2020-07-01,124.82,奶粉,旧账导入-2020,支出,生活支出,生活支出,0,,,12,2026-03-20 16:35:26,2026-03-20 16:35:26,2026-03-20 16:35:26
3945,2020-07-01,130.0,烧烤,旧账导入-2020,支出,食品饮料,食品饮料,0,,,12,2026-03-20 16:35:26,2026-03-20 16:35:26,2026-03-20 16:35:26
3944,2020-07-01,12.0,晚餐,旧账导入-2020,支出,食品饮料,食品饮料,0,,,12,2026-03-20 16:35:26,2026-03-20 16:35:26,2026-03-20 16:35:26
3943,2020-07-01,12.0,午餐,旧账导入-2020,支出,食品饮料,食品饮料,0,,,12,2026-03-20 16:35:26,2026-03-20 16:35:26,2026-03-20 16:35:26
3942,2020-06-30,448.0,书+健身卡,旧账导入-2020,支出,学习/培训/办公,学习/培训/办公,0,,,12,2026-03-20 16:35:26,2026-03-20 16:35:26,2026-03-20 16:35:26
3941,2020-06-30,203.0,蛋白粉+杯子,旧账导入-2020,支出,生活支出,生活支出,0,,,12,2026-03-20 16:35:26,2026-03-20 16:35:26,2026-03-20 16:35:26
3940,2020-06-30,36.0,浅茶,旧账导入-2020,支出,食品饮料,食品饮料,0,,,12,2026-03-20 16:35:26,2026-03-20 16:35:26,2026-03-20 16:35:26
3939,2020-06-29,98.0,腾讯视频会员,旧账导入-2020,支出,虚拟充值/通讯,虚拟充值/通讯,0,,,12,2026-03-20 16:35:26,2026-03-20 16:35:26,2026-03-20 16:35:26
3938,2020-06-29,32.0,晚餐,旧账导入-2020,支出,食品饮料,食品饮料,0,,,12,2026-03-20 16:35:26,2026-03-20 16:35:26,2026-03-20 16:35:26
3937,2020-06-28,30.94,阅读架,旧账导入-2020,支出,生活支出,生活支出,0,,,12,2026-03-20 16:35:26,2026-03-20 16:35:26,2026-03-20 16:35:26
3936,2020-06-27,6.0,爱奇艺会员,旧账导入-2020,支出,虚拟充值/通讯,虚拟充值/通讯,0,,,12,2026-03-20 16:35:26,2026-03-20 16:35:26,2026-03-20 16:35:26
3935,2020-06-27,200.0,姐,旧账导入-2020,支出,亲友转账,亲友转账,0,,,12,2026-03-20 16:35:26,2026-03-20 16:35:26,2026-03-20 16:35:26
3934,2020-06-26,10.0,寄快递,旧账导入-2020,支出,生活支出,生活支出,0,,,12,2026-03-20 16:35:26,2026-03-20 16:35:26,2026-03-20 16:35:26
3933,2020-06-26,150.0,国豪,旧账导入-2020,支出,社交,社交,0,,,12,2026-03-20 16:35:26,2026-03-20 16:35:26,2026-03-20 16:35:26
3932,2020-06-24,10.0,寄快递,旧账导入-2020,支出,生活支出,生活支出,0,,,12,2026-03-20 16:35:26,2026-03-20 16:35:26,2026-03-20 16:35:26
3931,2020-06-23,25.0,QQ超会,旧账导入-2020,支出,虚拟充值/通讯,虚拟充值/通讯,0,,,12,2026-03-20 16:35:26,2026-03-20 16:35:26,2026-03-20 16:35:26
3930,2020-06-22,30.0,收纳盒,旧账导入-2020,支出,生活支出,生活支出,0,,,12,2026-03-20 16:35:26,2026-03-20 16:35:26,2026-03-20 16:35:26
3929,2020-06-22,1.6,翻译,旧账导入-2020,支出,生活支出,生活支出,0,,,12,2026-03-20 16:35:26,2026-03-20 16:35:26,2026-03-20 16:35:26
3928,2020-06-21,82.37,购物,旧账导入-2020,支出,生活支出,生活支出,0,,,12,2026-03-20 16:35:26,2026-03-20 16:35:26,2026-03-20 16:35:26
3927,2020-06-21,10.0,买菜,旧账导入-2020,支出,生活支出,生活支出,0,,,12,2026-03-20 16:35:26,2026-03-20 16:35:26,2026-03-20 16:35:26
3926,2020-06-18,19.0,知乎,旧账导入-2020,支出,虚拟充值/通讯,虚拟充值/通讯,0,,,12,2026-03-20 16:35:26,2026-03-20 16:35:26,2026-03-20 16:35:26
3925,2020-06-18,31.46,吃的,旧账导入-2020,支出,食品饮料,食品饮料,0,,,12,2026-03-20 16:35:26,2026-03-20 16:35:26,2026-03-20 16:35:26
3924,2020-06-16,45.0,书,旧账导入-2020,支出,学习/培训/办公,学习/培训/办公,0,,,12,2026-03-20 16:35:26,2026-03-20 16:35:26,2026-03-20 16:35:26
3923,2020-06-16,6.0,iCloud,旧账导入-2020,支出,虚拟充值/通讯,虚拟充值/通讯,0,,,12,2026-03-20 16:35:26,2026-03-20 16:35:26,2026-03-20 16:35:26
3922,2020-06-15,26.6,凉鞋+地图,旧账导入-2020,支出,生活支出,生活支出,0,,,12,2026-03-20 16:35:26,2026-03-20 16:35:26,2026-03-20 16:35:26
3921,2020-06-14,43.0,风扇叶,旧账导入-2020,支出,生活支出,生活支出,0,,,12,2026-03-20 16:35:26,2026-03-20 16:35:26,2026-03-20 16:35:26
3920,2020-06-13,6.0,游戏,旧账导入-2020,支出,虚拟充值/通讯,虚拟充值/通讯,0,,,12,2026-03-20 16:35:26,2026-03-20 16:35:26,2026-03-20 16:35:26
3919,2020-06-13,35.44,康佳-浅茶,旧账导入-2020,支出,社交,社交,0,,,12,2026-03-20 16:35:26,2026-03-20 16:35:26,2026-03-20 16:35:26
3918,2020-06-12,210.0,密室逃脱,旧账导入-2020,支出,娱乐/运动,娱乐/运动,0,,,12,2026-03-20 16:35:26,2026-03-20 16:35:26,2026-03-20 16:35:26
3917,2020-06-11,34.5,交通出行,旧账导入-2020,支出,交通,交通,0,,,12,2026-03-20 16:35:26,2026-03-20 16:35:26,2026-03-20 16:35:26
3916,2020-06-11,27.0,奶茶,旧账导入-2020,支出,食品饮料,食品饮料,0,,,12,2026-03-20 16:35:26,2026-03-20 16:35:26,2026-03-20 16:35:26
3915,2020-06-10,148.5,剧本杀,旧账导入-2020,支出,娱乐/运动,娱乐/运动,0,,,12,2026-03-20 16:35:26,2026-03-20 16:35:26,2026-03-20 16:35:26
3914,2020-06-09,25.0,书,旧账导入-2020,支出,学习/培训/办公,学习/培训/办公,0,,,12,2026-03-20 16:35:26,2026-03-20 16:35:26,2026-03-20 16:35:26
3913,2020-06-09,82.0,充电宝,旧账导入-2020,支出,生活支出,生活支出,0,,,12,2026-03-20 16:35:26,2026-03-20 16:35:26,2026-03-20 16:35:26
3912,2020-06-09,11.0,吃的,旧账导入-2020,支出,食品饮料,食品饮料,0,,,12,2026-03-20 16:35:26,2026-03-20 16:35:26,2026-03-20 16:35:26
3911,2020-06-07,32.0,宋瑾如-浅茶,旧账导入-2020,支出,社交,社交,0,,,12,2026-03-20 16:35:26,2026-03-20 16:35:26,2026-03-20 16:35:26
3910,2020-06-06,240.34,购物,旧账导入-2020,支出,生活支出,生活支出,0,,,12,2026-03-20 16:35:26,2026-03-20 16:35:26,2026-03-20 16:35:26
3909,2020-06-06,21.0,快递费,旧账导入-2020,支出,生活支出,生活支出,0,,,12,2026-03-20 16:35:26,2026-03-20 16:35:26,2026-03-20 16:35:26
3908,2020-06-05,20.0,剪头,旧账导入-2020,支出,生活支出,生活支出,0,,,12,2026-03-20 16:35:26,2026-03-20 16:35:26,2026-03-20 16:35:26
3907,2020-06-03,38.0,贺卡,旧账导入-2020,支出,生活支出,生活支出,0,,,12,2026-03-20 16:35:26,2026-03-20 16:35:26,2026-03-20 16:35:26
3906,2020-06-03,19.0,指甲剪和话费,旧账导入-2020,支出,生活支出,生活支出,0,,,12,2026-03-20 16:35:26,2026-03-20 16:35:26,2026-03-20 16:35:26
3905,2020-06-03,58.0,KTV,旧账导入-2020,支出,娱乐/运动,娱乐/运动,0,,,12,2026-03-20 16:35:26,2026-03-20 16:35:26,2026-03-20 16:35:26
3904,2020-06-03,13.0,水,旧账导入-2020,支出,食品饮料,食品饮料,0,,,12,2026-03-20 16:35:26,2026-03-20 16:35:26,2026-03-20 16:35:26
3903,2020-06-02,265.0,找老哥们玩,旧账导入-2020,支出,娱乐/运动,娱乐/运动,0,,,12,2026-03-20 16:35:26,2026-03-20 16:35:26,2026-03-20 16:35:26
3902,2020-06-01,592.69,购物,旧账导入-2020,支出,生活支出,生活支出,0,,,12,2026-03-20 16:35:26,2026-03-20 16:35:26,2026-03-20 16:35:26
3901,2020-06-01,16.0,提现,旧账导入-2020,支出,生活支出,生活支出,0,,,12,2026-03-20 16:35:26,2026-03-20 16:35:26,2026-03-20 16:35:26
3900,2020-06-01,100.0,给老姐发红包,旧账导入-2020,支出,亲友转账,亲友转账,0,,,12,2026-03-20 16:35:26,2026-03-20 16:35:26,2026-03-20 16:35:26
3899,2020-05-31,6.69,皮肤,旧账导入-2020,支出,虚拟充值/通讯,虚拟充值/通讯,0,,,12,2026-03-20 16:35:26,2026-03-20 16:35:26,2026-03-20 16:35:26
3898,2020-05-28,17.62,书,旧账导入-2020,支出,学习/培训/办公,学习/培训/办公,0,,,12,2026-03-20 16:35:26,2026-03-20 16:35:26,2026-03-20 16:35:26
3897,2020-05-27,24.0,水+快递费,旧账导入-2020,支出,生活支出,生活支出,0,,,12,2026-03-20 16:35:26,2026-03-20 16:35:26,2026-03-20 16:35:26
3896,2020-05-23,10.0,iCloud music,旧账导入-2020,支出,虚拟充值/通讯,虚拟充值/通讯,0,,,12,2026-03-20 16:35:26,2026-03-20 16:35:26,2026-03-20 16:35:26
3895,2020-05-18,115.0,网盘会员+知乎会员,旧账导入-2020,支出,虚拟充值/通讯,虚拟充值/通讯,0,,,12,2026-03-20 16:35:26,2026-03-20 16:35:26,2026-03-20 16:35:26
3894,2020-05-16,47.58,买书,旧账导入-2020,支出,学习/培训/办公,学习/培训/办公,0,,,12,2026-03-20 16:35:26,2026-03-20 16:35:26,2026-03-20 16:35:26
3893,2020-05-16,6.0,iCloud续费,旧账导入-2020,支出,虚拟充值/通讯,虚拟充值/通讯,0,,,12,2026-03-20 16:35:26,2026-03-20 16:35:26,2026-03-20 16:35:26
3892,2020-05-15,19.21,鱼瓶,旧账导入-2020,支出,生活支出,生活支出,0,,,12,2026-03-20 16:35:26,2026-03-20 16:35:26,2026-03-20 16:35:26
3891,2020-05-14,290.0,给老姐转钱,旧账导入-2020,支出,亲友转账,亲友转账,0,,,12,2026-03-20 16:35:26,2026-03-20 16:35:26,2026-03-20 16:35:26
3890,2020-05-12,39.0,装自行车,旧账导入-2020,支出,生活支出,生活支出,0,,,12,2026-03-20 16:35:26,2026-03-20 16:35:26,2026-03-20 16:35:26
3889,2020-05-11,46.0,姐-薯片,旧账导入-2020,支出,亲友转账,亲友转账,0,,,12,2026-03-20 16:35:26,2026-03-20 16:35:26,2026-03-20 16:35:26
3888,2020-05-10,24.0,充电头,旧账导入-2020,支出,生活支出,生活支出,0,,,12,2026-03-20 16:35:26,2026-03-20 16:35:26,2026-03-20 16:35:26
3887,2020-05-09,50.0,给老姐转钱,旧账导入-2020,支出,亲友转账,亲友转账,0,,,12,2026-03-20 16:35:26,2026-03-20 16:35:26,2026-03-20 16:35:26
3886,2020-05-08,17.0,交通,旧账导入-2020,支出,交通,交通,0,,,12,2026-03-20 16:35:26,2026-03-20 16:35:26,2026-03-20 16:35:26
3885,2020-05-08,16.0,午餐,旧账导入-2020,支出,食品饮料,食品饮料,0,,,12,2026-03-20 16:35:26,2026-03-20 16:35:26,2026-03-20 16:35:26
3884,2020-05-07,170.0,寄自行车+租大衣,旧账导入-2020,支出,生活支出,生活支出,0,,,12,2026-03-20 16:35:26,2026-03-20 16:35:26,2026-03-20 16:35:26
3883,2020-05-07,32.5,住宿,旧账导入-2020,支出,住宿,住宿,0,,,12,2026-03-20 16:35:26,2026-03-20 16:35:26,2026-03-20 16:35:26
3882,2020-05-07,122.0,火车票+其他交通,旧账导入-2020,支出,交通,交通,0,,,12,2026-03-20 16:35:26,2026-03-20 16:35:26,2026-03-20 16:35:26
3881,2020-05-07,7.0,晚餐,旧账导入-2020,支出,食品饮料,食品饮料,0,,,12,2026-03-20 16:35:26,2026-03-20 16:35:26,2026-03-20 16:35:26
3880,2020-05-07,20.0,午餐,旧账导入-2020,支出,食品饮料,食品饮料,0,,,12,2026-03-20 16:35:26,2026-03-20 16:35:26,2026-03-20 16:35:26
3879,2020-05-06,3.0,生活支出,旧账导入-2020,支出,生活支出,生活支出,0,,,12,2026-03-20 16:35:26,2026-03-20 16:35:26,2026-03-20 16:35:26
3878,2020-05-06,57.0,泰山门票,旧账导入-2020,支出,娱乐/运动,娱乐/运动,0,,,12,2026-03-20 16:35:26,2026-03-20 16:35:26,2026-03-20 16:35:26
3877,2020-05-06,12.1,交通,旧账导入-2020,支出,交通,交通,0,,,12,2026-03-20 16:35:26,2026-03-20 16:35:26,2026-03-20 16:35:26
3876,2020-05-06,43.57,补给,旧账导入-2020,支出,食品饮料,食品饮料,0,,,12,2026-03-20 16:35:26,2026-03-20 16:35:26,2026-03-20 16:35:26
3875,2020-05-06,10.0,晚餐,旧账导入-2020,支出,食品饮料,食品饮料,0,,,12,2026-03-20 16:35:26,2026-03-20 16:35:26,2026-03-20 16:35:26
3874,2020-05-06,28.6,午餐,旧账导入-2020,支出,食品饮料,食品饮料,0,,,12,2026-03-20 16:35:26,2026-03-20 16:35:26,2026-03-20 16:35:26
3873,2020-05-05,3.0,生活支出,旧账导入-2020,支出,生活支出,生活支出,0,,,12,2026-03-20 16:35:26,2026-03-20 16:35:26,2026-03-20 16:35:26
3872,2020-05-05,73.0,住宿,旧账导入-2020,支出,住宿,住宿,0,,,12,2026-03-20 16:35:26,2026-03-20 16:35:26,2026-03-20 16:35:26
3871,2020-05-05,60.0,大巴车票+退票手续费,旧账导入-2020,支出,交通,交通,0,,,12,2026-03-20 16:35:26,2026-03-20 16:35:26,2026-03-20 16:35:26
3870,2020-05-05,78.0,补给,旧账导入-2020,支出,食品饮料,食品饮料,0,,,12,2026-03-20 16:35:26,2026-03-20 16:35:26,2026-03-20 16:35:26
3869,2020-05-05,20.0,晚餐,旧账导入-2020,支出,食品饮料,食品饮料,0,,,12,2026-03-20 16:35:26,2026-03-20 16:35:26,2026-03-20 16:35:26
3868,2020-05-05,7.0,午餐,旧账导入-2020,支出,食品饮料,食品饮料,0,,,12,2026-03-20 16:35:26,2026-03-20 16:35:26,2026-03-20 16:35:26
3867,2020-05-04,42.6,住宿,旧账导入-2020,支出,住宿,住宿,0,,,12,2026-03-20 16:35:26,2026-03-20 16:35:26,2026-03-20 16:35:26
3866,2020-05-04,6.0,轮渡,旧账导入-2020,支出,交通,交通,0,,,12,2026-03-20 16:35:26,2026-03-20 16:35:26,2026-03-20 16:35:26
3865,2020-05-04,7.5,补给,旧账导入-2020,支出,食品饮料,食品饮料,0,,,12,2026-03-20 16:35:26,2026-03-20 16:35:26,2026-03-20 16:35:26
3864,2020-05-04,33.3,晚餐,旧账导入-2020,支出,食品饮料,食品饮料,0,,,12,2026-03-20 16:35:26,2026-03-20 16:35:26,2026-03-20 16:35:26
3863,2020-05-04,18.3,午餐,旧账导入-2020,支出,食品饮料,食品饮料,0,,,12,2026-03-20 16:35:26,2026-03-20 16:35:26,2026-03-20 16:35:26
3862,2020-05-04,3.6,早餐,旧账导入-2020,支出,食品饮料,食品饮料,0,,,12,2026-03-20 16:35:26,2026-03-20 16:35:26,2026-03-20 16:35:26
3861,2020-05-03,124.5,迪卡侬购物,旧账导入-2020,支出,服饰,服饰,0,,,12,2026-03-20 16:35:26,2026-03-20 16:35:26,2026-03-20 16:35:26
3860,2020-05-03,30.0,住宿,旧账导入-2020,支出,住宿,住宿,0,,,12,2026-03-20 16:35:26,2026-03-20 16:35:26,2026-03-20 16:35:26
3859,2020-05-03,12.0,吃的,旧账导入-2020,支出,食品饮料,食品饮料,0,,,12,2026-03-20 16:35:26,2026-03-20 16:35:26,2026-03-20 16:35:26
3858,2020-05-03,15.0,晚餐,旧账导入-2020,支出,食品饮料,食品饮料,0,,,12,2026-03-20 16:35:26,2026-03-20 16:35:26,2026-03-20 16:35:26
3857,2020-05-03,8.6,午餐,旧账导入-2020,支出,食品饮料,食品饮料,0,,,12,2026-03-20 16:35:26,2026-03-20 16:35:26,2026-03-20 16:35:26
3856,2020-05-02,186.4,特步运动裤,旧账导入-2020,支出,服饰,服饰,0,,,12,2026-03-20 16:35:26,2026-03-20 16:35:26,2026-03-20 16:35:26
3855,2020-05-02,4.0,生活支出,旧账导入-2020,支出,生活支出,生活支出,0,,,12,2026-03-20 16:35:26,2026-03-20 16:35:26,2026-03-20 16:35:26
3854,2020-05-02,32.3,住宿,旧账导入-2020,支出,住宿,住宿,0,,,12,2026-03-20 16:35:26,2026-03-20 16:35:26,2026-03-20 16:35:26
3853,2020-05-02,44.9,水果+补给,旧账导入-2020,支出,食品饮料,食品饮料,0,,,12,2026-03-20 16:35:26,2026-03-20 16:35:26,2026-03-20 16:35:26
3852,2020-05-02,53.3,晚餐 （炒菜）,旧账导入-2020,支出,食品饮料,食品饮料,0,,,12,2026-03-20 16:35:26,2026-03-20 16:35:26,2026-03-20 16:35:26
3851,2020-05-01,348.99,买鞋,旧账导入-2020,支出,服饰,服饰,0,,,12,2026-03-20 16:35:26,2026-03-20 16:35:26,2026-03-20 16:35:26
3850,2020-05-01,34.0,住宿,旧账导入-2020,支出,住宿,住宿,0,,,12,2026-03-20 16:35:26,2026-03-20 16:35:26,2026-03-20 16:35:26
3849,2020-05-01,47.3,晚餐（外卖）,旧账导入-2020,支出,食品饮料,食品饮料,0,,,12,2026-03-20 16:35:26,2026-03-20 16:35:26,2026-03-20 16:35:26
3848,2020-05-01,33.0,午饭（麻辣香锅）,旧账导入-2020,支出,食品饮料,食品饮料,0,,,12,2026-03-20 16:35:26,2026-03-20 16:35:26,2026-03-20 16:35:26
3847,2020-04-30,31.0,骑行物资,旧账导入-2020,支出,娱乐/运动,娱乐/运动,0,,,12,2026-03-20 16:35:26,2026-03-20 16:35:26,2026-03-20 16:35:26
3846,2020-04-28,22.44,骑行面罩,旧账导入-2020,支出,服饰,服饰,0,,,12,2026-03-20 16:35:26,2026-03-20 16:35:26,2026-03-20 16:35:26
3845,2020-04-28,100.0,给姐转钱,旧账导入-2020,支出,亲友转账,亲友转账,0,,,12,2026-03-20 16:35:26,2026-03-20 16:35:26,2026-03-20 16:35:26
3844,2020-04-27,5.0,格拉条,旧账导入-2020,支出,食品饮料,食品饮料,0,,,12,2026-03-20 16:35:26,2026-03-20 16:35:26,2026-03-20 16:35:26
3843,2020-04-24,62.8,淘宝月卡+seasaw月卡,旧账导入-2020,支出,虚拟充值/通讯,虚拟充值/通讯,0,,,12,2026-03-20 16:35:26,2026-03-20 16:35:26,2026-03-20 16:35:26
3842,2020-04-20,5.0,生活购物,旧账导入-2020,支出,生活支出,生活支出,0,,,12,2026-03-20 16:35:26,2026-03-20 16:35:26,2026-03-20 16:35:26
3841,2020-04-20,15.98,生活支出,旧账导入-2020,支出,生活支出,生活支出,0,,,12,2026-03-20 16:35:26,2026-03-20 16:35:26,2026-03-20 16:35:26
3840,2020-04-20,25.0,知乎会员+iCloud,旧账导入-2020,支出,虚拟充值/通讯,虚拟充值/通讯,0,,,12,2026-03-20 16:35:26,2026-03-20 16:35:26,2026-03-20 16:35:26
3839,2020-04-20,35.0,去老王家吃饭,旧账导入-2020,支出,社交,社交,0,,,12,2026-03-20 16:35:26,2026-03-20 16:35:26,2026-03-20 16:35:26
3838,2020-04-19,51.89,生活购物,旧账导入-2020,支出,生活支出,生活支出,0,,,12,2026-03-20 16:35:26,2026-03-20 16:35:26,2026-03-20 16:35:26
3837,2020-04-19,4.0,快递,旧账导入-2020,支出,生活支出,生活支出,0,,,12,2026-03-20 16:35:26,2026-03-20 16:35:26,2026-03-20 16:35:26
3836,2020-04-17,6.5,餐饮美食,旧账导入-2020,支出,食品饮料,食品饮料,0,,,12,2026-03-20 16:35:26,2026-03-20 16:35:26,2026-03-20 16:35:26
3835,2020-04-12,1.26,明信片,旧账导入-2020,支出,生活支出,生活支出,0,,,12,2026-03-20 16:35:26,2026-03-20 16:35:26,2026-03-20 16:35:26
3834,2020-04-12,37.0,退换快递,旧账导入-2020,支出,生活支出,生活支出,0,,,12,2026-03-20 16:35:26,2026-03-20 16:35:26,2026-03-20 16:35:26
3833,2020-04-12,13.98,子程—书,旧账导入-2020,支出,社交,社交,0,,,12,2026-03-20 16:35:26,2026-03-20 16:35:26,2026-03-20 16:35:26
3832,2020-04-10,113.25,夜骑手电,旧账导入-2020,支出,生活支出,生活支出,0,,,12,2026-03-20 16:35:26,2026-03-20 16:35:26,2026-03-20 16:35:26
3831,2020-04-09,31.73,琳抱枕,旧账导入-2020,支出,生活支出,生活支出,0,,,12,2026-03-20 16:35:26,2026-03-20 16:35:26,2026-03-20 16:35:26
3830,2020-04-04,31.59,生活购物,旧账导入-2020,支出,生活支出,生活支出,0,,,12,2026-03-20 16:35:26,2026-03-20 16:35:26,2026-03-20 16:35:26
3829,2020-03-30,28.6,书,旧账导入-2020,支出,学习/培训/办公,学习/培训/办公,0,,,12,2026-03-20 16:35:26,2026-03-20 16:35:26,2026-03-20 16:35:26
3828,2020-03-28,20.0,烫头,旧账导入-2020,支出,生活支出,生活支出,0,,,12,2026-03-20 16:35:26,2026-03-20 16:35:26,2026-03-20 16:35:26
3827,2020-03-27,25.0,APP付费,旧账导入-2020,支出,虚拟充值/通讯,虚拟充值/通讯,0,,,12,2026-03-20 16:35:26,2026-03-20 16:35:26,2026-03-20 16:35:26
3826,2020-03-26,102.6,书,旧账导入-2020,支出,学习/培训/办公,学习/培训/办公,0,,,12,2026-03-20 16:35:26,2026-03-20 16:35:26,2026-03-20 16:35:26
3825,2020-03-25,107.9,话费,旧账导入-2020,支出,生活支出,生活支出,0,,,12,2026-03-20 16:35:26,2026-03-20 16:35:26,2026-03-20 16:35:26
3824,2020-03-25,4.8,APP付费,旧账导入-2020,支出,虚拟充值/通讯,虚拟充值/通讯,0,,,12,2026-03-20 16:35:26,2026-03-20 16:35:26,2026-03-20 16:35:26
3823,2020-03-25,35.0,李建峰生日礼物快递费,旧账导入-2020,支出,社交,社交,0,,,12,2026-03-20 16:35:26,2026-03-20 16:35:26,2026-03-20 16:35:26
3822,2020-03-19,10.0,百度网盘会员,旧账导入-2020,支出,虚拟充值/通讯,虚拟充值/通讯,0,,,12,2026-03-20 16:35:26,2026-03-20 16:35:26,2026-03-20 16:35:26
3821,2020-03-18,19.0,知乎会员,旧账导入-2020,支出,虚拟充值/通讯,虚拟充值/通讯,0,,,12,2026-03-20 16:35:26,2026-03-20 16:35:26,2026-03-20 16:35:26
3820,2020-03-15,6.0,icloud,旧账导入-2020,支出,虚拟充值/通讯,虚拟充值/通讯,0,,,12,2026-03-20 16:35:26,2026-03-20 16:35:26,2026-03-20 16:35:26
3819,2020-03-13,65.7,与老王骑阜阳,旧账导入-2020,支出,食品饮料,食品饮料,0,,,12,2026-03-20 16:35:26,2026-03-20 16:35:26,2026-03-20 16:35:26
3818,2020-03-12,12.0,游戏,旧账导入-2020,支出,虚拟充值/通讯,虚拟充值/通讯,0,,,12,2026-03-20 16:35:26,2026-03-20 16:35:26,2026-03-20 16:35:26
3817,2020-03-08,145.2,餐饮美食,旧账导入-2020,支出,食品饮料,食品饮料,0,,,12,2026-03-20 16:35:26,2026-03-20 16:35:26,2026-03-20 16:35:26
3816,2020-03-05,30.0,王肖旭,旧账导入-2020,支出,社交,社交,0,,,12,2026-03-20 16:35:26,2026-03-20 16:35:26,2026-03-20 16:35:26
3815,2020-03-04,47.6,生活购物,旧账导入-2020,支出,生活支出,生活支出,0,,,12,2026-03-20 16:35:26,2026-03-20 16:35:26,2026-03-20 16:35:26
3814,2020-03-02,2200.0,国家助学金补助,旧账导入-2020,收入,其他,其他,0,,,12,2026-03-20 16:35:26,2026-03-20 16:35:26,2026-03-20 16:35:26
3813,2020-03-02,2.0,生活购物,旧账导入-2020,支出,生活支出,生活支出,0,,,12,2026-03-20 16:35:26,2026-03-20 16:35:26,2026-03-20 16:35:26
3812,2020-03-01,10.0,迅游vip,旧账导入-2020,支出,虚拟充值/通讯,虚拟充值/通讯,0,,,12,2026-03-20 16:35:26,2026-03-20 16:35:26,2026-03-20 16:35:26
3811,2020-02-28,100.0,老姐,旧账导入-2020,支出,亲友转账,亲友转账,0,,,12,2026-03-20 16:35:26,2026-03-20 16:35:26,2026-03-20 16:35:26
3810,2020-02-27,51.8,文印,旧账导入-2020,支出,学习/培训/办公,学习/培训/办公,0,,,12,2026-03-20 16:35:26,2026-03-20 16:35:26,2026-03-20 16:35:26
3809,2020-02-26,8.01,朱茜茹,旧账导入-2020,支出,社交,社交,0,,,12,2026-03-20 16:35:26,2026-03-20 16:35:26,2026-03-20 16:35:26
3808,2020-02-24,4.8,淘宝月卡,旧账导入-2020,支出,虚拟充值/通讯,虚拟充值/通讯,0,,,12,2026-03-20 16:35:26,2026-03-20 16:35:26,2026-03-20 16:35:26
3807,2020-02-24,71.0,餐饮美食,旧账导入-2020,支出,食品饮料,食品饮料,0,,,12,2026-03-20 16:35:26,2026-03-20 16:35:26,2026-03-20 16:35:26
3806,2020-02-23,100.0,话费,旧账导入-2020,支出,生活支出,生活支出,0,,,12,2026-03-20 16:35:26,2026-03-20 16:35:26,2026-03-20 16:35:26
3805,2020-02-23,10.0,apple music,旧账导入-2020,支出,虚拟充值/通讯,虚拟充值/通讯,0,,,12,2026-03-20 16:35:26,2026-03-20 16:35:26,2026-03-20 16:35:26
3804,2020-02-19,124.4,手账用品,旧账导入-2020,支出,生活支出,生活支出,0,,,12,2026-03-20 16:35:26,2026-03-20 16:35:26,2026-03-20 16:35:26
3803,2020-02-17,15.56,文印,旧账导入-2020,支出,学习/培训/办公,学习/培训/办公,0,,,12,2026-03-20 16:35:26,2026-03-20 16:35:26,2026-03-20 16:35:26
3802,2020-02-17,6.0,iCloud,旧账导入-2020,支出,虚拟充值/通讯,虚拟充值/通讯,0,,,12,2026-03-20 16:35:26,2026-03-20 16:35:26,2026-03-20 16:35:26
3801,2020-02-14,5.2,人际关系,旧账导入-2020,支出,社交,社交,0,,,12,2026-03-20 16:35:26,2026-03-20 16:35:26,2026-03-20 16:35:26
3800,2020-02-13,1.0,APP付费,旧账导入-2020,支出,虚拟充值/通讯,虚拟充值/通讯,0,,,12,2026-03-20 16:35:26,2026-03-20 16:35:26,2026-03-20 16:35:26
3799,2020-02-10,40.8,骑行配件,旧账导入-2020,支出,生活支出,生活支出,0,,,12,2026-03-20 16:35:26,2026-03-20 16:35:26,2026-03-20 16:35:26
3798,2020-02-08,23.0,快递,旧账导入-2020,支出,生活支出,生活支出,0,,,12,2026-03-20 16:35:26,2026-03-20 16:35:26,2026-03-20 16:35:26
3797,2020-02-08,88.3,餐饮美食,旧账导入-2020,支出,食品饮料,食品饮料,0,,,12,2026-03-20 16:35:26,2026-03-20 16:35:26,2026-03-20 16:35:26
3796,2020-02-07,9.0,知乎会员,旧账导入-2020,支出,虚拟充值/通讯,虚拟充值/通讯,0,,,12,2026-03-20 16:35:26,2026-03-20 16:35:26,2026-03-20 16:35:26
3795,2020-02-04,98.0,小黄人音箱,旧账导入-2020,支出,生活支出,生活支出,0,,,12,2026-03-20 16:35:26,2026-03-20 16:35:26,2026-03-20 16:35:26
3794,2020-02-03,16.15,生活购物,旧账导入-2020,支出,生活支出,生活支出,0,,,12,2026-03-20 16:35:26,2026-03-20 16:35:26,2026-03-20 16:35:26
3793,2020-02-02,424.8,骑行等,旧账导入-2020,支出,生活支出,生活支出,0,,,12,2026-03-20 16:35:26,2026-03-20 16:35:26,2026-03-20 16:35:26
3792,2020-01-09,145.0,交通出行,旧账导入-2020,支出,交通,交通,0,,,12,2026-03-20 16:35:26,2026-03-20 16:35:26,2026-03-20 16:35:26
3791,2020-01-09,11.0,晚餐,旧账导入-2020,支出,食品饮料,食品饮料,0,,,12,2026-03-20 16:35:26,2026-03-20 16:35:26,2026-03-20 16:35:26
3790,2020-01-09,12.0,午餐,旧账导入-2020,支出,食品饮料,食品饮料,0,,,12,2026-03-20 16:35:26,2026-03-20 16:35:26,2026-03-20 16:35:26
3789,2020-01-08,29.0,晚餐,旧账导入-2020,支出,食品饮料,食品饮料,0,,,12,2026-03-20 16:35:26,2026-03-20 16:35:26,2026-03-20 16:35:26
3788,2020-01-07,3.0,洗衣服,旧账导入-2020,支出,生活支出,生活支出,0,,,12,2026-03-20 16:35:26,2026-03-20 16:35:26,2026-03-20 16:35:26
3787,2020-01-07,34.0,晚餐,旧账导入-2020,支出,食品饮料,食品饮料,0,,,12,2026-03-20 16:35:26,2026-03-20 16:35:26,2026-03-20 16:35:26
3786,2020-01-07,12.0,午餐,旧账导入-2020,支出,食品饮料,食品饮料,0,,,12,2026-03-20 16:35:26,2026-03-20 16:35:26,2026-03-20 16:35:26
3785,2020-01-06,5.5,退票手续费,旧账导入-2020,支出,交通,交通,0,,,12,2026-03-20 16:35:26,2026-03-20 16:35:26,2026-03-20 16:35:26
3784,2020-01-06,48.63,餐饮美食,旧账导入-2020,支出,食品饮料,食品饮料,0,,,12,2026-03-20 16:35:26,2026-03-20 16:35:26,2026-03-20 16:35:26
3783,2020-01-06,22.0,晚餐,旧账导入-2020,支出,食品饮料,食品饮料,0,,,12,2026-03-20 16:35:26,2026-03-20 16:35:26,2026-03-20 16:35:26
3782,2020-01-06,10.0,午餐,旧账导入-2020,支出,食品饮料,食品饮料,0,,,12,2026-03-20 16:35:26,2026-03-20 16:35:26,2026-03-20 16:35:26
3781,2020-01-05,15.0,唱歌,旧账导入-2020,支出,娱乐/运动,娱乐/运动,0,,,12,2026-03-20 16:35:26,2026-03-20 16:35:26,2026-03-20 16:35:26
3780,2020-01-05,12.0,晚餐,旧账导入-2020,支出,食品饮料,食品饮料,0,,,12,2026-03-20 16:35:26,2026-03-20 16:35:26,2026-03-20 16:35:26
3779,2020-01-05,28.0,午餐,旧账导入-2020,支出,食品饮料,食品饮料,0,,,12,2026-03-20 16:35:26,2026-03-20 16:35:26,2026-03-20 16:35:26
3778,2020-01-04,7.5,晚餐,旧账导入-2020,支出,食品饮料,食品饮料,0,,,12,2026-03-20 16:35:26,2026-03-20 16:35:26,2026-03-20 16:35:26
3777,2020-01-04,6.2,早餐,旧账导入-2020,支出,食品饮料,食品饮料,0,,,12,2026-03-20 16:35:26,2026-03-20 16:35:26,2026-03-20 16:35:26
3776,2020-01-03,8.0,寄快递,旧账导入-2020,支出,生活支出,生活支出,0,,,12,2026-03-20 16:35:26,2026-03-20 16:35:26,2026-03-20 16:35:26
3775,2020-01-03,6.0,游戏充值,旧账导入-2020,支出,虚拟充值/通讯,虚拟充值/通讯,0,,,12,2026-03-20 16:35:26,2026-03-20 16:35:26,2026-03-20 16:35:26
3774,2020-01-03,17.0,晚餐,旧账导入-2020,支出,食品饮料,食品饮料,0,,,12,2026-03-20 16:35:26,2026-03-20 16:35:26,2026-03-20 16:35:26
3773,2020-01-03,12.0,午餐,旧账导入-2020,支出,食品饮料,食品饮料,0,,,12,2026-03-20 16:35:26,2026-03-20 16:35:26,2026-03-20 16:35:26
3772,2020-01-02,50.0,交通卡,旧账导入-2020,支出,交通,交通,0,,,12,2026-03-20 16:35:26,2026-03-20 16:35:26,2026-03-20 16:35:26
3771,2020-01-02,12.0,晚餐,旧账导入-2020,支出,食品饮料,食品饮料,0,,,12,2026-03-20 16:35:26,2026-03-20 16:35:26,2026-03-20 16:35:26
3770,2020-01-02,13.0,午餐,旧账导入-2020,支出,食品饮料,食品饮料,0,,,12,2026-03-20 16:35:26,2026-03-20 16:35:26,2026-03-20 16:35:26
3769,2020-01-01,1.45,文印,旧账导入-2020,支出,学习/培训/办公,学习/培训/办公,0,,,12,2026-03-20 16:35:26,2026-03-20 16:35:26,2026-03-20 16:35:26
3768,2020-01-01,50.0,交通卡,旧账导入-2020,支出,交通,交通,0,,,12,2026-03-20 16:35:26,2026-03-20 16:35:26,2026-03-20 16:35:26
3767,2020-01-01,11.5,晚餐,旧账导入-2020,支出,食品饮料,食品饮料,0,,,12,2026-03-20 16:35:26,2026-03-20 16:35:26,2026-03-20 16:35:26
